$ xcrun simctl list devices available -j
{
  "devices" : {
    "com.apple.CoreSimulator.SimRuntime.iOS-26-4" : [
      {
        "lastBootedAt" : "2026-05-11T15:38:59Z",
        "dataPath" : "\/Users\/apple\/Library\/Developer\/CoreSimulator\/Devices\/ED28D495-6739-4CA7-89D6-D17036CDE6A8\/data",
        "dataPathSize" : 1937997824,
        "logPath" : "\/Users\/apple\/Library\/Logs\/CoreSimulator\/ED28D495-6739-4CA7-89D6-D17036CDE6A8",
        "udid" : "ED28D495-6739-4CA7-89D6-D17036CDE6A8",
        "isAvailable" : true,
        "logPathSize" : 270336,
        "deviceTypeIdentifier" : "com.apple.CoreSimulator.SimDeviceType.iPhone-17-Pro",
        "state" : "Shutdown",
        "name" : "iPhone 17 Pro"
      },
      {
        "lastBootedAt" : "2026-05-14T17:49:09Z",
        "dataPath" : "\/Users\/apple\/Library\/Developer\/CoreSimulator\/Devices\/1A663D5C-DA01-4514-9D26-47CBA1C20D89\/data",
        "dataPathSize" : 1590325248,
        "logPath" : "\/Users\/apple\/Library\/Logs\/CoreSimulator\/1A663D5C-DA01-4514-9D26-47CBA1C20D89",
        "udid" : "1A663D5C-DA01-4514-9D26-47CBA1C20D89",
        "isAvailable" : true,
        "logPathSize" : 176128,
        "deviceTypeIdentifier" : "com.apple.CoreSimulator.SimDeviceType.iPhone-17-Pro-Max",
        "state" : "Booted",
        "name" : "iPhone 17 Pro Max"
      },
      {
        "dataPath" : "\/Users\/apple\/Library\/Developer\/CoreSimulator\/Devices\/34663D60-CEBC-4089-AF04-BA6D65034404\/data",
        "dataPathSize" : 18337792,
        "logPath" : "\/Users\/apple\/Library\/Logs\/CoreSimulator\/34663D60-CEBC-4089-AF04-BA6D65034404",
        "udid" : "34663D60-CEBC-4089-AF04-BA6D65034404",
        "isAvailable" : true,
        "deviceTypeIdentifier" : "com.apple.CoreSimulator.SimDeviceType.iPhone-17e",
        "state" : "Shutdown",
        "name" : "iPhone 17e"
      },
      {
        "dataPath" : "\/Users\/apple\/Library\/Developer\/CoreSimulator\/Devices\/684526A5-E4BD-4DEC-9364-476DD992636D\/data",
        "dataPathSize" : 18337792,
        "logPath" : "\/Users\/apple\/Library\/Logs\/CoreSimulator\/684526A5-E4BD-4DEC-9364-476DD992636D",
        "udid" : "684526A5-E4BD-4DEC-9364-476DD992636D",
        "isAvailable" : true,
        "deviceTypeIdentifier" : "com.apple.CoreSimulator.SimDeviceType.iPhone-Air",
        "state" : "Shutdown",
        "name" : "iPhone Air"
      },
      {
        "dataPath" : "\/Users\/apple\/Library\/Developer\/CoreSimulator\/Devices\/10FCE533-E08C-404B-9D84-1CA4B89392D0\/data",
        "dataPathSize" : 18337792,
        "logPath" : "\/Users\/apple\/Library\/Logs\/CoreSimulator\/10FCE533-E08C-404B-9D84-1CA4B89392D0",
        "udid" : "10FCE533-E08C-404B-9D84-1CA4B89392D0",
        "isAvailable" : true,
        "deviceTypeIdentifier" : "com.apple.CoreSimulator.SimDeviceType.iPhone-17",
        "state" : "Shutdown",
        "name" : "iPhone 17"
      },
      {
        "dataPath" : "\/Users\/apple\/Library\/Developer\/CoreSimulator\/Devices\/C844D453-D846-4E75-B6B8-250A4B7EB8E0\/data",
        "dataPathSize" : 18337792,
        "logPath" : "\/Users\/apple\/Library\/Logs\/CoreSimulator\/C844D453-D846-4E75-B6B8-250A4B7EB8E0",
        "udid" : "C844D453-D846-4E75-B6B8-250A4B7EB8E0",
        "isAvailable" : true,
        "deviceTypeIdentifier" : "com.apple.CoreSimulator.SimDeviceType.iPad-Pro-13-inch-M5-12GB",
        "state" : "Shutdown",
        "name" : "iPad Pro 13-inch (M5)"
      },
      {
        "dataPath" : "\/Users\/apple\/Library\/Developer\/CoreSimulator\/Devices\/A47F1FBD-1C94-43EC-8476-F0C41AE6389E\/data",
        "dataPathSize" : 18337792,
        "logPath" : "\/Users\/apple\/Library\/Logs\/CoreSimulator\/A47F1FBD-1C94-43EC-8476-F0C41AE6389E",
        "udid" : "A47F1FBD-1C94-43EC-8476-F0C41AE6389E",
        "isAvailable" : true,
        "deviceTypeIdentifier" : "com.apple.CoreSimulator.SimDeviceType.iPad-Pro-11-inch-M5-12GB",
        "state" : "Shutdown",
        "name" : "iPad Pro 11-inch (M5)"
      },
      {
        "dataPath" : "\/Users\/apple\/Library\/Developer\/CoreSimulator\/Devices\/3C0DF531-3639-4C5F-81CF-29095D4372B3\/data",
        "dataPathSize" : 18337792,
        "logPath" : "\/Users\/apple\/Library\/Logs\/CoreSimulator\/3C0DF531-3639-4C5F-81CF-29095D4372B3",
        "udid" : "3C0DF531-3639-4C5F-81CF-29095D4372B3",
        "isAvailable" : true,
        "deviceTypeIdentifier" : "com.apple.CoreSimulator.SimDeviceType.iPad-mini-A17-Pro",
        "state" : "Shutdown",
        "name" : "iPad mini (A17 Pro)"
      },
      {
        "dataPath" : "\/Users\/apple\/Library\/Developer\/CoreSimulator\/Devices\/AE01B48B-16F1-465E-8B93-41AD91352BE3\/data",
        "dataPathSize" : 18337792,
        "logPath" : "\/Users\/apple\/Library\/Logs\/CoreSimulator\/AE01B48B-16F1-465E-8B93-41AD91352BE3",
        "udid" : "AE01B48B-16F1-465E-8B93-41AD91352BE3",
        "isAvailable" : true,
        "deviceTypeIdentifier" : "com.apple.CoreSimulator.SimDeviceType.iPad-Air-13-inch-M4",
        "state" : "Shutdown",
        "name" : "iPad Air 13-inch (M4)"
      },
      {
        "dataPath" : "\/Users\/apple\/Library\/Developer\/CoreSimulator\/Devices\/C327B3F5-00B1-431F-8851-38C78B702C0C\/data",
        "dataPathSize" : 18337792,
        "logPath" : "\/Users\/apple\/Library\/Logs\/CoreSimulator\/C327B3F5-00B1-431F-8851-38C78B702C0C",
        "udid" : "C327B3F5-00B1-431F-8851-38C78B702C0C",
        "isAvailable" : true,
        "deviceTypeIdentifier" : "com.apple.CoreSimulator.SimDeviceType.iPad-Air-11-inch-M4",
        "state" : "Shutdown",
        "name" : "iPad Air 11-inch (M4)"
      },
      {
        "dataPath" : "\/Users\/apple\/Library\/Developer\/CoreSimulator\/Devices\/87752D61-7722-4FCF-9A2E-9D9AB7B0E5D5\/data",
        "dataPathSize" : 18337792,
        "logPath" : "\/Users\/apple\/Library\/Logs\/CoreSimulator\/87752D61-7722-4FCF-9A2E-9D9AB7B0E5D5",
        "udid" : "87752D61-7722-4FCF-9A2E-9D9AB7B0E5D5",
        "isAvailable" : true,
        "deviceTypeIdentifier" : "com.apple.CoreSimulator.SimDeviceType.iPad-A16",
        "state" : "Shutdown",
        "name" : "iPad (A16)"
      }
    ],
    "com.apple.CoreSimulator.SimRuntime.xrOS-2-5" : [
      {
        "dataPath" : "\/Users\/apple\/Library\/Developer\/CoreSimulator\/Devices\/B319B778-F57E-422A-AD1F-1C89627190E7\/data",
        "dataPathSize" : 4096,
        "logPath" : "\/Users\/apple\/Library\/Logs\/CoreSimulator\/B319B778-F57E-422A-AD1F-1C89627190E7",
        "udid" : "B319B778-F57E-422A-AD1F-1C89627190E7",
        "isAvailable" : true,
        "deviceTypeIdentifier" : "com.apple.CoreSimulator.SimDeviceType.Apple-Vision-Pro",
        "state" : "Shutdown",
        "name" : "Apple Vision Pro"
      }
    ],
    "com.apple.CoreSimulator.SimRuntime.xrOS-26-0" : [
      {
        "dataPath" : "\/Users\/apple\/Library\/Developer\/CoreSimulator\/Devices\/1302710A-6C2A-4639-A607-58A1DCBCA388\/data",
        "dataPathSize" : 4096,
        "logPath" : "\/Users\/apple\/Library\/Logs\/CoreSimulator\/1302710A-6C2A-4639-A607-58A1DCBCA388",
        "udid" : "1302710A-6C2A-4639-A607-58A1DCBCA388",
        "isAvailable" : true,
        "deviceTypeIdentifier" : "com.apple.CoreSimulator.SimDeviceType.Apple-Vision-Pro-4K",
        "state" : "Shutdown",
        "name" : "Apple Vision Pro"
      }
    ],
    "com.apple.CoreSimulator.SimRuntime.iOS-18-5" : [
      {
        "lastBootedAt" : "2025-08-31T07:04:01Z",
        "dataPath" : "\/Users\/apple\/Library\/Developer\/CoreSimulator\/Devices\/2421B689-F83C-4AC9-965C-64E68E3C1257\/data",
        "dataPathSize" : 18337792,
        "logPath" : "\/Users\/apple\/Library\/Logs\/CoreSimulator\/2421B689-F83C-4AC9-965C-64E68E3C1257",
        "udid" : "2421B689-F83C-4AC9-965C-64E68E3C1257",
        "isAvailable" : true,
        "deviceTypeIdentifier" : "com.apple.CoreSimulator.SimDeviceType.iPhone-16-Pro",
        "state" : "Shutdown",
        "name" : "iPhone 16 Pro"
      },
      {
        "dataPath" : "\/Users\/apple\/Library\/Developer\/CoreSimulator\/Devices\/F15D7972-12AB-4A61-99DC-653E02F2C517\/data",
        "dataPathSize" : 18337792,
        "logPath" : "\/Users\/apple\/Library\/Logs\/CoreSimulator\/F15D7972-12AB-4A61-99DC-653E02F2C517",
        "udid" : "F15D7972-12AB-4A61-99DC-653E02F2C517",
        "isAvailable" : true,
        "deviceTypeIdentifier" : "com.apple.CoreSimulator.SimDeviceType.iPhone-16-Pro-Max",
        "state" : "Shutdown",
        "name" : "iPhone 16 Pro Max"
      },
      {
        "lastBootedAt" : "2025-09-01T12:11:19Z",
        "dataPath" : "\/Users\/apple\/Library\/Developer\/CoreSimulator\/Devices\/D831F0D2-7053-4BC4-99F4-FC06280C7C98\/data",
        "dataPathSize" : 18337792,
        "logPath" : "\/Users\/apple\/Library\/Logs\/CoreSimulator\/D831F0D2-7053-4BC4-99F4-FC06280C7C98",
        "udid" : "D831F0D2-7053-4BC4-99F4-FC06280C7C98",
        "isAvailable" : true,
        "deviceTypeIdentifier" : "com.apple.CoreSimulator.SimDeviceType.iPhone-16e",
        "state" : "Shutdown",
        "name" : "iPhone 16e"
      },
      {
        "lastBootedAt" : "2026-01-08T15:26:00Z",
        "dataPath" : "\/Users\/apple\/Library\/Developer\/CoreSimulator\/Devices\/62D9E3B5-F864-4759-BB07-606FF79A1871\/data",
        "dataPathSize" : 1829732352,
        "logPath" : "\/Users\/apple\/Library\/Logs\/CoreSimulator\/62D9E3B5-F864-4759-BB07-606FF79A1871",
        "udid" : "62D9E3B5-F864-4759-BB07-606FF79A1871",
        "isAvailable" : true,
        "logPathSize" : 270336,
        "deviceTypeIdentifier" : "com.apple.CoreSimulator.SimDeviceType.iPhone-16",
        "state" : "Shutdown",
        "name" : "iPhone 16"
      },
      {
        "dataPath" : "\/Users\/apple\/Library\/Developer\/CoreSimulator\/Devices\/B6C9B210-E26A-421C-9337-153C71C35057\/data",
        "dataPathSize" : 18337792,
        "logPath" : "\/Users\/apple\/Library\/Logs\/CoreSimulator\/B6C9B210-E26A-421C-9337-153C71C35057",
        "udid" : "B6C9B210-E26A-421C-9337-153C71C35057",
        "isAvailable" : true,
        "deviceTypeIdentifier" : "com.apple.CoreSimulator.SimDeviceType.iPhone-16-Plus",
        "state" : "Shutdown",
        "name" : "iPhone 16 Plus"
      },
      {
        "dataPath" : "\/Users\/apple\/Library\/Developer\/CoreSimulator\/Devices\/569DA267-262D-4BD3-9C8D-12250BB876AF\/data",
        "dataPathSize" : 18337792,
        "logPath" : "\/Users\/apple\/Library\/Logs\/CoreSimulator\/569DA267-262D-4BD3-9C8D-12250BB876AF",
        "udid" : "569DA267-262D-4BD3-9C8D-12250BB876AF",
        "isAvailable" : true,
        "deviceTypeIdentifier" : "com.apple.CoreSimulator.SimDeviceType.iPad-Pro-11-inch-M4-8GB",
        "state" : "Shutdown",
        "name" : "iPad Pro 11-inch (M4)"
      },
      {
        "dataPath" : "\/Users\/apple\/Library\/Developer\/CoreSimulator\/Devices\/5A8DA047-EEA5-4705-84AF-18FF318819DE\/data",
        "dataPathSize" : 18337792,
        "logPath" : "\/Users\/apple\/Library\/Logs\/CoreSimulator\/5A8DA047-EEA5-4705-84AF-18FF318819DE",
        "udid" : "5A8DA047-EEA5-4705-84AF-18FF318819DE",
        "isAvailable" : true,
        "deviceTypeIdentifier" : "com.apple.CoreSimulator.SimDeviceType.iPad-Pro-13-inch-M4-8GB",
        "state" : "Shutdown",
        "name" : "iPad Pro 13-inch (M4)"
      },
      {
        "dataPath" : "\/Users\/apple\/Library\/Developer\/CoreSimulator\/Devices\/4306839E-4260-47F1-9704-9C973CB1F114\/data",
        "dataPathSize" : 18337792,
        "logPath" : "\/Users\/apple\/Library\/Logs\/CoreSimulator\/4306839E-4260-47F1-9704-9C973CB1F114",
        "udid" : "4306839E-4260-47F1-9704-9C973CB1F114",
        "isAvailable" : true,
        "deviceTypeIdentifier" : "com.apple.CoreSimulator.SimDeviceType.iPad-mini-A17-Pro",
        "state" : "Shutdown",
        "name" : "iPad mini (A17 Pro)"
      },
      {
        "lastBootedAt" : "2025-09-05T10:22:14Z",
        "dataPath" : "\/Users\/apple\/Library\/Developer\/CoreSimulator\/Devices\/D1794E02-86AE-41F4-8575-0EEDA8265916\/data",
        "dataPathSize" : 18337792,
        "logPath" : "\/Users\/apple\/Library\/Logs\/CoreSimulator\/D1794E02-86AE-41F4-8575-0EEDA8265916",
        "udid" : "D1794E02-86AE-41F4-8575-0EEDA8265916",
        "isAvailable" : true,
        "deviceTypeIdentifier" : "com.apple.CoreSimulator.SimDeviceType.iPad-A16",
        "state" : "Shutdown",
        "name" : "iPad (A16)"
      },
      {
        "dataPath" : "\/Users\/apple\/Library\/Developer\/CoreSimulator\/Devices\/80EDFA61-0E26-40DF-ABF2-51CA38E48388\/data",
        "dataPathSize" : 18337792,
        "logPath" : "\/Users\/apple\/Library\/Logs\/CoreSimulator\/80EDFA61-0E26-40DF-ABF2-51CA38E48388",
        "udid" : "80EDFA61-0E26-40DF-ABF2-51CA38E48388",
        "isAvailable" : true,
        "deviceTypeIdentifier" : "com.apple.CoreSimulator.SimDeviceType.iPad-Air-13-inch-M3",
        "state" : "Shutdown",
        "name" : "iPad Air 13-inch (M3)"
      },
      {
        "dataPath" : "\/Users\/apple\/Library\/Developer\/CoreSimulator\/Devices\/0550D3DA-A175-403A-8D83-2832E014E120\/data",
        "dataPathSize" : 18337792,
        "logPath" : "\/Users\/apple\/Library\/Logs\/CoreSimulator\/0550D3DA-A175-403A-8D83-2832E014E120",
        "udid" : "0550D3DA-A175-403A-8D83-2832E014E120",
        "isAvailable" : true,
        "deviceTypeIdentifier" : "com.apple.CoreSimulator.SimDeviceType.iPad-Air-11-inch-M3",
        "state" : "Shutdown",
        "name" : "iPad Air 11-inch (M3)"
      }
    ],
    "com.apple.CoreSimulator.SimRuntime.tvOS-26-0" : [
      {
        "dataPath" : "\/Users\/apple\/Library\/Developer\/CoreSimulator\/Devices\/402FD4A5-3553-4A7D-A916-64B4B721F6E4\/data",
        "dataPathSize" : 4096,
        "logPath" : "\/Users\/apple\/Library\/Logs\/CoreSimulator\/402FD4A5-3553-4A7D-A916-64B4B721F6E4",
        "udid" : "402FD4A5-3553-4A7D-A916-64B4B721F6E4",
        "isAvailable" : true,
        "deviceTypeIdentifier" : "com.apple.CoreSimulator.SimDeviceType.Apple-TV-4K-3rd-generation-4K",
        "state" : "Shutdown",
        "name" : "Apple TV 4K (3rd generation)"
      },
      {
        "dataPath" : "\/Users\/apple\/Library\/Developer\/CoreSimulator\/Devices\/B29242CC-EB0E-4565-8CC3-BE682BE6A6F3\/data",
        "dataPathSize" : 4096,
        "logPath" : "\/Users\/apple\/Library\/Logs\/CoreSimulator\/B29242CC-EB0E-4565-8CC3-BE682BE6A6F3",
        "udid" : "B29242CC-EB0E-4565-8CC3-BE682BE6A6F3",
        "isAvailable" : true,
        "deviceTypeIdentifier" : "com.apple.CoreSimulator.SimDeviceType.Apple-TV-4K-3rd-generation-1080p",
        "state" : "Shutdown",
        "name" : "Apple TV 4K (3rd generation) (at 1080p)"
      },
      {
        "dataPath" : "\/Users\/apple\/Library\/Developer\/CoreSimulator\/Devices\/D219EC69-465E-45A7-9DC0-83B0C70125F9\/data",
        "dataPathSize" : 4096,
        "logPath" : "\/Users\/apple\/Library\/Logs\/CoreSimulator\/D219EC69-465E-45A7-9DC0-83B0C70125F9",
        "udid" : "D219EC69-465E-45A7-9DC0-83B0C70125F9",
        "isAvailable" : true,
        "deviceTypeIdentifier" : "com.apple.CoreSimulator.SimDeviceType.Apple-TV-1080p",
        "state" : "Shutdown",
        "name" : "Apple TV"
      }
    ],
    "com.apple.CoreSimulator.SimRuntime.iOS-26-0" : [
      {
        "lastBootedAt" : "2026-03-23T02:14:36Z",
        "dataPath" : "\/Users\/apple\/Library\/Developer\/CoreSimulator\/Devices\/B4CEA852-8790-4E29-8761-211513EAFDD6\/data",
        "dataPathSize" : 1894600704,
        "logPath" : "\/Users\/apple\/Library\/Logs\/CoreSimulator\/B4CEA852-8790-4E29-8761-211513EAFDD6",
        "udid" : "B4CEA852-8790-4E29-8761-211513EAFDD6",
        "isAvailable" : true,
        "logPathSize" : 266240,
        "deviceTypeIdentifier" : "com.apple.CoreSimulator.SimDeviceType.iPhone-17-Pro",
        "state" : "Shutdown",
        "name" : "iPhone 17 Pro"
      },
      {
        "lastBootedAt" : "2026-05-12T04:32:30Z",
        "dataPath" : "\/Users\/apple\/Library\/Developer\/CoreSimulator\/Devices\/594F133C-DAE4-46DF-A4C0-4219B2D907CA\/data",
        "dataPathSize" : 1745649664,
        "logPath" : "\/Users\/apple\/Library\/Logs\/CoreSimulator\/594F133C-DAE4-46DF-A4C0-4219B2D907CA",
        "udid" : "594F133C-DAE4-46DF-A4C0-4219B2D907CA",
        "isAvailable" : true,
        "logPathSize" : 413696,
        "deviceTypeIdentifier" : "com.apple.CoreSimulator.SimDeviceType.iPhone-17-Pro-Max",
        "state" : "Shutdown",
        "name" : "iPhone 17 Pro Max"
      },
      {
        "lastBootedAt" : "2026-03-27T14:44:46Z",
        "dataPath" : "\/Users\/apple\/Library\/Developer\/CoreSimulator\/Devices\/ECFA8767-0A7F-47FD-AE0C-757A4641F848\/data",
        "dataPathSize" : 2413125632,
        "logPath" : "\/Users\/apple\/Library\/Logs\/CoreSimulator\/ECFA8767-0A7F-47FD-AE0C-757A4641F848",
        "udid" : "ECFA8767-0A7F-47FD-AE0C-757A4641F848",
        "isAvailable" : true,
        "logPathSize" : 356352,
        "deviceTypeIdentifier" : "com.apple.CoreSimulator.SimDeviceType.iPhone-Air",
        "state" : "Shutdown",
        "name" : "iPhone Air"
      },
      {
        "dataPath" : "\/Users\/apple\/Library\/Developer\/CoreSimulator\/Devices\/5394862B-6523-4DF6-B518-45768AC1942C\/data",
        "dataPathSize" : 18337792,
        "logPath" : "\/Users\/apple\/Library\/Logs\/CoreSimulator\/5394862B-6523-4DF6-B518-45768AC1942C",
        "udid" : "5394862B-6523-4DF6-B518-45768AC1942C",
        "isAvailable" : true,
        "deviceTypeIdentifier" : "com.apple.CoreSimulator.SimDeviceType.iPhone-17",
        "state" : "Shutdown",
        "name" : "iPhone 17"
      },
      {
        "lastBootedAt" : "2026-04-29T18:04:41Z",
        "dataPath" : "\/Users\/apple\/Library\/Developer\/CoreSimulator\/Devices\/0E42DB53-6C85-4225-B3D0-128FF612487F\/data",
        "dataPathSize" : 1950838784,
        "logPath" : "\/Users\/apple\/Library\/Logs\/CoreSimulator\/0E42DB53-6C85-4225-B3D0-128FF612487F",
        "udid" : "0E42DB53-6C85-4225-B3D0-128FF612487F",
        "isAvailable" : true,
        "logPathSize" : 389120,
        "deviceTypeIdentifier" : "com.apple.CoreSimulator.SimDeviceType.iPhone-16-Pro",
        "state" : "Shutdown",
        "name" : "iPhone 16 Pro"
      },
      {
        "dataPath" : "\/Users\/apple\/Library\/Developer\/CoreSimulator\/Devices\/7795D491-8E67-4783-A704-8442CB9CF61C\/data",
        "dataPathSize" : 18337792,
        "logPath" : "\/Users\/apple\/Library\/Logs\/CoreSimulator\/7795D491-8E67-4783-A704-8442CB9CF61C",
        "udid" : "7795D491-8E67-4783-A704-8442CB9CF61C",
        "isAvailable" : true,
        "deviceTypeIdentifier" : "com.apple.CoreSimulator.SimDeviceType.iPhone-16-Pro-Max",
        "state" : "Shutdown",
        "name" : "iPhone 16 Pro Max"
      },
      {
        "lastBootedAt" : "2025-09-20T18:07:31Z",
        "dataPath" : "\/Users\/apple\/Library\/Developer\/CoreSimulator\/Devices\/2353C63E-5E27-4133-9ED9-BCAD547AE571\/data",
        "dataPathSize" : 18337792,
        "logPath" : "\/Users\/apple\/Library\/Logs\/CoreSimulator\/2353C63E-5E27-4133-9ED9-BCAD547AE571",
        "udid" : "2353C63E-5E27-4133-9ED9-BCAD547AE571",
        "isAvailable" : true,
        "deviceTypeIdentifier" : "com.apple.CoreSimulator.SimDeviceType.iPhone-16e",
        "state" : "Shutdown",
        "name" : "iPhone 16e"
      },
      {
        "lastBootedAt" : "2025-11-01T16:54:28Z",
        "dataPath" : "\/Users\/apple\/Library\/Developer\/CoreSimulator\/Devices\/EA4099AA-E3BC-4243-9FC2-B6652486767E\/data",
        "dataPathSize" : 2051293184,
        "logPath" : "\/Users\/apple\/Library\/Logs\/CoreSimulator\/EA4099AA-E3BC-4243-9FC2-B6652486767E",
        "udid" : "EA4099AA-E3BC-4243-9FC2-B6652486767E",
        "isAvailable" : true,
        "logPathSize" : 266240,
        "deviceTypeIdentifier" : "com.apple.CoreSimulator.SimDeviceType.iPhone-16",
        "state" : "Shutdown",
        "name" : "iPhone 16"
      },
      {
        "lastBootedAt" : "2026-05-11T17:30:49Z",
        "dataPath" : "\/Users\/apple\/Library\/Developer\/CoreSimulator\/Devices\/A4392414-4264-45A5-9F24-06BC339EAA7F\/data",
        "dataPathSize" : 5104508928,
        "logPath" : "\/Users\/apple\/Library\/Logs\/CoreSimulator\/A4392414-4264-45A5-9F24-06BC339EAA7F",
        "udid" : "A4392414-4264-45A5-9F24-06BC339EAA7F",
        "isAvailable" : true,
        "logPathSize" : 884736,
        "deviceTypeIdentifier" : "com.apple.CoreSimulator.SimDeviceType.iPhone-16-Plus",
        "state" : "Shutdown",
        "name" : "iPhone 16 Plus"
      },
      {
        "dataPath" : "\/Users\/apple\/Library\/Developer\/CoreSimulator\/Devices\/EF154E3C-55ED-49A5-A399-9EBA54841D18\/data",
        "dataPathSize" : 18337792,
        "logPath" : "\/Users\/apple\/Library\/Logs\/CoreSimulator\/EF154E3C-55ED-49A5-A399-9EBA54841D18",
        "udid" : "EF154E3C-55ED-49A5-A399-9EBA54841D18",
        "isAvailable" : true,
        "deviceTypeIdentifier" : "com.apple.CoreSimulator.SimDeviceType.iPad-Pro-13-inch-M5-12GB",
        "state" : "Shutdown",
        "name" : "iPad Pro 13-inch (M5)"
      },
      {
        "dataPath" : "\/Users\/apple\/Library\/Developer\/CoreSimulator\/Devices\/809E0A85-FE98-48CA-9683-F2B036E3DDF0\/data",
        "dataPathSize" : 18337792,
        "logPath" : "\/Users\/apple\/Library\/Logs\/CoreSimulator\/809E0A85-FE98-48CA-9683-F2B036E3DDF0",
        "udid" : "809E0A85-FE98-48CA-9683-F2B036E3DDF0",
        "isAvailable" : true,
        "deviceTypeIdentifier" : "com.apple.CoreSimulator.SimDeviceType.iPad-Pro-11-inch-M5-12GB",
        "state" : "Shutdown",
        "name" : "iPad Pro 11-inch (M5)"
      },
      {
        "dataPath" : "\/Users\/apple\/Library\/Developer\/CoreSimulator\/Devices\/4FECCDCF-6879-4C77-8350-668A3BEBB070\/data",
        "dataPathSize" : 18337792,
        "logPath" : "\/Users\/apple\/Library\/Logs\/CoreSimulator\/4FECCDCF-6879-4C77-8350-668A3BEBB070",
        "udid" : "4FECCDCF-6879-4C77-8350-668A3BEBB070",
        "isAvailable" : true,
        "deviceTypeIdentifier" : "com.apple.CoreSimulator.SimDeviceType.iPad-Pro-11-inch-M4-8GB",
        "state" : "Shutdown",
        "name" : "iPad Pro 11-inch (M4)"
      },
      {
        "lastBootedAt" : "2025-08-23T03:36:38Z",
        "dataPath" : "\/Users\/apple\/Library\/Developer\/CoreSimulator\/Devices\/5CF30008-5B27-4E1A-B2DE-5F2BFB7C62BD\/data",
        "dataPathSize" : 18337792,
        "logPath" : "\/Users\/apple\/Library\/Logs\/CoreSimulator\/5CF30008-5B27-4E1A-B2DE-5F2BFB7C62BD",
        "udid" : "5CF30008-5B27-4E1A-B2DE-5F2BFB7C62BD",
        "isAvailable" : true,
        "deviceTypeIdentifier" : "com.apple.CoreSimulator.SimDeviceType.iPad-Pro-13-inch-M4-8GB",
        "state" : "Shutdown",
        "name" : "iPad Pro 13-inch (M4)"
      },
      {
        "dataPath" : "\/Users\/apple\/Library\/Developer\/CoreSimulator\/Devices\/41B1274E-1C63-4B69-AF2D-12CD5CB0E1FA\/data",
        "dataPathSize" : 18337792,
        "logPath" : "\/Users\/apple\/Library\/Logs\/CoreSimulator\/41B1274E-1C63-4B69-AF2D-12CD5CB0E1FA",
        "udid" : "41B1274E-1C63-4B69-AF2D-12CD5CB0E1FA",
        "isAvailable" : true,
        "deviceTypeIdentifier" : "com.apple.CoreSimulator.SimDeviceType.iPad-mini-A17-Pro",
        "state" : "Shutdown",
        "name" : "iPad mini (A17 Pro)"
      },
      {
        "lastBootedAt" : "2026-04-05T10:43:27Z",
        "dataPath" : "\/Users\/apple\/Library\/Developer\/CoreSimulator\/Devices\/47321D96-FFA9-4901-9AD6-E046B8D7A1D0\/data",
        "dataPathSize" : 7279927296,
        "logPath" : "\/Users\/apple\/Library\/Logs\/CoreSimulator\/47321D96-FFA9-4901-9AD6-E046B8D7A1D0",
        "udid" : "47321D96-FFA9-4901-9AD6-E046B8D7A1D0",
        "isAvailable" : true,
        "logPathSize" : 1146880,
        "deviceTypeIdentifier" : "com.apple.CoreSimulator.SimDeviceType.iPad-A16",
        "state" : "Shutdown",
        "name" : "iPad (A16)"
      },
      {
        "dataPath" : "\/Users\/apple\/Library\/Developer\/CoreSimulator\/Devices\/832F0D5B-35FF-47A8-A5A9-AED37D83D49C\/data",
        "dataPathSize" : 18337792,
        "logPath" : "\/Users\/apple\/Library\/Logs\/CoreSimulator\/832F0D5B-35FF-47A8-A5A9-AED37D83D49C",
        "udid" : "832F0D5B-35FF-47A8-A5A9-AED37D83D49C",
        "isAvailable" : true,
        "deviceTypeIdentifier" : "com.apple.CoreSimulator.SimDeviceType.iPad-Air-13-inch-M3",
        "state" : "Shutdown",
        "name" : "iPad Air 13-inch (M3)"
      },
      {
        "dataPath" : "\/Users\/apple\/Library\/Developer\/CoreSimulator\/Devices\/CF0207BF-760B-435D-837F-4FC596465D79\/data",
        "dataPathSize" : 18337792,
        "logPath" : "\/Users\/apple\/Library\/Logs\/CoreSimulator\/CF0207BF-760B-435D-837F-4FC596465D79",
        "udid" : "CF0207BF-760B-435D-837F-4FC596465D79",
        "isAvailable" : true,
        "deviceTypeIdentifier" : "com.apple.CoreSimulator.SimDeviceType.iPad-Air-11-inch-M3",
        "state" : "Shutdown",
        "name" : "iPad Air 11-inch (M3)"
      }
    ],
    "com.apple.CoreSimulator.SimRuntime.watchOS-26-0" : [
      {
        "dataPath" : "\/Users\/apple\/Library\/Developer\/CoreSimulator\/Devices\/C990033A-DA64-4EE9-816A-DFA9AC574F7F\/data",
        "dataPathSize" : 4096,
        "logPath" : "\/Users\/apple\/Library\/Logs\/CoreSimulator\/C990033A-DA64-4EE9-816A-DFA9AC574F7F",
        "udid" : "C990033A-DA64-4EE9-816A-DFA9AC574F7F",
        "isAvailable" : true,
        "deviceTypeIdentifier" : "com.apple.CoreSimulator.SimDeviceType.Apple-Watch-Series-11-46mm",
        "state" : "Shutdown",
        "name" : "Apple Watch Series 11 (46mm)"
      },
      {
        "dataPath" : "\/Users\/apple\/Library\/Developer\/CoreSimulator\/Devices\/45FFCF25-AFEA-4591-9CC8-0F5EBB7F9155\/data",
        "dataPathSize" : 4096,
        "logPath" : "\/Users\/apple\/Library\/Logs\/CoreSimulator\/45FFCF25-AFEA-4591-9CC8-0F5EBB7F9155",
        "udid" : "45FFCF25-AFEA-4591-9CC8-0F5EBB7F9155",
        "isAvailable" : true,
        "deviceTypeIdentifier" : "com.apple.CoreSimulator.SimDeviceType.Apple-Watch-Series-11-42mm",
        "state" : "Shutdown",
        "name" : "Apple Watch Series 11 (42mm)"
      },
      {
        "dataPath" : "\/Users\/apple\/Library\/Developer\/CoreSimulator\/Devices\/FA2F65D6-6EE2-4857-9413-7550591E1FF5\/data",
        "dataPathSize" : 4096,
        "logPath" : "\/Users\/apple\/Library\/Logs\/CoreSimulator\/FA2F65D6-6EE2-4857-9413-7550591E1FF5",
        "udid" : "FA2F65D6-6EE2-4857-9413-7550591E1FF5",
        "isAvailable" : true,
        "deviceTypeIdentifier" : "com.apple.CoreSimulator.SimDeviceType.Apple-Watch-Series-10-46mm",
        "state" : "Shutdown",
        "name" : "Apple Watch Series 10 (46mm)"
      },
      {
        "dataPath" : "\/Users\/apple\/Library\/Developer\/CoreSimulator\/Devices\/0367E82B-CCEB-4F87-A99E-EA6E7BC07C1F\/data",
        "dataPathSize" : 4096,
        "logPath" : "\/Users\/apple\/Library\/Logs\/CoreSimulator\/0367E82B-CCEB-4F87-A99E-EA6E7BC07C1F",
        "udid" : "0367E82B-CCEB-4F87-A99E-EA6E7BC07C1F",
        "isAvailable" : true,
        "deviceTypeIdentifier" : "com.apple.CoreSimulator.SimDeviceType.Apple-Watch-Series-10-42mm",
        "state" : "Shutdown",
        "name" : "Apple Watch Series 10 (42mm)"
      },
      {
        "dataPath" : "\/Users\/apple\/Library\/Developer\/CoreSimulator\/Devices\/928541C1-DB92-456B-85C0-FD67D72E6408\/data",
        "dataPathSize" : 4096,
        "logPath" : "\/Users\/apple\/Library\/Logs\/CoreSimulator\/928541C1-DB92-456B-85C0-FD67D72E6408",
        "udid" : "928541C1-DB92-456B-85C0-FD67D72E6408",
        "isAvailable" : true,
        "deviceTypeIdentifier" : "com.apple.CoreSimulator.SimDeviceType.Apple-Watch-Ultra-3-49mm",
        "state" : "Shutdown",
        "name" : "Apple Watch Ultra 3 (49mm)"
      },
      {
        "dataPath" : "\/Users\/apple\/Library\/Developer\/CoreSimulator\/Devices\/92E80710-00F0-432A-A625-DAE37AF5EB04\/data",
        "dataPathSize" : 4096,
        "logPath" : "\/Users\/apple\/Library\/Logs\/CoreSimulator\/92E80710-00F0-432A-A625-DAE37AF5EB04",
        "udid" : "92E80710-00F0-432A-A625-DAE37AF5EB04",
        "isAvailable" : true,
        "deviceTypeIdentifier" : "com.apple.CoreSimulator.SimDeviceType.Apple-Watch-Ultra-2-49mm",
        "state" : "Shutdown",
        "name" : "Apple Watch Ultra 2 (49mm)"
      },
      {
        "dataPath" : "\/Users\/apple\/Library\/Developer\/CoreSimulator\/Devices\/DBDCAA3B-ECA4-4F75-A527-63F8B31FCE0F\/data",
        "dataPathSize" : 4096,
        "logPath" : "\/Users\/apple\/Library\/Logs\/CoreSimulator\/DBDCAA3B-ECA4-4F75-A527-63F8B31FCE0F",
        "udid" : "DBDCAA3B-ECA4-4F75-A527-63F8B31FCE0F",
        "isAvailable" : true,
        "deviceTypeIdentifier" : "com.apple.CoreSimulator.SimDeviceType.Apple-Watch-SE-3-44mm",
        "state" : "Shutdown",
        "name" : "Apple Watch SE 3 (44mm)"
      },
      {
        "dataPath" : "\/Users\/apple\/Library\/Developer\/CoreSimulator\/Devices\/CC8CE103-F76A-428D-A845-ED8D171C6114\/data",
        "dataPathSize" : 4096,
        "logPath" : "\/Users\/apple\/Library\/Logs\/CoreSimulator\/CC8CE103-F76A-428D-A845-ED8D171C6114",
        "udid" : "CC8CE103-F76A-428D-A845-ED8D171C6114",
        "isAvailable" : true,
        "deviceTypeIdentifier" : "com.apple.CoreSimulator.SimDeviceType.Apple-Watch-SE-3-40mm",
        "state" : "Shutdown",
        "name" : "Apple Watch SE 3 (40mm)"
      },
      {
        "dataPath" : "\/Users\/apple\/Library\/Developer\/CoreSimulator\/Devices\/DB89879D-B7D6-4E6C-8789-FF8512F5898F\/data",
        "dataPathSize" : 4096,
        "logPath" : "\/Users\/apple\/Library\/Logs\/CoreSimulator\/DB89879D-B7D6-4E6C-8789-FF8512F5898F",
        "udid" : "DB89879D-B7D6-4E6C-8789-FF8512F5898F",
        "isAvailable" : true,
        "deviceTypeIdentifier" : "com.apple.CoreSimulator.SimDeviceType.Apple-Watch-SE-44mm-2nd-generation",
        "state" : "Shutdown",
        "name" : "Apple Watch SE (44mm) (2nd generation)"
      },
      {
        "dataPath" : "\/Users\/apple\/Library\/Developer\/CoreSimulator\/Devices\/E503BF68-DFB1-4607-8A20-9BA952F4424C\/data",
        "dataPathSize" : 4096,
        "logPath" : "\/Users\/apple\/Library\/Logs\/CoreSimulator\/E503BF68-DFB1-4607-8A20-9BA952F4424C",
        "udid" : "E503BF68-DFB1-4607-8A20-9BA952F4424C",
        "isAvailable" : true,
        "deviceTypeIdentifier" : "com.apple.CoreSimulator.SimDeviceType.Apple-Watch-SE-40mm-2nd-generation",
        "state" : "Shutdown",
        "name" : "Apple Watch SE (40mm) (2nd generation)"
      }
    ],
    "com.apple.CoreSimulator.SimRuntime.watchOS-11-5" : [
      {
        "dataPath" : "\/Users\/apple\/Library\/Developer\/CoreSimulator\/Devices\/DB0C164A-C993-4591-8471-BD4035572D1B\/data",
        "dataPathSize" : 4096,
        "logPath" : "\/Users\/apple\/Library\/Logs\/CoreSimulator\/DB0C164A-C993-4591-8471-BD4035572D1B",
        "udid" : "DB0C164A-C993-4591-8471-BD4035572D1B",
        "isAvailable" : true,
        "deviceTypeIdentifier" : "com.apple.CoreSimulator.SimDeviceType.Apple-Watch-Series-10-46mm",
        "state" : "Shutdown",
        "name" : "Apple Watch Series 10 (46mm)"
      },
      {
        "dataPath" : "\/Users\/apple\/Library\/Developer\/CoreSimulator\/Devices\/8D8CF13A-F5BB-4966-8275-CFE3D069143C\/data",
        "dataPathSize" : 4096,
        "logPath" : "\/Users\/apple\/Library\/Logs\/CoreSimulator\/8D8CF13A-F5BB-4966-8275-CFE3D069143C",
        "udid" : "8D8CF13A-F5BB-4966-8275-CFE3D069143C",
        "isAvailable" : true,
        "deviceTypeIdentifier" : "com.apple.CoreSimulator.SimDeviceType.Apple-Watch-Series-10-42mm",
        "state" : "Shutdown",
        "name" : "Apple Watch Series 10 (42mm)"
      },
      {
        "dataPath" : "\/Users\/apple\/Library\/Developer\/CoreSimulator\/Devices\/72C2D438-7B9F-45E6-8D48-B2DAA542AB9F\/data",
        "dataPathSize" : 4096,
        "logPath" : "\/Users\/apple\/Library\/Logs\/CoreSimulator\/72C2D438-7B9F-45E6-8D48-B2DAA542AB9F",
        "udid" : "72C2D438-7B9F-45E6-8D48-B2DAA542AB9F",
        "isAvailable" : true,
        "deviceTypeIdentifier" : "com.apple.CoreSimulator.SimDeviceType.Apple-Watch-Ultra-2-49mm",
        "state" : "Shutdown",
        "name" : "Apple Watch Ultra 2 (49mm)"
      },
      {
        "dataPath" : "\/Users\/apple\/Library\/Developer\/CoreSimulator\/Devices\/70C97011-75B9-4C8B-9721-2A7D090E66A0\/data",
        "dataPathSize" : 4096,
        "logPath" : "\/Users\/apple\/Library\/Logs\/CoreSimulator\/70C97011-75B9-4C8B-9721-2A7D090E66A0",
        "udid" : "70C97011-75B9-4C8B-9721-2A7D090E66A0",
        "isAvailable" : true,
        "deviceTypeIdentifier" : "com.apple.CoreSimulator.SimDeviceType.Apple-Watch-SE-44mm-2nd-generation",
        "state" : "Shutdown",
        "name" : "Apple Watch SE (44mm) (2nd generation)"
      },
      {
        "dataPath" : "\/Users\/apple\/Library\/Developer\/CoreSimulator\/Devices\/CA306834-516E-4298-86FC-A59C8BAFCC62\/data",
        "dataPathSize" : 4096,
        "logPath" : "\/Users\/apple\/Library\/Logs\/CoreSimulator\/CA306834-516E-4298-86FC-A59C8BAFCC62",
        "udid" : "CA306834-516E-4298-86FC-A59C8BAFCC62",
        "isAvailable" : true,
        "deviceTypeIdentifier" : "com.apple.CoreSimulator.SimDeviceType.Apple-Watch-SE-40mm-2nd-generation",
        "state" : "Shutdown",
        "name" : "Apple Watch SE (40mm) (2nd generation)"
      }
    ]
  }
}

$ xcodebuild -project /Users/apple/Desktop/【项目的游戏】/deliveries/obr_n_1778781263663_8prq5y/ios-app/LumaSense.xcodeproj -target LumaSense -sdk iphonesimulator -configuration Debug CODE_SIGNING_ALLOWED=NO SYMROOT=/Users/apple/Desktop/【项目的游戏】/deliveries/obr_n_1778781263663_8prq5y/ios-app/build OBJROOT=/Users/apple/Desktop/【项目的游戏】/deliveries/obr_n_1778781263663_8prq5y/ios-app/build build
Command line invocation:
    /Applications/Xcode.app/Contents/Developer/usr/bin/xcodebuild -project "/Users/apple/Desktop/【项目的游戏】/deliveries/obr_n_1778781263663_8prq5y/ios-app/LumaSense.xcodeproj" -target LumaSense -sdk iphonesimulator -configuration Debug CODE_SIGNING_ALLOWED=NO "SYMROOT=/Users/apple/Desktop/【项目的游戏】/deliveries/obr_n_1778781263663_8prq5y/ios-app/build" "OBJROOT=/Users/apple/Desktop/【项目的游戏】/deliveries/obr_n_1778781263663_8prq5y/ios-app/build" build

Build settings from command line:
    CODE_SIGNING_ALLOWED = NO
    OBJROOT = /Users/apple/Desktop/【项目的游戏】/deliveries/obr_n_1778781263663_8prq5y/ios-app/build
    SDKROOT = iphonesimulator26.4
    SYMROOT = /Users/apple/Desktop/【项目的游戏】/deliveries/obr_n_1778781263663_8prq5y/ios-app/build

ComputePackagePrebuildTargetDependencyGraph

Prepare packages

CreateBuildRequest

SendProjectDescription

CreateBuildOperation

ComputeTargetDependencyGraph
note: Building targets in dependency order
note: Target dependency graph (1 target)
    Target 'LumaSense' in project 'LumaSense' (no dependencies)

GatherProvisioningInputs

CreateBuildDescription

ExecuteExternalTool /Applications/Xcode.app/Contents/Developer/Toolchains/XcodeDefault.xctoolchain/usr/bin/clang -v -E -dM -isysroot /Applications/Xcode.app/Contents/Developer/Platforms/iPhoneSimulator.platform/Developer/SDKs/iPhoneSimulator26.4.sdk -x c -c /dev/null

ExecuteExternalTool /Applications/Xcode.app/Contents/Developer/usr/bin/actool --print-asset-tag-combinations --output-format xml1 /Users/apple/Desktop/【项目的游戏】/deliveries/obr_n_1778781263663_8prq5y/ios-app/LumaSense/Assets.xcassets

ExecuteExternalTool /Applications/Xcode.app/Contents/Developer/usr/bin/actool --version --output-format xml1

ExecuteExternalTool /Applications/Xcode.app/Contents/Developer/Toolchains/XcodeDefault.xctoolchain/usr/bin/swiftc --version

ExecuteExternalTool /Applications/Xcode.app/Contents/Developer/Toolchains/XcodeDefault.xctoolchain/usr/bin/ld -version_details

Build description signature: 7bf5dd27cd0e869230aaf5833974fa1e
Build description path: /Users/apple/Desktop/【项目的游戏】/deliveries/obr_n_1778781263663_8prq5y/ios-app/build/XCBuildData/7bf5dd27cd0e869230aaf5833974fa1e.xcbuilddata
CreateBuildDirectory /Users/apple/Desktop/【项目的游戏】/deliveries/obr_n_1778781263663_8prq5y/ios-app/build
    cd /Users/apple/Desktop/【项目的游戏】/deliveries/obr_n_1778781263663_8prq5y/ios-app/LumaSense.xcodeproj
    builtin-create-build-directory /Users/apple/Desktop/【项目的游戏】/deliveries/obr_n_1778781263663_8prq5y/ios-app/build

ClangStatCache /Applications/Xcode.app/Contents/Developer/Toolchains/XcodeDefault.xctoolchain/usr/bin/clang-stat-cache /Applications/Xcode.app/Contents/Developer/Platforms/iPhoneSimulator.platform/Developer/SDKs/iPhoneSimulator26.4.sdk /var/folders/mc/h01_nd994qd7n0c83d8z536c0000gn/C/com.apple.DeveloperTools/26.4.1-17E202/Xcode/SDKStatCaches.noindex/iphonesimulator26.4-23E252-686eebb5dc1d8ecb277353a59184f4aa.sdkstatcache
    cd /Users/apple/Desktop/【项目的游戏】/deliveries/obr_n_1778781263663_8prq5y/ios-app/LumaSense.xcodeproj
    /Applications/Xcode.app/Contents/Developer/Toolchains/XcodeDefault.xctoolchain/usr/bin/clang-stat-cache /Applications/Xcode.app/Contents/Developer/Platforms/iPhoneSimulator.platform/Developer/SDKs/iPhoneSimulator26.4.sdk -o /var/folders/mc/h01_nd994qd7n0c83d8z536c0000gn/C/com.apple.DeveloperTools/26.4.1-17E202/Xcode/SDKStatCaches.noindex/iphonesimulator26.4-23E252-686eebb5dc1d8ecb277353a59184f4aa.sdkstatcache

CreateBuildDirectory /Users/apple/Desktop/【项目的游戏】/deliveries/obr_n_1778781263663_8prq5y/ios-app/build/SwiftExplicitPrecompiledModules
    cd /Users/apple/Desktop/【项目的游戏】/deliveries/obr_n_1778781263663_8prq5y/ios-app/LumaSense.xcodeproj
    builtin-create-build-directory /Users/apple/Desktop/【项目的游戏】/deliveries/obr_n_1778781263663_8prq5y/ios-app/build/SwiftExplicitPrecompiledModules

CreateBuildDirectory /Users/apple/Desktop/【项目的游戏】/deliveries/obr_n_1778781263663_8prq5y/ios-app/build/ExplicitPrecompiledModules
    cd /Users/apple/Desktop/【项目的游戏】/deliveries/obr_n_1778781263663_8prq5y/ios-app/LumaSense.xcodeproj
    builtin-create-build-directory /Users/apple/Desktop/【项目的游戏】/deliveries/obr_n_1778781263663_8prq5y/ios-app/build/ExplicitPrecompiledModules

CreateBuildDirectory /Users/apple/Desktop/【项目的游戏】/deliveries/obr_n_1778781263663_8prq5y/ios-app/build/Debug-iphonesimulator
    cd /Users/apple/Desktop/【项目的游戏】/deliveries/obr_n_1778781263663_8prq5y/ios-app/LumaSense.xcodeproj
    builtin-create-build-directory /Users/apple/Desktop/【项目的游戏】/deliveries/obr_n_1778781263663_8prq5y/ios-app/build/Debug-iphonesimulator

CreateBuildDirectory /Users/apple/Desktop/【项目的游戏】/deliveries/obr_n_1778781263663_8prq5y/ios-app/build/EagerLinkingTBDs/Debug-iphonesimulator
    cd /Users/apple/Desktop/【项目的游戏】/deliveries/obr_n_1778781263663_8prq5y/ios-app/LumaSense.xcodeproj
    builtin-create-build-directory /Users/apple/Desktop/【项目的游戏】/deliveries/obr_n_1778781263663_8prq5y/ios-app/build/EagerLinkingTBDs/Debug-iphonesimulator

WriteAuxiliaryFile /Users/apple/Desktop/【项目的游戏】/deliveries/obr_n_1778781263663_8prq5y/ios-app/build/LumaSense.build/Debug-iphonesimulator/LumaSense-7125c56239c2564a135719a5c891455e-VFS-iphonesimulator/all-product-headers.yaml
    cd /Users/apple/Desktop/【项目的游戏】/deliveries/obr_n_1778781263663_8prq5y/ios-app/LumaSense.xcodeproj
    write-file /Users/apple/Desktop/【项目的游戏】/deliveries/obr_n_1778781263663_8prq5y/ios-app/build/LumaSense.build/Debug-iphonesimulator/LumaSense-7125c56239c2564a135719a5c891455e-VFS-iphonesimulator/all-product-headers.yaml

WriteAuxiliaryFile /Users/apple/Desktop/【项目的游戏】/deliveries/obr_n_1778781263663_8prq5y/ios-app/build/LumaSense.build/Debug-iphonesimulator/LumaSense.build/empty-LumaSense.plist (in target 'LumaSense' from project 'LumaSense')
    cd /Users/apple/Desktop/【项目的游戏】/deliveries/obr_n_1778781263663_8prq5y/ios-app
    write-file /Users/apple/Desktop/【项目的游戏】/deliveries/obr_n_1778781263663_8prq5y/ios-app/build/LumaSense.build/Debug-iphonesimulator/LumaSense.build/empty-LumaSense.plist

WriteAuxiliaryFile /Users/apple/Desktop/【项目的游戏】/deliveries/obr_n_1778781263663_8prq5y/ios-app/build/LumaSense.build/Debug-iphonesimulator/LumaSense.build/Objects-normal/x86_64/LumaSense_const_extract_protocols.json (in target 'LumaSense' from project 'LumaSense')
    cd /Users/apple/Desktop/【项目的游戏】/deliveries/obr_n_1778781263663_8prq5y/ios-app
    write-file /Users/apple/Desktop/【项目的游戏】/deliveries/obr_n_1778781263663_8prq5y/ios-app/build/LumaSense.build/Debug-iphonesimulator/LumaSense.build/Objects-normal/x86_64/LumaSense_const_extract_protocols.json

WriteAuxiliaryFile /Users/apple/Desktop/【项目的游戏】/deliveries/obr_n_1778781263663_8prq5y/ios-app/build/LumaSense.build/Debug-iphonesimulator/LumaSense.build/Objects-normal/x86_64/LumaSense.SwiftFileList (in target 'LumaSense' from project 'LumaSense')
    cd /Users/apple/Desktop/【项目的游戏】/deliveries/obr_n_1778781263663_8prq5y/ios-app
    write-file /Users/apple/Desktop/【项目的游戏】/deliveries/obr_n_1778781263663_8prq5y/ios-app/build/LumaSense.build/Debug-iphonesimulator/LumaSense.build/Objects-normal/x86_64/LumaSense.SwiftFileList

WriteAuxiliaryFile /Users/apple/Desktop/【项目的游戏】/deliveries/obr_n_1778781263663_8prq5y/ios-app/build/LumaSense.build/Debug-iphonesimulator/LumaSense.build/Objects-normal/x86_64/LumaSense.SwiftConstValuesFileList (in target 'LumaSense' from project 'LumaSense')
    cd /Users/apple/Desktop/【项目的游戏】/deliveries/obr_n_1778781263663_8prq5y/ios-app
    write-file /Users/apple/Desktop/【项目的游戏】/deliveries/obr_n_1778781263663_8prq5y/ios-app/build/LumaSense.build/Debug-iphonesimulator/LumaSense.build/Objects-normal/x86_64/LumaSense.SwiftConstValuesFileList

WriteAuxiliaryFile /Users/apple/Desktop/【项目的游戏】/deliveries/obr_n_1778781263663_8prq5y/ios-app/build/LumaSense.build/Debug-iphonesimulator/LumaSense.build/Objects-normal/x86_64/LumaSense.LinkFileList (in target 'LumaSense' from project 'LumaSense')
    cd /Users/apple/Desktop/【项目的游戏】/deliveries/obr_n_1778781263663_8prq5y/ios-app
    write-file /Users/apple/Desktop/【项目的游戏】/deliveries/obr_n_1778781263663_8prq5y/ios-app/build/LumaSense.build/Debug-iphonesimulator/LumaSense.build/Objects-normal/x86_64/LumaSense.LinkFileList

WriteAuxiliaryFile /Users/apple/Desktop/【项目的游戏】/deliveries/obr_n_1778781263663_8prq5y/ios-app/build/LumaSense.build/Debug-iphonesimulator/LumaSense.build/Objects-normal/x86_64/LumaSense-OutputFileMap.json (in target 'LumaSense' from project 'LumaSense')
    cd /Users/apple/Desktop/【项目的游戏】/deliveries/obr_n_1778781263663_8prq5y/ios-app
    write-file /Users/apple/Desktop/【项目的游戏】/deliveries/obr_n_1778781263663_8prq5y/ios-app/build/LumaSense.build/Debug-iphonesimulator/LumaSense.build/Objects-normal/x86_64/LumaSense-OutputFileMap.json

WriteAuxiliaryFile /Users/apple/Desktop/【项目的游戏】/deliveries/obr_n_1778781263663_8prq5y/ios-app/build/LumaSense.build/Debug-iphonesimulator/LumaSense.build/Objects-normal/arm64/LumaSense_const_extract_protocols.json (in target 'LumaSense' from project 'LumaSense')
    cd /Users/apple/Desktop/【项目的游戏】/deliveries/obr_n_1778781263663_8prq5y/ios-app
    write-file /Users/apple/Desktop/【项目的游戏】/deliveries/obr_n_1778781263663_8prq5y/ios-app/build/LumaSense.build/Debug-iphonesimulator/LumaSense.build/Objects-normal/arm64/LumaSense_const_extract_protocols.json

WriteAuxiliaryFile /Users/apple/Desktop/【项目的游戏】/deliveries/obr_n_1778781263663_8prq5y/ios-app/build/LumaSense.build/Debug-iphonesimulator/LumaSense.build/Objects-normal/arm64/LumaSense.SwiftFileList (in target 'LumaSense' from project 'LumaSense')
    cd /Users/apple/Desktop/【项目的游戏】/deliveries/obr_n_1778781263663_8prq5y/ios-app
    write-file /Users/apple/Desktop/【项目的游戏】/deliveries/obr_n_1778781263663_8prq5y/ios-app/build/LumaSense.build/Debug-iphonesimulator/LumaSense.build/Objects-normal/arm64/LumaSense.SwiftFileList

WriteAuxiliaryFile /Users/apple/Desktop/【项目的游戏】/deliveries/obr_n_1778781263663_8prq5y/ios-app/build/LumaSense.build/Debug-iphonesimulator/LumaSense.build/Objects-normal/arm64/LumaSense.SwiftConstValuesFileList (in target 'LumaSense' from project 'LumaSense')
    cd /Users/apple/Desktop/【项目的游戏】/deliveries/obr_n_1778781263663_8prq5y/ios-app
    write-file /Users/apple/Desktop/【项目的游戏】/deliveries/obr_n_1778781263663_8prq5y/ios-app/build/LumaSense.build/Debug-iphonesimulator/LumaSense.build/Objects-normal/arm64/LumaSense.SwiftConstValuesFileList

WriteAuxiliaryFile /Users/apple/Desktop/【项目的游戏】/deliveries/obr_n_1778781263663_8prq5y/ios-app/build/LumaSense.build/Debug-iphonesimulator/LumaSense.build/Objects-normal/arm64/LumaSense.LinkFileList (in target 'LumaSense' from project 'LumaSense')
    cd /Users/apple/Desktop/【项目的游戏】/deliveries/obr_n_1778781263663_8prq5y/ios-app
    write-file /Users/apple/Desktop/【项目的游戏】/deliveries/obr_n_1778781263663_8prq5y/ios-app/build/LumaSense.build/Debug-iphonesimulator/LumaSense.build/Objects-normal/arm64/LumaSense.LinkFileList

WriteAuxiliaryFile /Users/apple/Desktop/【项目的游戏】/deliveries/obr_n_1778781263663_8prq5y/ios-app/build/LumaSense.build/Debug-iphonesimulator/LumaSense.build/Objects-normal/arm64/LumaSense-OutputFileMap.json (in target 'LumaSense' from project 'LumaSense')
    cd /Users/apple/Desktop/【项目的游戏】/deliveries/obr_n_1778781263663_8prq5y/ios-app
    write-file /Users/apple/Desktop/【项目的游戏】/deliveries/obr_n_1778781263663_8prq5y/ios-app/build/LumaSense.build/Debug-iphonesimulator/LumaSense.build/Objects-normal/arm64/LumaSense-OutputFileMap.json

WriteAuxiliaryFile /Users/apple/Desktop/【项目的游戏】/deliveries/obr_n_1778781263663_8prq5y/ios-app/build/LumaSense.build/Debug-iphonesimulator/LumaSense.build/LumaSense.hmap (in target 'LumaSense' from project 'LumaSense')
    cd /Users/apple/Desktop/【项目的游戏】/deliveries/obr_n_1778781263663_8prq5y/ios-app
    write-file /Users/apple/Desktop/【项目的游戏】/deliveries/obr_n_1778781263663_8prq5y/ios-app/build/LumaSense.build/Debug-iphonesimulator/LumaSense.build/LumaSense.hmap

WriteAuxiliaryFile /Users/apple/Desktop/【项目的游戏】/deliveries/obr_n_1778781263663_8prq5y/ios-app/build/LumaSense.build/Debug-iphonesimulator/LumaSense.build/LumaSense.DependencyStaticMetadataFileList (in target 'LumaSense' from project 'LumaSense')
    cd /Users/apple/Desktop/【项目的游戏】/deliveries/obr_n_1778781263663_8prq5y/ios-app
    write-file /Users/apple/Desktop/【项目的游戏】/deliveries/obr_n_1778781263663_8prq5y/ios-app/build/LumaSense.build/Debug-iphonesimulator/LumaSense.build/LumaSense.DependencyStaticMetadataFileList

WriteAuxiliaryFile /Users/apple/Desktop/【项目的游戏】/deliveries/obr_n_1778781263663_8prq5y/ios-app/build/LumaSense.build/Debug-iphonesimulator/LumaSense.build/LumaSense.DependencyMetadataFileList (in target 'LumaSense' from project 'LumaSense')
    cd /Users/apple/Desktop/【项目的游戏】/deliveries/obr_n_1778781263663_8prq5y/ios-app
    write-file /Users/apple/Desktop/【项目的游戏】/deliveries/obr_n_1778781263663_8prq5y/ios-app/build/LumaSense.build/Debug-iphonesimulator/LumaSense.build/LumaSense.DependencyMetadataFileList

WriteAuxiliaryFile /Users/apple/Desktop/【项目的游戏】/deliveries/obr_n_1778781263663_8prq5y/ios-app/build/LumaSense.build/Debug-iphonesimulator/LumaSense.build/LumaSense-project-headers.hmap (in target 'LumaSense' from project 'LumaSense')
    cd /Users/apple/Desktop/【项目的游戏】/deliveries/obr_n_1778781263663_8prq5y/ios-app
    write-file /Users/apple/Desktop/【项目的游戏】/deliveries/obr_n_1778781263663_8prq5y/ios-app/build/LumaSense.build/Debug-iphonesimulator/LumaSense.build/LumaSense-project-headers.hmap

WriteAuxiliaryFile /Users/apple/Desktop/【项目的游戏】/deliveries/obr_n_1778781263663_8prq5y/ios-app/build/LumaSense.build/Debug-iphonesimulator/LumaSense.build/LumaSense-own-target-headers.hmap (in target 'LumaSense' from project 'LumaSense')
    cd /Users/apple/Desktop/【项目的游戏】/deliveries/obr_n_1778781263663_8prq5y/ios-app
    write-file /Users/apple/Desktop/【项目的游戏】/deliveries/obr_n_1778781263663_8prq5y/ios-app/build/LumaSense.build/Debug-iphonesimulator/LumaSense.build/LumaSense-own-target-headers.hmap

WriteAuxiliaryFile /Users/apple/Desktop/【项目的游戏】/deliveries/obr_n_1778781263663_8prq5y/ios-app/build/LumaSense.build/Debug-iphonesimulator/LumaSense.build/LumaSense-generated-files.hmap (in target 'LumaSense' from project 'LumaSense')
    cd /Users/apple/Desktop/【项目的游戏】/deliveries/obr_n_1778781263663_8prq5y/ios-app
    write-file /Users/apple/Desktop/【项目的游戏】/deliveries/obr_n_1778781263663_8prq5y/ios-app/build/LumaSense.build/Debug-iphonesimulator/LumaSense.build/LumaSense-generated-files.hmap

WriteAuxiliaryFile /Users/apple/Desktop/【项目的游戏】/deliveries/obr_n_1778781263663_8prq5y/ios-app/build/LumaSense.build/Debug-iphonesimulator/LumaSense.build/LumaSense-all-target-headers.hmap (in target 'LumaSense' from project 'LumaSense')
    cd /Users/apple/Desktop/【项目的游戏】/deliveries/obr_n_1778781263663_8prq5y/ios-app
    write-file /Users/apple/Desktop/【项目的游戏】/deliveries/obr_n_1778781263663_8prq5y/ios-app/build/LumaSense.build/Debug-iphonesimulator/LumaSense.build/LumaSense-all-target-headers.hmap

WriteAuxiliaryFile /Users/apple/Desktop/【项目的游戏】/deliveries/obr_n_1778781263663_8prq5y/ios-app/build/LumaSense.build/Debug-iphonesimulator/LumaSense.build/LumaSense-all-non-framework-target-headers.hmap (in target 'LumaSense' from project 'LumaSense')
    cd /Users/apple/Desktop/【项目的游戏】/deliveries/obr_n_1778781263663_8prq5y/ios-app
    write-file /Users/apple/Desktop/【项目的游戏】/deliveries/obr_n_1778781263663_8prq5y/ios-app/build/LumaSense.build/Debug-iphonesimulator/LumaSense.build/LumaSense-all-non-framework-target-headers.hmap

MkDir /Users/apple/Desktop/【项目的游戏】/deliveries/obr_n_1778781263663_8prq5y/ios-app/build/Debug-iphonesimulator/LumaSense.app (in target 'LumaSense' from project 'LumaSense')
    cd /Users/apple/Desktop/【项目的游戏】/deliveries/obr_n_1778781263663_8prq5y/ios-app
    /bin/mkdir -p /Users/apple/Desktop/【项目的游戏】/deliveries/obr_n_1778781263663_8prq5y/ios-app/build/Debug-iphonesimulator/LumaSense.app

MkDir /Users/apple/Desktop/【项目的游戏】/deliveries/obr_n_1778781263663_8prq5y/ios-app/build/LumaSense.build/Debug-iphonesimulator/LumaSense.build/assetcatalog_output/thinned (in target 'LumaSense' from project 'LumaSense')
    cd /Users/apple/Desktop/【项目的游戏】/deliveries/obr_n_1778781263663_8prq5y/ios-app
    /bin/mkdir -p /Users/apple/Desktop/【项目的游戏】/deliveries/obr_n_1778781263663_8prq5y/ios-app/build/LumaSense.build/Debug-iphonesimulator/LumaSense.build/assetcatalog_output/thinned

MkDir /Users/apple/Desktop/【项目的游戏】/deliveries/obr_n_1778781263663_8prq5y/ios-app/build/LumaSense.build/Debug-iphonesimulator/LumaSense.build/assetcatalog_output/unthinned (in target 'LumaSense' from project 'LumaSense')
    cd /Users/apple/Desktop/【项目的游戏】/deliveries/obr_n_1778781263663_8prq5y/ios-app
    /bin/mkdir -p /Users/apple/Desktop/【项目的游戏】/deliveries/obr_n_1778781263663_8prq5y/ios-app/build/LumaSense.build/Debug-iphonesimulator/LumaSense.build/assetcatalog_output/unthinned

GenerateAssetSymbols /Users/apple/Desktop/【项目的游戏】/deliveries/obr_n_1778781263663_8prq5y/ios-app/LumaSense/Assets.xcassets (in target 'LumaSense' from project 'LumaSense')
    cd /Users/apple/Desktop/【项目的游戏】/deliveries/obr_n_1778781263663_8prq5y/ios-app
    /Applications/Xcode.app/Contents/Developer/usr/bin/actool /Users/apple/Desktop/【项目的游戏】/deliveries/obr_n_1778781263663_8prq5y/ios-app/LumaSense/Assets.xcassets --compile /Users/apple/Desktop/【项目的游戏】/deliveries/obr_n_1778781263663_8prq5y/ios-app/build/Debug-iphonesimulator/LumaSense.app --output-format human-readable-text --notices --warnings --export-dependency-info /Users/apple/Desktop/【项目的游戏】/deliveries/obr_n_1778781263663_8prq5y/ios-app/build/LumaSense.build/Debug-iphonesimulator/LumaSense.build/assetcatalog_dependencies --output-partial-info-plist /Users/apple/Desktop/【项目的游戏】/deliveries/obr_n_1778781263663_8prq5y/ios-app/build/LumaSense.build/Debug-iphonesimulator/LumaSense.build/assetcatalog_generated_info.plist --app-icon AppIcon --accent-color AccentColor --compress-pngs --enable-on-demand-resources YES --development-region en --target-device iphone --target-device ipad --minimum-deployment-target 17.0 --platform iphonesimulator --bundle-identifier com.openbasaka.simplify.812636638prq5y --generate-swift-asset-symbol-extensions NO --generate-swift-asset-symbols /Users/apple/Desktop/【项目的游戏】/deliveries/obr_n_1778781263663_8prq5y/ios-app/build/LumaSense.build/Debug-iphonesimulator/LumaSense.build/DerivedSources/GeneratedAssetSymbols.swift --generate-objc-asset-symbols /Users/apple/Desktop/【项目的游戏】/deliveries/obr_n_1778781263663_8prq5y/ios-app/build/LumaSense.build/Debug-iphonesimulator/LumaSense.build/DerivedSources/GeneratedAssetSymbols.h --generate-asset-symbol-index /Users/apple/Desktop/【项目的游戏】/deliveries/obr_n_1778781263663_8prq5y/ios-app/build/LumaSense.build/Debug-iphonesimulator/LumaSense.build/DerivedSources/GeneratedAssetSymbols-Index.plist
/* com.apple.actool.compilation-results */
/Users/apple/Desktop/【项目的游戏】/deliveries/obr_n_1778781263663_8prq5y/ios-app/build/LumaSense.build/Debug-iphonesimulator/LumaSense.build/DerivedSources/GeneratedAssetSymbols-Index.plist
/Users/apple/Desktop/【项目的游戏】/deliveries/obr_n_1778781263663_8prq5y/ios-app/build/LumaSense.build/Debug-iphonesimulator/LumaSense.build/DerivedSources/GeneratedAssetSymbols.h
/Users/apple/Desktop/【项目的游戏】/deliveries/obr_n_1778781263663_8prq5y/ios-app/build/LumaSense.build/Debug-iphonesimulator/LumaSense.build/DerivedSources/GeneratedAssetSymbols.swift


CompileAssetCatalogVariant thinned /Users/apple/Desktop/【项目的游戏】/deliveries/obr_n_1778781263663_8prq5y/ios-app/build/Debug-iphonesimulator/LumaSense.app /Users/apple/Desktop/【项目的游戏】/deliveries/obr_n_1778781263663_8prq5y/ios-app/LumaSense/Assets.xcassets (in target 'LumaSense' from project 'LumaSense')
    cd /Users/apple/Desktop/【项目的游戏】/deliveries/obr_n_1778781263663_8prq5y/ios-app
    /Applications/Xcode.app/Contents/Developer/usr/bin/actool /Users/apple/Desktop/【项目的游戏】/deliveries/obr_n_1778781263663_8prq5y/ios-app/LumaSense/Assets.xcassets --compile /Users/apple/Desktop/【项目的游戏】/deliveries/obr_n_1778781263663_8prq5y/ios-app/build/LumaSense.build/Debug-iphonesimulator/LumaSense.build/assetcatalog_output/thinned --output-format human-readable-text --notices --warnings --export-dependency-info /Users/apple/Desktop/【项目的游戏】/deliveries/obr_n_1778781263663_8prq5y/ios-app/build/LumaSense.build/Debug-iphonesimulator/LumaSense.build/assetcatalog_dependencies_thinned --output-partial-info-plist /Users/apple/Desktop/【项目的游戏】/deliveries/obr_n_1778781263663_8prq5y/ios-app/build/LumaSense.build/Debug-iphonesimulator/LumaSense.build/assetcatalog_generated_info.plist_thinned --app-icon AppIcon --accent-color AccentColor --compress-pngs --enable-on-demand-resources YES --development-region en --target-device iphone --target-device ipad --minimum-deployment-target 17.0 --platform iphonesimulator
/* com.apple.actool.compilation-results */
/Users/apple/Desktop/【项目的游戏】/deliveries/obr_n_1778781263663_8prq5y/ios-app/build/LumaSense.build/Debug-iphonesimulator/LumaSense.build/assetcatalog_generated_info.plist_thinned
/Users/apple/Desktop/【项目的游戏】/deliveries/obr_n_1778781263663_8prq5y/ios-app/build/LumaSense.build/Debug-iphonesimulator/LumaSense.build/assetcatalog_output/thinned/Assets.car


SwiftDriver LumaSense normal arm64 com.apple.xcode.tools.swift.compiler (in target 'LumaSense' from project 'LumaSense')
    cd /Users/apple/Desktop/【项目的游戏】/deliveries/obr_n_1778781263663_8prq5y/ios-app
    builtin-SwiftDriver -- /Applications/Xcode.app/Contents/Developer/Toolchains/XcodeDefault.xctoolchain/usr/bin/swiftc -module-name LumaSense -Onone @/Users/apple/Desktop/【项目的游戏】/deliveries/obr_n_1778781263663_8prq5y/ios-app/build/LumaSense.build/Debug-iphonesimulator/LumaSense.build/Objects-normal/arm64/LumaSense.SwiftFileList -DDEBUG -enable-bare-slash-regex -enable-experimental-feature DebugDescriptionMacro -sdk /Applications/Xcode.app/Contents/Developer/Platforms/iPhoneSimulator.platform/Developer/SDKs/iPhoneSimulator26.4.sdk -target arm64-apple-ios17.0-simulator -g -Xfrontend -serialize-debugging-options -enable-testing -Xcc -D_LIBCPP_HARDENING_MODE\=_LIBCPP_HARDENING_MODE_DEBUG -swift-version 5 -I /Users/apple/Desktop/【项目的游戏】/deliveries/obr_n_1778781263663_8prq5y/ios-app/build/Debug-iphonesimulator -F /Users/apple/Desktop/【项目的游戏】/deliveries/obr_n_1778781263663_8prq5y/ios-app/build/Debug-iphonesimulator -emit-localized-strings -emit-localized-strings-path /Users/apple/Desktop/【项目的游戏】/deliveries/obr_n_1778781263663_8prq5y/ios-app/build/LumaSense.build/Debug-iphonesimulator/LumaSense.build/Objects-normal/arm64 -c -j10 -enable-batch-mode -incremental -Xcc -ivfsstatcache -Xcc /var/folders/mc/h01_nd994qd7n0c83d8z536c0000gn/C/com.apple.DeveloperTools/26.4.1-17E202/Xcode/SDKStatCaches.noindex/iphonesimulator26.4-23E252-686eebb5dc1d8ecb277353a59184f4aa.sdkstatcache -output-file-map /Users/apple/Desktop/【项目的游戏】/deliveries/obr_n_1778781263663_8prq5y/ios-app/build/LumaSense.build/Debug-iphonesimulator/LumaSense.build/Objects-normal/arm64/LumaSense-OutputFileMap.json -use-frontend-parseable-output -save-temps -no-color-diagnostics -explicit-module-build -module-cache-path /Users/apple/Desktop/【项目的游戏】/deliveries/obr_n_1778781263663_8prq5y/ios-app/build/SwiftExplicitPrecompiledModules -serialize-diagnostics -emit-dependencies -emit-module -emit-module-path /Users/apple/Desktop/【项目的游戏】/deliveries/obr_n_1778781263663_8prq5y/ios-app/build/LumaSense.build/Debug-iphonesimulator/LumaSense.build/Objects-normal/arm64/LumaSense.swiftmodule -validate-clang-modules-once -clang-build-session-file /var/folders/mc/h01_nd994qd7n0c83d8z536c0000gn/C/org.llvm.clang/ModuleCache.noindex/Session.modulevalidation -Xcc -I/Users/apple/Desktop/【项目的游戏】/deliveries/obr_n_1778781263663_8prq5y/ios-app/build/LumaSense.build/Debug-iphonesimulator/LumaSense.build/swift-overrides.hmap -emit-const-values -Xfrontend -const-gather-protocols-file -Xfrontend /Users/apple/Desktop/【项目的游戏】/deliveries/obr_n_1778781263663_8prq5y/ios-app/build/LumaSense.build/Debug-iphonesimulator/LumaSense.build/Objects-normal/arm64/LumaSense_const_extract_protocols.json -Xcc -iquote -Xcc /Users/apple/Desktop/【项目的游戏】/deliveries/obr_n_1778781263663_8prq5y/ios-app/build/LumaSense.build/Debug-iphonesimulator/LumaSense.build/LumaSense-generated-files.hmap -Xcc -I/Users/apple/Desktop/【项目的游戏】/deliveries/obr_n_1778781263663_8prq5y/ios-app/build/LumaSense.build/Debug-iphonesimulator/LumaSense.build/LumaSense-own-target-headers.hmap -Xcc -I/Users/apple/Desktop/【项目的游戏】/deliveries/obr_n_1778781263663_8prq5y/ios-app/build/LumaSense.build/Debug-iphonesimulator/LumaSense.build/LumaSense-all-target-headers.hmap -Xcc -iquote -Xcc /Users/apple/Desktop/【项目的游戏】/deliveries/obr_n_1778781263663_8prq5y/ios-app/build/LumaSense.build/Debug-iphonesimulator/LumaSense.build/LumaSense-project-headers.hmap -Xcc -I/Users/apple/Desktop/【项目的游戏】/deliveries/obr_n_1778781263663_8prq5y/ios-app/build/Debug-iphonesimulator/include -Xcc -I/Users/apple/Desktop/【项目的游戏】/deliveries/obr_n_1778781263663_8prq5y/ios-app/build/LumaSense.build/Debug-iphonesimulator/LumaSense.build/DerivedSources-normal/arm64 -Xcc -I/Users/apple/Desktop/【项目的游戏】/deliveries/obr_n_1778781263663_8prq5y/ios-app/build/LumaSense.build/Debug-iphonesimulator/LumaSense.build/DerivedSources/arm64 -Xcc -I/Users/apple/Desktop/【项目的游戏】/deliveries/obr_n_1778781263663_8prq5y/ios-app/build/LumaSense.build/Debug-iphonesimulator/LumaSense.build/DerivedSources -Xcc -DDEBUG\=1 -emit-objc-header -emit-objc-header-path /Users/apple/Desktop/【项目的游戏】/deliveries/obr_n_1778781263663_8prq5y/ios-app/build/LumaSense.build/Debug-iphonesimulator/LumaSense.build/Objects-normal/arm64/LumaSense-Swift.h -working-directory /Users/apple/Desktop/【项目的游戏】/deliveries/obr_n_1778781263663_8prq5y/ios-app -experimental-emit-module-separately -disable-cmo

SwiftDriver LumaSense normal x86_64 com.apple.xcode.tools.swift.compiler (in target 'LumaSense' from project 'LumaSense')
    cd /Users/apple/Desktop/【项目的游戏】/deliveries/obr_n_1778781263663_8prq5y/ios-app
    builtin-SwiftDriver -- /Applications/Xcode.app/Contents/Developer/Toolchains/XcodeDefault.xctoolchain/usr/bin/swiftc -module-name LumaSense -Onone @/Users/apple/Desktop/【项目的游戏】/deliveries/obr_n_1778781263663_8prq5y/ios-app/build/LumaSense.build/Debug-iphonesimulator/LumaSense.build/Objects-normal/x86_64/LumaSense.SwiftFileList -DDEBUG -enable-bare-slash-regex -enable-experimental-feature DebugDescriptionMacro -sdk /Applications/Xcode.app/Contents/Developer/Platforms/iPhoneSimulator.platform/Developer/SDKs/iPhoneSimulator26.4.sdk -target x86_64-apple-ios17.0-simulator -g -Xfrontend -serialize-debugging-options -enable-testing -Xcc -D_LIBCPP_HARDENING_MODE\=_LIBCPP_HARDENING_MODE_DEBUG -swift-version 5 -I /Users/apple/Desktop/【项目的游戏】/deliveries/obr_n_1778781263663_8prq5y/ios-app/build/Debug-iphonesimulator -F /Users/apple/Desktop/【项目的游戏】/deliveries/obr_n_1778781263663_8prq5y/ios-app/build/Debug-iphonesimulator -emit-localized-strings -emit-localized-strings-path /Users/apple/Desktop/【项目的游戏】/deliveries/obr_n_1778781263663_8prq5y/ios-app/build/LumaSense.build/Debug-iphonesimulator/LumaSense.build/Objects-normal/x86_64 -c -j10 -enable-batch-mode -incremental -Xcc -ivfsstatcache -Xcc /var/folders/mc/h01_nd994qd7n0c83d8z536c0000gn/C/com.apple.DeveloperTools/26.4.1-17E202/Xcode/SDKStatCaches.noindex/iphonesimulator26.4-23E252-686eebb5dc1d8ecb277353a59184f4aa.sdkstatcache -output-file-map /Users/apple/Desktop/【项目的游戏】/deliveries/obr_n_1778781263663_8prq5y/ios-app/build/LumaSense.build/Debug-iphonesimulator/LumaSense.build/Objects-normal/x86_64/LumaSense-OutputFileMap.json -use-frontend-parseable-output -save-temps -no-color-diagnostics -explicit-module-build -module-cache-path /Users/apple/Desktop/【项目的游戏】/deliveries/obr_n_1778781263663_8prq5y/ios-app/build/SwiftExplicitPrecompiledModules -serialize-diagnostics -emit-dependencies -emit-module -emit-module-path /Users/apple/Desktop/【项目的游戏】/deliveries/obr_n_1778781263663_8prq5y/ios-app/build/LumaSense.build/Debug-iphonesimulator/LumaSense.build/Objects-normal/x86_64/LumaSense.swiftmodule -validate-clang-modules-once -clang-build-session-file /var/folders/mc/h01_nd994qd7n0c83d8z536c0000gn/C/org.llvm.clang/ModuleCache.noindex/Session.modulevalidation -Xcc -I/Users/apple/Desktop/【项目的游戏】/deliveries/obr_n_1778781263663_8prq5y/ios-app/build/LumaSense.build/Debug-iphonesimulator/LumaSense.build/swift-overrides.hmap -emit-const-values -Xfrontend -const-gather-protocols-file -Xfrontend /Users/apple/Desktop/【项目的游戏】/deliveries/obr_n_1778781263663_8prq5y/ios-app/build/LumaSense.build/Debug-iphonesimulator/LumaSense.build/Objects-normal/x86_64/LumaSense_const_extract_protocols.json -Xcc -iquote -Xcc /Users/apple/Desktop/【项目的游戏】/deliveries/obr_n_1778781263663_8prq5y/ios-app/build/LumaSense.build/Debug-iphonesimulator/LumaSense.build/LumaSense-generated-files.hmap -Xcc -I/Users/apple/Desktop/【项目的游戏】/deliveries/obr_n_1778781263663_8prq5y/ios-app/build/LumaSense.build/Debug-iphonesimulator/LumaSense.build/LumaSense-own-target-headers.hmap -Xcc -I/Users/apple/Desktop/【项目的游戏】/deliveries/obr_n_1778781263663_8prq5y/ios-app/build/LumaSense.build/Debug-iphonesimulator/LumaSense.build/LumaSense-all-target-headers.hmap -Xcc -iquote -Xcc /Users/apple/Desktop/【项目的游戏】/deliveries/obr_n_1778781263663_8prq5y/ios-app/build/LumaSense.build/Debug-iphonesimulator/LumaSense.build/LumaSense-project-headers.hmap -Xcc -I/Users/apple/Desktop/【项目的游戏】/deliveries/obr_n_1778781263663_8prq5y/ios-app/build/Debug-iphonesimulator/include -Xcc -I/Users/apple/Desktop/【项目的游戏】/deliveries/obr_n_1778781263663_8prq5y/ios-app/build/LumaSense.build/Debug-iphonesimulator/LumaSense.build/DerivedSources-normal/x86_64 -Xcc -I/Users/apple/Desktop/【项目的游戏】/deliveries/obr_n_1778781263663_8prq5y/ios-app/build/LumaSense.build/Debug-iphonesimulator/LumaSense.build/DerivedSources/x86_64 -Xcc -I/Users/apple/Desktop/【项目的游戏】/deliveries/obr_n_1778781263663_8prq5y/ios-app/build/LumaSense.build/Debug-iphonesimulator/LumaSense.build/DerivedSources -Xcc -DDEBUG\=1 -emit-objc-header -emit-objc-header-path /Users/apple/Desktop/【项目的游戏】/deliveries/obr_n_1778781263663_8prq5y/ios-app/build/LumaSense.build/Debug-iphonesimulator/LumaSense.build/Objects-normal/x86_64/LumaSense-Swift.h -working-directory /Users/apple/Desktop/【项目的游戏】/deliveries/obr_n_1778781263663_8prq5y/ios-app -experimental-emit-module-separately -disable-cmo

SwiftExplicitDependencyGeneratePcm x86_64 /Users/apple/Desktop/【项目的游戏】/deliveries/obr_n_1778781263663_8prq5y/ios-app/build/SwiftExplicitPrecompiledModules/ptrcheck-4FCTT3EKF50KMJGXF8FX80JZ6.pcm

SwiftExplicitDependencyGeneratePcm x86_64 /Users/apple/Desktop/【项目的游戏】/deliveries/obr_n_1778781263663_8prq5y/ios-app/build/SwiftExplicitPrecompiledModules/_Builtin_stdbool-13KISVGRW9WVWQ6VU5A02WK9L.pcm

SwiftExplicitDependencyGeneratePcm x86_64 /Users/apple/Desktop/【项目的游戏】/deliveries/obr_n_1778781263663_8prq5y/ios-app/build/SwiftExplicitPrecompiledModules/_AvailabilityInternal-6RT0590CCABMF2SC8Z820JKB1.pcm

SwiftExplicitDependencyGeneratePcm x86_64 /Users/apple/Desktop/【项目的游戏】/deliveries/obr_n_1778781263663_8prq5y/ios-app/build/SwiftExplicitPrecompiledModules/_Builtin_stddef-CB6OQLUKYNGB03VOEFACR261C.pcm

SwiftExplicitDependencyGeneratePcm x86_64 /Users/apple/Desktop/【项目的游戏】/deliveries/obr_n_1778781263663_8prq5y/ios-app/build/SwiftExplicitPrecompiledModules/_SwiftConcurrencyShims-322LHB8TFT2JCB3UUIK3OEQAM.pcm

SwiftExplicitDependencyGeneratePcm x86_64 /Users/apple/Desktop/【项目的游戏】/deliveries/obr_n_1778781263663_8prq5y/ios-app/build/SwiftExplicitPrecompiledModules/DeveloperToolsSupport-A8FVETT9GBFWVA4OHIIDEFZB7.pcm

SwiftExplicitDependencyGeneratePcm x86_64 /Users/apple/Desktop/【项目的游戏】/deliveries/obr_n_1778781263663_8prq5y/ios-app/build/SwiftExplicitPrecompiledModules/_Builtin_stdarg-7N1BWSTQ43HJL2S4OUM93PBF4.pcm

SwiftExplicitDependencyGeneratePcm x86_64 /Users/apple/Desktop/【项目的游戏】/deliveries/obr_n_1778781263663_8prq5y/ios-app/build/SwiftExplicitPrecompiledModules/SwiftShims-AT6TA4C28KWCM5A806RE3FP8F.pcm

SwiftExplicitDependencyGeneratePcm x86_64 /Users/apple/Desktop/【项目的游戏】/deliveries/obr_n_1778781263663_8prq5y/ios-app/build/SwiftExplicitPrecompiledModules/_Builtin_float-9XP1PDO9EUJEQGZFWZHQM2S0K.pcm

SwiftExplicitDependencyGeneratePcm arm64 /Users/apple/Desktop/【项目的游戏】/deliveries/obr_n_1778781263663_8prq5y/ios-app/build/SwiftExplicitPrecompiledModules/ptrauth-9ZEPA3NEP3WZ7U5C4S3C28AZQ.pcm

SwiftExplicitDependencyGeneratePcm arm64 /Users/apple/Desktop/【项目的游戏】/deliveries/obr_n_1778781263663_8prq5y/ios-app/build/SwiftExplicitPrecompiledModules/_Builtin_float-DIHKE2X6QR616JBFYWUN6A2QA.pcm

SwiftExplicitDependencyGeneratePcm arm64 /Users/apple/Desktop/【项目的游戏】/deliveries/obr_n_1778781263663_8prq5y/ios-app/build/SwiftExplicitPrecompiledModules/_Builtin_stddef-BWNZ6GC2OGQTLZZ8B63B2HEJN.pcm

SwiftExplicitDependencyGeneratePcm arm64 /Users/apple/Desktop/【项目的游戏】/deliveries/obr_n_1778781263663_8prq5y/ios-app/build/SwiftExplicitPrecompiledModules/_SwiftConcurrencyShims-DOBYIAC2WQ50XH72BRBO5EO8R.pcm

SwiftExplicitDependencyGeneratePcm arm64 /Users/apple/Desktop/【项目的游戏】/deliveries/obr_n_1778781263663_8prq5y/ios-app/build/SwiftExplicitPrecompiledModules/_Builtin_stdarg-1VVWIULAOSNG3V5G6U23FR5TG.pcm

SwiftExplicitDependencyGeneratePcm arm64 /Users/apple/Desktop/【项目的游戏】/deliveries/obr_n_1778781263663_8prq5y/ios-app/build/SwiftExplicitPrecompiledModules/_AvailabilityInternal-4TO37R2EBXR60YQS16UVE5MBQ.pcm

SwiftExplicitDependencyGeneratePcm arm64 /Users/apple/Desktop/【项目的游戏】/deliveries/obr_n_1778781263663_8prq5y/ios-app/build/SwiftExplicitPrecompiledModules/ptrcheck-BX3SUMMPNSTJ15DZNQSRSFBDO.pcm

SwiftExplicitDependencyGeneratePcm arm64 /Users/apple/Desktop/【项目的游戏】/deliveries/obr_n_1778781263663_8prq5y/ios-app/build/SwiftExplicitPrecompiledModules/DeveloperToolsSupport-E5275H45AFFA8SO2NC78H5EAJ.pcm

SwiftExplicitDependencyGeneratePcm x86_64 /Users/apple/Desktop/【项目的游戏】/deliveries/obr_n_1778781263663_8prq5y/ios-app/build/SwiftExplicitPrecompiledModules/_DarwinFoundation1-4AZC5FIOD79QHYI3AP95Z4UCK.pcm

SwiftExplicitDependencyGeneratePcm arm64 /Users/apple/Desktop/【项目的游戏】/deliveries/obr_n_1778781263663_8prq5y/ios-app/build/SwiftExplicitPrecompiledModules/_Builtin_stdbool-67C8MBQ4PVHBJNRPLE8LMEOBR.pcm

SwiftExplicitDependencyGeneratePcm arm64 /Users/apple/Desktop/【项目的游戏】/deliveries/obr_n_1778781263663_8prq5y/ios-app/build/SwiftExplicitPrecompiledModules/SwiftShims-LJL8MYB0L1KGB3WJG4TI1KA4.pcm

SwiftExplicitDependencyGeneratePcm x86_64 /Users/apple/Desktop/【项目的游戏】/deliveries/obr_n_1778781263663_8prq5y/ios-app/build/SwiftExplicitPrecompiledModules/ptrauth-BZJ13BMEZM5W65BD4SFTRXTZQ.pcm

SwiftExplicitDependencyGeneratePcm arm64 /Users/apple/Desktop/【项目的游戏】/deliveries/obr_n_1778781263663_8prq5y/ios-app/build/SwiftExplicitPrecompiledModules/_DarwinFoundation1-6D68WV5ZIQ1C4AM9OS2O43KP3.pcm

SwiftExplicitDependencyGeneratePcm x86_64 /Users/apple/Desktop/【项目的游戏】/deliveries/obr_n_1778781263663_8prq5y/ios-app/build/SwiftExplicitPrecompiledModules/_DarwinFoundation2-A0ICLUUC59P8BKHSE1MEBQOMH.pcm

SwiftExplicitDependencyGeneratePcm x86_64 /Users/apple/Desktop/【项目的游戏】/deliveries/obr_n_1778781263663_8prq5y/ios-app/build/SwiftExplicitPrecompiledModules/_Builtin_limits-7VHZX9IE84BYX0DJJGVK92SG9.pcm

SwiftExplicitDependencyGeneratePcm arm64 /Users/apple/Desktop/【项目的游戏】/deliveries/obr_n_1778781263663_8prq5y/ios-app/build/SwiftExplicitPrecompiledModules/_Builtin_limits-415NDZDN0UCJMRYVU5H41MV4B.pcm

SwiftExplicitDependencyGeneratePcm arm64 /Users/apple/Desktop/【项目的游戏】/deliveries/obr_n_1778781263663_8prq5y/ios-app/build/SwiftExplicitPrecompiledModules/_DarwinFoundation2-EXZPDJO735RAL5QRS0IFS1872.pcm

SwiftExplicitDependencyGeneratePcm x86_64 /Users/apple/Desktop/【项目的游戏】/deliveries/obr_n_1778781263663_8prq5y/ios-app/build/SwiftExplicitPrecompiledModules/_Builtin_stdint-8ZTJFC04VQM9PDHD553ZM51FW.pcm

SwiftExplicitDependencyGeneratePcm x86_64 /Users/apple/Desktop/【项目的游戏】/deliveries/obr_n_1778781263663_8prq5y/ios-app/build/SwiftExplicitPrecompiledModules/_Builtin_tgmath-7UCLLU8AX25KSZJWI7M3XIOMU.pcm

SwiftExplicitDependencyGeneratePcm x86_64 /Users/apple/Desktop/【项目的游戏】/deliveries/obr_n_1778781263663_8prq5y/ios-app/build/SwiftExplicitPrecompiledModules/sys_types-1LNKGBRLZ8O2MC62WMJLPOMIZ.pcm

SwiftExplicitDependencyGeneratePcm x86_64 /Users/apple/Desktop/【项目的游戏】/deliveries/obr_n_1778781263663_8prq5y/ios-app/build/SwiftExplicitPrecompiledModules/_DarwinFoundation3-B7VSFR1VII487EJ32LYMTY4JK.pcm

SwiftExplicitDependencyGeneratePcm x86_64 /Users/apple/Desktop/【项目的游戏】/deliveries/obr_n_1778781263663_8prq5y/ios-app/build/SwiftExplicitPrecompiledModules/_Builtin_stdatomic-37B3QELSWBXJ31LY6ZOIQWX6M.pcm

SwiftExplicitDependencyGeneratePcm arm64 /Users/apple/Desktop/【项目的游戏】/deliveries/obr_n_1778781263663_8prq5y/ios-app/build/SwiftExplicitPrecompiledModules/_Builtin_stdint-7CNIXZO8KHKFOI0JKFXAB6R18.pcm

SwiftExplicitDependencyGeneratePcm arm64 /Users/apple/Desktop/【项目的游戏】/deliveries/obr_n_1778781263663_8prq5y/ios-app/build/SwiftExplicitPrecompiledModules/sys_types-5HT4T3XKVBE4ODLE4S4UTXIHR.pcm

SwiftExplicitDependencyGeneratePcm arm64 /Users/apple/Desktop/【项目的游戏】/deliveries/obr_n_1778781263663_8prq5y/ios-app/build/SwiftExplicitPrecompiledModules/_Builtin_tgmath-5IXD3PCTVFVFFXNWZM31YSUDW.pcm

SwiftExplicitDependencyGeneratePcm arm64 /Users/apple/Desktop/【项目的游戏】/deliveries/obr_n_1778781263663_8prq5y/ios-app/build/SwiftExplicitPrecompiledModules/_Builtin_intrinsics-5G24RXEC4BU6HU16L2GMEN6SK.pcm

SwiftExplicitDependencyGeneratePcm arm64 /Users/apple/Desktop/【项目的游戏】/deliveries/obr_n_1778781263663_8prq5y/ios-app/build/SwiftExplicitPrecompiledModules/_Builtin_stdatomic-CN053VN01W551QQ4A5MD30Y1O.pcm

SwiftExplicitDependencyGeneratePcm arm64 /Users/apple/Desktop/【项目的游戏】/deliveries/obr_n_1778781263663_8prq5y/ios-app/build/SwiftExplicitPrecompiledModules/_DarwinFoundation3-5VUIIE85Q1FYXZ1Y2KS38PKN.pcm

SwiftExplicitDependencyGeneratePcm x86_64 /Users/apple/Desktop/【项目的游戏】/deliveries/obr_n_1778781263663_8prq5y/ios-app/build/SwiftExplicitPrecompiledModules/_Builtin_inttypes-ECKY7BEHLFGMAV4NMNFWFQW8I.pcm

SwiftExplicitDependencyGeneratePcm x86_64 /Users/apple/Desktop/【项目的游戏】/deliveries/obr_n_1778781263663_8prq5y/ios-app/build/SwiftExplicitPrecompiledModules/_Builtin_intrinsics-EMRHQAZAWD9376Y1TNCP5T40O.pcm

SwiftExplicitDependencyGeneratePcm x86_64 /Users/apple/Desktop/【项目的游戏】/deliveries/obr_n_1778781263663_8prq5y/ios-app/build/SwiftExplicitPrecompiledModules/Darwin-4TMKX7GAJAQ6QM3J0WJPPY5UB.pcm

SwiftExplicitDependencyGeneratePcm arm64 /Users/apple/Desktop/【项目的游戏】/deliveries/obr_n_1778781263663_8prq5y/ios-app/build/SwiftExplicitPrecompiledModules/_Builtin_inttypes-14RC4R7HYPVF4OMUZIP30AJ94.pcm

SwiftExplicitDependencyGeneratePcm arm64 /Users/apple/Desktop/【项目的游戏】/deliveries/obr_n_1778781263663_8prq5y/ios-app/build/SwiftExplicitPrecompiledModules/Darwin-A6IB035GS925D0PTF4BVRWQMV.pcm

SwiftExplicitDependencyGeneratePcm arm64 /Users/apple/Desktop/【项目的游戏】/deliveries/obr_n_1778781263663_8prq5y/ios-app/build/SwiftExplicitPrecompiledModules/simd-3GD7HQK5KPMKWNTXSF5WWEFG2.pcm

SwiftExplicitDependencyGeneratePcm x86_64 /Users/apple/Desktop/【项目的游戏】/deliveries/obr_n_1778781263663_8prq5y/ios-app/build/SwiftExplicitPrecompiledModules/simd-B1374IAYO7BF9TA2ST61RU16U.pcm

SwiftExplicitDependencyGeneratePcm x86_64 /Users/apple/Desktop/【项目的游戏】/deliveries/obr_n_1778781263663_8prq5y/ios-app/build/SwiftExplicitPrecompiledModules/MachO-7CI81EW3OZTOKSK5OG5F0KHDH.pcm

SwiftExplicitDependencyGeneratePcm x86_64 /Users/apple/Desktop/【项目的游戏】/deliveries/obr_n_1778781263663_8prq5y/ios-app/build/SwiftExplicitPrecompiledModules/ObjectiveC-6Y913JFQUAFNVOD4A7DHT0IB2.pcm

SwiftExplicitDependencyGeneratePcm arm64 /Users/apple/Desktop/【项目的游戏】/deliveries/obr_n_1778781263663_8prq5y/ios-app/build/SwiftExplicitPrecompiledModules/ObjectiveC-127VKW5N74AJWHCEMK0ESQ4N7.pcm

SwiftExplicitDependencyGeneratePcm arm64 /Users/apple/Desktop/【项目的游戏】/deliveries/obr_n_1778781263663_8prq5y/ios-app/build/SwiftExplicitPrecompiledModules/MachO-86EO6PUDXBVVD84H98BTHSZD8.pcm

SwiftExplicitDependencyGeneratePcm x86_64 /Users/apple/Desktop/【项目的游戏】/deliveries/obr_n_1778781263663_8prq5y/ios-app/build/SwiftExplicitPrecompiledModules/os_object-E99HVNS0HCPMAHNKOSU8TP5F5.pcm

SwiftExplicitDependencyGeneratePcm arm64 /Users/apple/Desktop/【项目的游戏】/deliveries/obr_n_1778781263663_8prq5y/ios-app/build/SwiftExplicitPrecompiledModules/os_object-75QG7C2C9FHODDOLYN4F7IDA3.pcm

SwiftExplicitDependencyGeneratePcm x86_64 /Users/apple/Desktop/【项目的游戏】/deliveries/obr_n_1778781263663_8prq5y/ios-app/build/SwiftExplicitPrecompiledModules/os_workgroup-A1G6A9NTMXO3J7D3QYOQNKRNL.pcm

SwiftExplicitDependencyGeneratePcm arm64 /Users/apple/Desktop/【项目的游戏】/deliveries/obr_n_1778781263663_8prq5y/ios-app/build/SwiftExplicitPrecompiledModules/os_workgroup-CHX9XR681Q269WH9FIL0HXUUH.pcm

SwiftExplicitDependencyGeneratePcm x86_64 /Users/apple/Desktop/【项目的游戏】/deliveries/obr_n_1778781263663_8prq5y/ios-app/build/SwiftExplicitPrecompiledModules/Dispatch-8QMR68066P6AE6QCG876Y4JX1.pcm

SwiftExplicitDependencyGeneratePcm arm64 /Users/apple/Desktop/【项目的游戏】/deliveries/obr_n_1778781263663_8prq5y/ios-app/build/SwiftExplicitPrecompiledModules/Spatial-212XRD9PSFT6UJTN32MFGZATN.pcm

SwiftExplicitDependencyGeneratePcm arm64 /Users/apple/Desktop/【项目的游戏】/deliveries/obr_n_1778781263663_8prq5y/ios-app/build/SwiftExplicitPrecompiledModules/Dispatch-9E4QN0XGRP42OVB5HX1A0IGAM.pcm

SwiftExplicitDependencyGeneratePcm x86_64 /Users/apple/Desktop/【项目的游戏】/deliveries/obr_n_1778781263663_8prq5y/ios-app/build/SwiftExplicitPrecompiledModules/XPC-A2CVROE0TJQRB9E1AZQKD62TB.pcm

SwiftExplicitDependencyGeneratePcm x86_64 /Users/apple/Desktop/【项目的游戏】/deliveries/obr_n_1778781263663_8prq5y/ios-app/build/SwiftExplicitPrecompiledModules/CoreFoundation-EMCEK28RV72CTO71BPXYTOQ1W.pcm

SwiftExplicitDependencyGeneratePcm arm64 /Users/apple/Desktop/【项目的游戏】/deliveries/obr_n_1778781263663_8prq5y/ios-app/build/SwiftExplicitPrecompiledModules/XPC-6U66AI42OQR853PKRP4BFSOPO.pcm

SwiftExplicitDependencyGeneratePcm arm64 /Users/apple/Desktop/【项目的游戏】/deliveries/obr_n_1778781263663_8prq5y/ios-app/build/SwiftExplicitPrecompiledModules/CoreFoundation-6S0OU1RQ3IMRVBXWU96FXG6Y.pcm

SwiftExplicitDependencyGeneratePcm x86_64 /Users/apple/Desktop/【项目的游戏】/deliveries/obr_n_1778781263663_8prq5y/ios-app/build/SwiftExplicitPrecompiledModules/os-8LFUXKFM3URBLDL63CTYJPLD0.pcm

SwiftExplicitDependencyGeneratePcm arm64 /Users/apple/Desktop/【项目的游戏】/deliveries/obr_n_1778781263663_8prq5y/ios-app/build/SwiftExplicitPrecompiledModules/os-D094JQI9O84HU4UNQ03GLHHAG.pcm

SwiftExplicitDependencyGeneratePcm x86_64 /Users/apple/Desktop/【项目的游戏】/deliveries/obr_n_1778781263663_8prq5y/ios-app/build/SwiftExplicitPrecompiledModules/Security-DD5HH62KS4XQNK0SI1E2RTI9D.pcm

SwiftExplicitDependencyGeneratePcm x86_64 /Users/apple/Desktop/【项目的游戏】/deliveries/obr_n_1778781263663_8prq5y/ios-app/build/SwiftExplicitPrecompiledModules/CoreGraphics-AQCFTCGD0EIU1512WMRTCU8D5.pcm

SwiftExplicitDependencyGeneratePcm x86_64 /Users/apple/Desktop/【项目的游戏】/deliveries/obr_n_1778781263663_8prq5y/ios-app/build/SwiftExplicitPrecompiledModules/CFNetwork-BNM3Y99JYBQR3H50H6FHEGJV0.pcm

SwiftExplicitDependencyGeneratePcm x86_64 /Users/apple/Desktop/【项目的游戏】/deliveries/obr_n_1778781263663_8prq5y/ios-app/build/SwiftExplicitPrecompiledModules/Spatial-1VB8M1ICXOJFYI5IZ15YHSYQ0.pcm

SwiftExplicitDependencyGeneratePcm arm64 /Users/apple/Desktop/【项目的游戏】/deliveries/obr_n_1778781263663_8prq5y/ios-app/build/SwiftExplicitPrecompiledModules/Security-A4PKTQEDVE258HX71P8Y2PQM7.pcm

SwiftExplicitDependencyGeneratePcm arm64 /Users/apple/Desktop/【项目的游戏】/deliveries/obr_n_1778781263663_8prq5y/ios-app/build/SwiftExplicitPrecompiledModules/CoreGraphics-DTXMRCWSOTAJKXAIS47CV7WXA.pcm

SwiftExplicitDependencyGeneratePcm arm64 /Users/apple/Desktop/【项目的游戏】/deliveries/obr_n_1778781263663_8prq5y/ios-app/build/SwiftExplicitPrecompiledModules/CFNetwork-ASZN0E24OWQD7AHBLWBA2XDPW.pcm

SwiftExplicitDependencyGeneratePcm x86_64 /Users/apple/Desktop/【项目的游戏】/deliveries/obr_n_1778781263663_8prq5y/ios-app/build/SwiftExplicitPrecompiledModules/Foundation-6V6BCDLQ5AAKSPGU2PDXSM9UG.pcm

SwiftExplicitDependencyGeneratePcm x86_64 /Users/apple/Desktop/【项目的游戏】/deliveries/obr_n_1778781263663_8prq5y/ios-app/build/SwiftExplicitPrecompiledModules/ImageIO-ESGYG7X5EXOOJ4TXTZFQLFWKL.pcm

SwiftExplicitDependencyGeneratePcm x86_64 /Users/apple/Desktop/【项目的游戏】/deliveries/obr_n_1778781263663_8prq5y/ios-app/build/SwiftExplicitPrecompiledModules/CoreText-3AXN9532O1SZROX7AFJ0AAF0R.pcm

SwiftExplicitDependencyGeneratePcm arm64 /Users/apple/Desktop/【项目的游戏】/deliveries/obr_n_1778781263663_8prq5y/ios-app/build/SwiftExplicitPrecompiledModules/Foundation-1GG7X5PZV8W8KUCQLLAJQYFUU.pcm

SwiftExplicitDependencyGeneratePcm arm64 /Users/apple/Desktop/【项目的游戏】/deliveries/obr_n_1778781263663_8prq5y/ios-app/build/SwiftExplicitPrecompiledModules/ImageIO-ATZ9ZBR58IN4560HQH835T9SM.pcm

SwiftExplicitDependencyGeneratePcm arm64 /Users/apple/Desktop/【项目的游戏】/deliveries/obr_n_1778781263663_8prq5y/ios-app/build/SwiftExplicitPrecompiledModules/CoreText-1YUWAME6SHC50O4H1ZW0TDJ7I.pcm

SwiftExplicitDependencyGeneratePcm x86_64 /Users/apple/Desktop/【项目的游戏】/deliveries/obr_n_1778781263663_8prq5y/ios-app/build/SwiftExplicitPrecompiledModules/UIUtilities-2JAFXK86NB522FH8B63KPRATO.pcm

SwiftExplicitDependencyGeneratePcm x86_64 /Users/apple/Desktop/【项目的游戏】/deliveries/obr_n_1778781263663_8prq5y/ios-app/build/SwiftExplicitPrecompiledModules/IOSurface-DVBB36IC9Y3DBQUE9KAXFQ64Z.pcm

SwiftExplicitDependencyGeneratePcm x86_64 /Users/apple/Desktop/【项目的游戏】/deliveries/obr_n_1778781263663_8prq5y/ios-app/build/SwiftExplicitPrecompiledModules/Symbols-3O90D1Y21557FQ5PD60EO5LMJ.pcm

SwiftExplicitDependencyGeneratePcm x86_64 /Users/apple/Desktop/【项目的游戏】/deliveries/obr_n_1778781263663_8prq5y/ios-app/build/SwiftExplicitPrecompiledModules/OpenGLES-BLP5FNNXA6XJXJRBQAW5MEV5M.pcm

SwiftExplicitDependencyGeneratePcm x86_64 /Users/apple/Desktop/【项目的游戏】/deliveries/obr_n_1778781263663_8prq5y/ios-app/build/SwiftExplicitPrecompiledModules/OSLog-A4F9IBGXIRVWFKVVJ0JGNTKUQ.pcm

SwiftExplicitDependencyGeneratePcm x86_64 /Users/apple/Desktop/【项目的游戏】/deliveries/obr_n_1778781263663_8prq5y/ios-app/build/SwiftExplicitPrecompiledModules/Accessibility-453U6F0KJHFCEV6FSW30ABJ3H.pcm

SwiftExplicitDependencyGeneratePcm x86_64 /Users/apple/Desktop/【项目的游戏】/deliveries/obr_n_1778781263663_8prq5y/ios-app/build/SwiftExplicitPrecompiledModules/FileProvider-9B9DVUHU2YILM2S8EFH478E4N.pcm

SwiftExplicitDependencyGeneratePcm x86_64 /Users/apple/Desktop/【项目的游戏】/deliveries/obr_n_1778781263663_8prq5y/ios-app/build/SwiftExplicitPrecompiledModules/CoreData-1ZY5R4ZVWNQ27YHUVTCKG2NFX.pcm

SwiftExplicitDependencyGeneratePcm x86_64 /Users/apple/Desktop/【项目的游戏】/deliveries/obr_n_1778781263663_8prq5y/ios-app/build/SwiftExplicitPrecompiledModules/CoreTransferable-74XJHZAK1MKNU2ERWT4DNWL7A.pcm

SwiftExplicitDependencyGeneratePcm x86_64 /Users/apple/Desktop/【项目的游戏】/deliveries/obr_n_1778781263663_8prq5y/ios-app/build/SwiftExplicitPrecompiledModules/UniformTypeIdentifiers-DE4ZUJEXCQFT0VQNMVKCOMI0W.pcm

SwiftExplicitDependencyGeneratePcm x86_64 /Users/apple/Desktop/【项目的游戏】/deliveries/obr_n_1778781263663_8prq5y/ios-app/build/SwiftExplicitPrecompiledModules/UserNotifications-DJ05FWXM7K2D8XDFSL5P9PY71.pcm

SwiftExplicitDependencyGeneratePcm x86_64 /Users/apple/Desktop/【项目的游戏】/deliveries/obr_n_1778781263663_8prq5y/ios-app/build/SwiftExplicitPrecompiledModules/DataDetection-17KU0NHU0B9E27VVZGE9D5AZ7.pcm

SwiftExplicitDependencyGeneratePcm x86_64 /Users/apple/Desktop/【项目的游戏】/deliveries/obr_n_1778781263663_8prq5y/ios-app/build/SwiftExplicitPrecompiledModules/Metal-6R6OB52LXY6962RS8QMC5OPZ8.pcm

SwiftExplicitDependencyGeneratePcm arm64 /Users/apple/Desktop/【项目的游戏】/deliveries/obr_n_1778781263663_8prq5y/ios-app/build/SwiftExplicitPrecompiledModules/Symbols-5GCAOXSEOU5SUDD8MJH6OGTRE.pcm

SwiftExplicitDependencyGeneratePcm arm64 /Users/apple/Desktop/【项目的游戏】/deliveries/obr_n_1778781263663_8prq5y/ios-app/build/SwiftExplicitPrecompiledModules/Accessibility-DZ0V8GRTNEICBYCAIGBOLF6L2.pcm

SwiftExplicitDependencyGeneratePcm arm64 /Users/apple/Desktop/【项目的游戏】/deliveries/obr_n_1778781263663_8prq5y/ios-app/build/SwiftExplicitPrecompiledModules/OSLog-9J65BLI9H6BLQLJLEC4SMW4KJ.pcm

SwiftExplicitDependencyGeneratePcm arm64 /Users/apple/Desktop/【项目的游戏】/deliveries/obr_n_1778781263663_8prq5y/ios-app/build/SwiftExplicitPrecompiledModules/UIUtilities-6OPWLM0ULFY9ZT1FW1K1ZT9TJ.pcm

SwiftExplicitDependencyGeneratePcm arm64 /Users/apple/Desktop/【项目的游戏】/deliveries/obr_n_1778781263663_8prq5y/ios-app/build/SwiftExplicitPrecompiledModules/CoreData-AV724YTBYMALICIU714Y3I6LN.pcm

SwiftExplicitDependencyGeneratePcm arm64 /Users/apple/Desktop/【项目的游戏】/deliveries/obr_n_1778781263663_8prq5y/ios-app/build/SwiftExplicitPrecompiledModules/CoreTransferable-DDX8O5YSJAGC0ZESDYX55VH8T.pcm

SwiftExplicitDependencyGeneratePcm arm64 /Users/apple/Desktop/【项目的游戏】/deliveries/obr_n_1778781263663_8prq5y/ios-app/build/SwiftExplicitPrecompiledModules/UniformTypeIdentifiers-C4NQ35C9MCNDQLVQ7N8E3TYPE.pcm

SwiftExplicitDependencyGeneratePcm arm64 /Users/apple/Desktop/【项目的游戏】/deliveries/obr_n_1778781263663_8prq5y/ios-app/build/SwiftExplicitPrecompiledModules/OpenGLES-XC5GG67SEBN2Q6FG0OB2LMZR.pcm

SwiftExplicitDependencyGeneratePcm arm64 /Users/apple/Desktop/【项目的游戏】/deliveries/obr_n_1778781263663_8prq5y/ios-app/build/SwiftExplicitPrecompiledModules/DataDetection-5NV7XP6WXU2RIL7I5EXPAABY7.pcm

SwiftExplicitDependencyGeneratePcm arm64 /Users/apple/Desktop/【项目的游戏】/deliveries/obr_n_1778781263663_8prq5y/ios-app/build/SwiftExplicitPrecompiledModules/IOSurface-AKZ3OUL8E4BZCG44RBJD4UN85.pcm

SwiftExplicitDependencyGeneratePcm arm64 /Users/apple/Desktop/【项目的游戏】/deliveries/obr_n_1778781263663_8prq5y/ios-app/build/SwiftExplicitPrecompiledModules/FileProvider-B5XLL3YE0RQHEB1KVP1H8H6DK.pcm

SwiftExplicitDependencyGeneratePcm arm64 /Users/apple/Desktop/【项目的游戏】/deliveries/obr_n_1778781263663_8prq5y/ios-app/build/SwiftExplicitPrecompiledModules/UserNotifications-ESIC8OGJH9P598BMLPJRVJC66.pcm

SwiftExplicitDependencyGeneratePcm arm64 /Users/apple/Desktop/【项目的游戏】/deliveries/obr_n_1778781263663_8prq5y/ios-app/build/SwiftExplicitPrecompiledModules/Metal-ES9EYTI7MYWWDFAPTLACF8UCY.pcm

SwiftExplicitDependencyGeneratePcm x86_64 /Users/apple/Desktop/【项目的游戏】/deliveries/obr_n_1778781263663_8prq5y/ios-app/build/SwiftExplicitPrecompiledModules/CoreVideo-6AQ3JREZDHG6HB4Z4GBCTFTM9.pcm

SwiftExplicitDependencyGeneratePcm x86_64 /Users/apple/Desktop/【项目的游戏】/deliveries/obr_n_1778781263663_8prq5y/ios-app/build/SwiftExplicitPrecompiledModules/QuartzCore-DLS12H3O8APP4YAHX4R5AP8O8.pcm

SwiftExplicitDependencyGeneratePcm x86_64 /Users/apple/Desktop/【项目的游戏】/deliveries/obr_n_1778781263663_8prq5y/ios-app/build/SwiftExplicitPrecompiledModules/CoreImage-C7O89D45CERFX2C05T4DVXSDW.pcm

SwiftExplicitDependencyGeneratePcm arm64 /Users/apple/Desktop/【项目的游戏】/deliveries/obr_n_1778781263663_8prq5y/ios-app/build/SwiftExplicitPrecompiledModules/CoreVideo-5YYA9NUAIUZAS488VJXT4P2D5.pcm

SwiftExplicitDependencyGeneratePcm x86_64 /Users/apple/Desktop/【项目的游戏】/deliveries/obr_n_1778781263663_8prq5y/ios-app/build/SwiftExplicitPrecompiledModules/SwiftUICore-8MT0SCWFQE2E9X7LIQS99EB6P.pcm

SwiftExplicitDependencyGeneratePcm x86_64 /Users/apple/Desktop/【项目的游戏】/deliveries/obr_n_1778781263663_8prq5y/ios-app/build/SwiftExplicitPrecompiledModules/UIKit-8QRZ2E84602J8V67VUWC8L0SW.pcm

SwiftExplicitDependencyGeneratePcm arm64 /Users/apple/Desktop/【项目的游戏】/deliveries/obr_n_1778781263663_8prq5y/ios-app/build/SwiftExplicitPrecompiledModules/CoreImage-DZZNVLQBANLG74RAKLHA2FTY1.pcm

SwiftExplicitDependencyGeneratePcm arm64 /Users/apple/Desktop/【项目的游戏】/deliveries/obr_n_1778781263663_8prq5y/ios-app/build/SwiftExplicitPrecompiledModules/QuartzCore-EZ79KOTUFJ2KOPSK20Z3DC402.pcm

SwiftExplicitDependencyGeneratePcm arm64 /Users/apple/Desktop/【项目的游戏】/deliveries/obr_n_1778781263663_8prq5y/ios-app/build/SwiftExplicitPrecompiledModules/SwiftUICore-BKH7BLCEFZ33PX92TR5VNQLQX.pcm

SwiftExplicitDependencyGeneratePcm arm64 /Users/apple/Desktop/【项目的游戏】/deliveries/obr_n_1778781263663_8prq5y/ios-app/build/SwiftExplicitPrecompiledModules/UIKit-ADK6H5SQJWRLG7GXJH8LM3IXU.pcm

SwiftExplicitDependencyGeneratePcm x86_64 /Users/apple/Desktop/【项目的游戏】/deliveries/obr_n_1778781263663_8prq5y/ios-app/build/SwiftExplicitPrecompiledModules/SwiftUI-EVZTPH6UOY4BWVJPKVFCRAMNV.pcm

SwiftEmitModule normal x86_64 Emitting\ module\ for\ LumaSense (in target 'LumaSense' from project 'LumaSense')

EmitSwiftModule normal x86_64 (in target 'LumaSense' from project 'LumaSense')
    cd /Users/apple/Desktop/【项目的游戏】/deliveries/obr_n_1778781263663_8prq5y/ios-app
    

SwiftCompile normal x86_64 Compiling\ LumaSenseApp.swift /Users/apple/Desktop/【项目的游戏】/deliveries/obr_n_1778781263663_8prq5y/ios-app/LumaSense/LumaSenseApp.swift (in target 'LumaSense' from project 'LumaSense')

SwiftCompile normal x86_64 /Users/apple/Desktop/【项目的游戏】/deliveries/obr_n_1778781263663_8prq5y/ios-app/LumaSense/LumaSenseApp.swift (in target 'LumaSense' from project 'LumaSense')
    cd /Users/apple/Desktop/【项目的游戏】/deliveries/obr_n_1778781263663_8prq5y/ios-app
    

SwiftCompile normal x86_64 Compiling\ ContentView.swift /Users/apple/Desktop/【项目的游戏】/deliveries/obr_n_1778781263663_8prq5y/ios-app/LumaSense/ContentView.swift (in target 'LumaSense' from project 'LumaSense')

SwiftCompile normal x86_64 /Users/apple/Desktop/【项目的游戏】/deliveries/obr_n_1778781263663_8prq5y/ios-app/LumaSense/ContentView.swift (in target 'LumaSense' from project 'LumaSense')
    cd /Users/apple/Desktop/【项目的游戏】/deliveries/obr_n_1778781263663_8prq5y/ios-app
    

SwiftCompile normal x86_64 Compiling\ WorkflowPlan.swift /Users/apple/Desktop/【项目的游戏】/deliveries/obr_n_1778781263663_8prq5y/ios-app/LumaSense/Features/WorkflowPlan.swift (in target 'LumaSense' from project 'LumaSense')

SwiftCompile normal x86_64 /Users/apple/Desktop/【项目的游戏】/deliveries/obr_n_1778781263663_8prq5y/ios-app/LumaSense/Features/WorkflowPlan.swift (in target 'LumaSense' from project 'LumaSense')
    cd /Users/apple/Desktop/【项目的游戏】/deliveries/obr_n_1778781263663_8prq5y/ios-app
    

SwiftCompile normal x86_64 Compiling\ GeneratedAssetSymbols.swift /Users/apple/Desktop/【项目的游戏】/deliveries/obr_n_1778781263663_8prq5y/ios-app/build/LumaSense.build/Debug-iphonesimulator/LumaSense.build/DerivedSources/GeneratedAssetSymbols.swift (in target 'LumaSense' from project 'LumaSense')

SwiftCompile normal x86_64 /Users/apple/Desktop/【项目的游戏】/deliveries/obr_n_1778781263663_8prq5y/ios-app/build/LumaSense.build/Debug-iphonesimulator/LumaSense.build/DerivedSources/GeneratedAssetSymbols.swift (in target 'LumaSense' from project 'LumaSense')
    cd /Users/apple/Desktop/【项目的游戏】/deliveries/obr_n_1778781263663_8prq5y/ios-app
    

SwiftExplicitDependencyGeneratePcm arm64 /Users/apple/Desktop/【项目的游戏】/deliveries/obr_n_1778781263663_8prq5y/ios-app/build/SwiftExplicitPrecompiledModules/SwiftUI-7WA0BEN712FV1IWL5M0QQ4A26.pcm

SwiftEmitModule normal arm64 Emitting\ module\ for\ LumaSense (in target 'LumaSense' from project 'LumaSense')

EmitSwiftModule normal arm64 (in target 'LumaSense' from project 'LumaSense')
    cd /Users/apple/Desktop/【项目的游戏】/deliveries/obr_n_1778781263663_8prq5y/ios-app
    

SwiftCompile normal arm64 Compiling\ WorkflowPlan.swift /Users/apple/Desktop/【项目的游戏】/deliveries/obr_n_1778781263663_8prq5y/ios-app/LumaSense/Features/WorkflowPlan.swift (in target 'LumaSense' from project 'LumaSense')

SwiftCompile normal arm64 /Users/apple/Desktop/【项目的游戏】/deliveries/obr_n_1778781263663_8prq5y/ios-app/LumaSense/Features/WorkflowPlan.swift (in target 'LumaSense' from project 'LumaSense')
    cd /Users/apple/Desktop/【项目的游戏】/deliveries/obr_n_1778781263663_8prq5y/ios-app
    

SwiftCompile normal arm64 Compiling\ LumaSenseApp.swift /Users/apple/Desktop/【项目的游戏】/deliveries/obr_n_1778781263663_8prq5y/ios-app/LumaSense/LumaSenseApp.swift (in target 'LumaSense' from project 'LumaSense')

SwiftCompile normal arm64 /Users/apple/Desktop/【项目的游戏】/deliveries/obr_n_1778781263663_8prq5y/ios-app/LumaSense/LumaSenseApp.swift (in target 'LumaSense' from project 'LumaSense')
    cd /Users/apple/Desktop/【项目的游戏】/deliveries/obr_n_1778781263663_8prq5y/ios-app
    

SwiftCompile normal arm64 Compiling\ ContentView.swift /Users/apple/Desktop/【项目的游戏】/deliveries/obr_n_1778781263663_8prq5y/ios-app/LumaSense/ContentView.swift (in target 'LumaSense' from project 'LumaSense')

SwiftCompile normal arm64 /Users/apple/Desktop/【项目的游戏】/deliveries/obr_n_1778781263663_8prq5y/ios-app/LumaSense/ContentView.swift (in target 'LumaSense' from project 'LumaSense')
    cd /Users/apple/Desktop/【项目的游戏】/deliveries/obr_n_1778781263663_8prq5y/ios-app
    

SwiftCompile normal arm64 Compiling\ GeneratedAssetSymbols.swift /Users/apple/Desktop/【项目的游戏】/deliveries/obr_n_1778781263663_8prq5y/ios-app/build/LumaSense.build/Debug-iphonesimulator/LumaSense.build/DerivedSources/GeneratedAssetSymbols.swift (in target 'LumaSense' from project 'LumaSense')

SwiftCompile normal arm64 /Users/apple/Desktop/【项目的游戏】/deliveries/obr_n_1778781263663_8prq5y/ios-app/build/LumaSense.build/Debug-iphonesimulator/LumaSense.build/DerivedSources/GeneratedAssetSymbols.swift (in target 'LumaSense' from project 'LumaSense')
    cd /Users/apple/Desktop/【项目的游戏】/deliveries/obr_n_1778781263663_8prq5y/ios-app
    

SwiftDriverJobDiscovery normal arm64 Compiling WorkflowPlan.swift (in target 'LumaSense' from project 'LumaSense')

SwiftDriverJobDiscovery normal x86_64 Compiling GeneratedAssetSymbols.swift (in target 'LumaSense' from project 'LumaSense')

SwiftDriverJobDiscovery normal arm64 Compiling LumaSenseApp.swift (in target 'LumaSense' from project 'LumaSense')

SwiftDriverJobDiscovery normal x86_64 Compiling LumaSenseApp.swift (in target 'LumaSense' from project 'LumaSense')

SwiftDriverJobDiscovery normal x86_64 Compiling WorkflowPlan.swift (in target 'LumaSense' from project 'LumaSense')

SwiftDriverJobDiscovery normal x86_64 Emitting module for LumaSense (in target 'LumaSense' from project 'LumaSense')

SwiftDriver\ Compilation\ Requirements LumaSense normal x86_64 com.apple.xcode.tools.swift.compiler (in target 'LumaSense' from project 'LumaSense')
    cd /Users/apple/Desktop/【项目的游戏】/deliveries/obr_n_1778781263663_8prq5y/ios-app
    builtin-Swift-Compilation-Requirements -- /Applications/Xcode.app/Contents/Developer/Toolchains/XcodeDefault.xctoolchain/usr/bin/swiftc -module-name LumaSense -Onone @/Users/apple/Desktop/【项目的游戏】/deliveries/obr_n_1778781263663_8prq5y/ios-app/build/LumaSense.build/Debug-iphonesimulator/LumaSense.build/Objects-normal/x86_64/LumaSense.SwiftFileList -DDEBUG -enable-bare-slash-regex -enable-experimental-feature DebugDescriptionMacro -sdk /Applications/Xcode.app/Contents/Developer/Platforms/iPhoneSimulator.platform/Developer/SDKs/iPhoneSimulator26.4.sdk -target x86_64-apple-ios17.0-simulator -g -Xfrontend -serialize-debugging-options -enable-testing -Xcc -D_LIBCPP_HARDENING_MODE\=_LIBCPP_HARDENING_MODE_DEBUG -swift-version 5 -I /Users/apple/Desktop/【项目的游戏】/deliveries/obr_n_1778781263663_8prq5y/ios-app/build/Debug-iphonesimulator -F /Users/apple/Desktop/【项目的游戏】/deliveries/obr_n_1778781263663_8prq5y/ios-app/build/Debug-iphonesimulator -emit-localized-strings -emit-localized-strings-path /Users/apple/Desktop/【项目的游戏】/deliveries/obr_n_1778781263663_8prq5y/ios-app/build/LumaSense.build/Debug-iphonesimulator/LumaSense.build/Objects-normal/x86_64 -c -j10 -enable-batch-mode -incremental -Xcc -ivfsstatcache -Xcc /var/folders/mc/h01_nd994qd7n0c83d8z536c0000gn/C/com.apple.DeveloperTools/26.4.1-17E202/Xcode/SDKStatCaches.noindex/iphonesimulator26.4-23E252-686eebb5dc1d8ecb277353a59184f4aa.sdkstatcache -output-file-map /Users/apple/Desktop/【项目的游戏】/deliveries/obr_n_1778781263663_8prq5y/ios-app/build/LumaSense.build/Debug-iphonesimulator/LumaSense.build/Objects-normal/x86_64/LumaSense-OutputFileMap.json -use-frontend-parseable-output -save-temps -no-color-diagnostics -explicit-module-build -module-cache-path /Users/apple/Desktop/【项目的游戏】/deliveries/obr_n_1778781263663_8prq5y/ios-app/build/SwiftExplicitPrecompiledModules -serialize-diagnostics -emit-dependencies -emit-module -emit-module-path /Users/apple/Desktop/【项目的游戏】/deliveries/obr_n_1778781263663_8prq5y/ios-app/build/LumaSense.build/Debug-iphonesimulator/LumaSense.build/Objects-normal/x86_64/LumaSense.swiftmodule -validate-clang-modules-once -clang-build-session-file /var/folders/mc/h01_nd994qd7n0c83d8z536c0000gn/C/org.llvm.clang/ModuleCache.noindex/Session.modulevalidation -Xcc -I/Users/apple/Desktop/【项目的游戏】/deliveries/obr_n_1778781263663_8prq5y/ios-app/build/LumaSense.build/Debug-iphonesimulator/LumaSense.build/swift-overrides.hmap -emit-const-values -Xfrontend -const-gather-protocols-file -Xfrontend /Users/apple/Desktop/【项目的游戏】/deliveries/obr_n_1778781263663_8prq5y/ios-app/build/LumaSense.build/Debug-iphonesimulator/LumaSense.build/Objects-normal/x86_64/LumaSense_const_extract_protocols.json -Xcc -iquote -Xcc /Users/apple/Desktop/【项目的游戏】/deliveries/obr_n_1778781263663_8prq5y/ios-app/build/LumaSense.build/Debug-iphonesimulator/LumaSense.build/LumaSense-generated-files.hmap -Xcc -I/Users/apple/Desktop/【项目的游戏】/deliveries/obr_n_1778781263663_8prq5y/ios-app/build/LumaSense.build/Debug-iphonesimulator/LumaSense.build/LumaSense-own-target-headers.hmap -Xcc -I/Users/apple/Desktop/【项目的游戏】/deliveries/obr_n_1778781263663_8prq5y/ios-app/build/LumaSense.build/Debug-iphonesimulator/LumaSense.build/LumaSense-all-target-headers.hmap -Xcc -iquote -Xcc /Users/apple/Desktop/【项目的游戏】/deliveries/obr_n_1778781263663_8prq5y/ios-app/build/LumaSense.build/Debug-iphonesimulator/LumaSense.build/LumaSense-project-headers.hmap -Xcc -I/Users/apple/Desktop/【项目的游戏】/deliveries/obr_n_1778781263663_8prq5y/ios-app/build/Debug-iphonesimulator/include -Xcc -I/Users/apple/Desktop/【项目的游戏】/deliveries/obr_n_1778781263663_8prq5y/ios-app/build/LumaSense.build/Debug-iphonesimulator/LumaSense.build/DerivedSources-normal/x86_64 -Xcc -I/Users/apple/Desktop/【项目的游戏】/deliveries/obr_n_1778781263663_8prq5y/ios-app/build/LumaSense.build/Debug-iphonesimulator/LumaSense.build/DerivedSources/x86_64 -Xcc -I/Users/apple/Desktop/【项目的游戏】/deliveries/obr_n_1778781263663_8prq5y/ios-app/build/LumaSense.build/Debug-iphonesimulator/LumaSense.build/DerivedSources -Xcc -DDEBUG\=1 -emit-objc-header -emit-objc-header-path /Users/apple/Desktop/【项目的游戏】/deliveries/obr_n_1778781263663_8prq5y/ios-app/build/LumaSense.build/Debug-iphonesimulator/LumaSense.build/Objects-normal/x86_64/LumaSense-Swift.h -working-directory /Users/apple/Desktop/【项目的游戏】/deliveries/obr_n_1778781263663_8prq5y/ios-app -experimental-emit-module-separately -disable-cmo

Copy /Users/apple/Desktop/【项目的游戏】/deliveries/obr_n_1778781263663_8prq5y/ios-app/build/Debug-iphonesimulator/LumaSense.swiftmodule/x86_64-apple-ios-simulator.swiftdoc /Users/apple/Desktop/【项目的游戏】/deliveries/obr_n_1778781263663_8prq5y/ios-app/build/LumaSense.build/Debug-iphonesimulator/LumaSense.build/Objects-normal/x86_64/LumaSense.swiftdoc (in target 'LumaSense' from project 'LumaSense')
    cd /Users/apple/Desktop/【项目的游戏】/deliveries/obr_n_1778781263663_8prq5y/ios-app
    builtin-copy -exclude .DS_Store -exclude CVS -exclude .svn -exclude .git -exclude .hg -resolve-src-symlinks -rename /Users/apple/Desktop/【项目的游戏】/deliveries/obr_n_1778781263663_8prq5y/ios-app/build/LumaSense.build/Debug-iphonesimulator/LumaSense.build/Objects-normal/x86_64/LumaSense.swiftdoc /Users/apple/Desktop/【项目的游戏】/deliveries/obr_n_1778781263663_8prq5y/ios-app/build/Debug-iphonesimulator/LumaSense.swiftmodule/x86_64-apple-ios-simulator.swiftdoc

Copy /Users/apple/Desktop/【项目的游戏】/deliveries/obr_n_1778781263663_8prq5y/ios-app/build/Debug-iphonesimulator/LumaSense.swiftmodule/x86_64-apple-ios-simulator.abi.json /Users/apple/Desktop/【项目的游戏】/deliveries/obr_n_1778781263663_8prq5y/ios-app/build/LumaSense.build/Debug-iphonesimulator/LumaSense.build/Objects-normal/x86_64/LumaSense.abi.json (in target 'LumaSense' from project 'LumaSense')
    cd /Users/apple/Desktop/【项目的游戏】/deliveries/obr_n_1778781263663_8prq5y/ios-app
    builtin-copy -exclude .DS_Store -exclude CVS -exclude .svn -exclude .git -exclude .hg -resolve-src-symlinks -rename /Users/apple/Desktop/【项目的游戏】/deliveries/obr_n_1778781263663_8prq5y/ios-app/build/LumaSense.build/Debug-iphonesimulator/LumaSense.build/Objects-normal/x86_64/LumaSense.abi.json /Users/apple/Desktop/【项目的游戏】/deliveries/obr_n_1778781263663_8prq5y/ios-app/build/Debug-iphonesimulator/LumaSense.swiftmodule/x86_64-apple-ios-simulator.abi.json

Copy /Users/apple/Desktop/【项目的游戏】/deliveries/obr_n_1778781263663_8prq5y/ios-app/build/Debug-iphonesimulator/LumaSense.swiftmodule/x86_64-apple-ios-simulator.swiftmodule /Users/apple/Desktop/【项目的游戏】/deliveries/obr_n_1778781263663_8prq5y/ios-app/build/LumaSense.build/Debug-iphonesimulator/LumaSense.build/Objects-normal/x86_64/LumaSense.swiftmodule (in target 'LumaSense' from project 'LumaSense')
    cd /Users/apple/Desktop/【项目的游戏】/deliveries/obr_n_1778781263663_8prq5y/ios-app
    builtin-copy -exclude .DS_Store -exclude CVS -exclude .svn -exclude .git -exclude .hg -resolve-src-symlinks -rename /Users/apple/Desktop/【项目的游戏】/deliveries/obr_n_1778781263663_8prq5y/ios-app/build/LumaSense.build/Debug-iphonesimulator/LumaSense.build/Objects-normal/x86_64/LumaSense.swiftmodule /Users/apple/Desktop/【项目的游戏】/deliveries/obr_n_1778781263663_8prq5y/ios-app/build/Debug-iphonesimulator/LumaSense.swiftmodule/x86_64-apple-ios-simulator.swiftmodule

Copy /Users/apple/Desktop/【项目的游戏】/deliveries/obr_n_1778781263663_8prq5y/ios-app/build/Debug-iphonesimulator/LumaSense.swiftmodule/Project/x86_64-apple-ios-simulator.swiftsourceinfo /Users/apple/Desktop/【项目的游戏】/deliveries/obr_n_1778781263663_8prq5y/ios-app/build/LumaSense.build/Debug-iphonesimulator/LumaSense.build/Objects-normal/x86_64/LumaSense.swiftsourceinfo (in target 'LumaSense' from project 'LumaSense')
    cd /Users/apple/Desktop/【项目的游戏】/deliveries/obr_n_1778781263663_8prq5y/ios-app
    builtin-copy -exclude .DS_Store -exclude CVS -exclude .svn -exclude .git -exclude .hg -resolve-src-symlinks -rename /Users/apple/Desktop/【项目的游戏】/deliveries/obr_n_1778781263663_8prq5y/ios-app/build/LumaSense.build/Debug-iphonesimulator/LumaSense.build/Objects-normal/x86_64/LumaSense.swiftsourceinfo /Users/apple/Desktop/【项目的游戏】/deliveries/obr_n_1778781263663_8prq5y/ios-app/build/Debug-iphonesimulator/LumaSense.swiftmodule/Project/x86_64-apple-ios-simulator.swiftsourceinfo

SwiftDriverJobDiscovery normal arm64 Emitting module for LumaSense (in target 'LumaSense' from project 'LumaSense')

SwiftDriver\ Compilation\ Requirements LumaSense normal arm64 com.apple.xcode.tools.swift.compiler (in target 'LumaSense' from project 'LumaSense')
    cd /Users/apple/Desktop/【项目的游戏】/deliveries/obr_n_1778781263663_8prq5y/ios-app
    builtin-Swift-Compilation-Requirements -- /Applications/Xcode.app/Contents/Developer/Toolchains/XcodeDefault.xctoolchain/usr/bin/swiftc -module-name LumaSense -Onone @/Users/apple/Desktop/【项目的游戏】/deliveries/obr_n_1778781263663_8prq5y/ios-app/build/LumaSense.build/Debug-iphonesimulator/LumaSense.build/Objects-normal/arm64/LumaSense.SwiftFileList -DDEBUG -enable-bare-slash-regex -enable-experimental-feature DebugDescriptionMacro -sdk /Applications/Xcode.app/Contents/Developer/Platforms/iPhoneSimulator.platform/Developer/SDKs/iPhoneSimulator26.4.sdk -target arm64-apple-ios17.0-simulator -g -Xfrontend -serialize-debugging-options -enable-testing -Xcc -D_LIBCPP_HARDENING_MODE\=_LIBCPP_HARDENING_MODE_DEBUG -swift-version 5 -I /Users/apple/Desktop/【项目的游戏】/deliveries/obr_n_1778781263663_8prq5y/ios-app/build/Debug-iphonesimulator -F /Users/apple/Desktop/【项目的游戏】/deliveries/obr_n_1778781263663_8prq5y/ios-app/build/Debug-iphonesimulator -emit-localized-strings -emit-localized-strings-path /Users/apple/Desktop/【项目的游戏】/deliveries/obr_n_1778781263663_8prq5y/ios-app/build/LumaSense.build/Debug-iphonesimulator/LumaSense.build/Objects-normal/arm64 -c -j10 -enable-batch-mode -incremental -Xcc -ivfsstatcache -Xcc /var/folders/mc/h01_nd994qd7n0c83d8z536c0000gn/C/com.apple.DeveloperTools/26.4.1-17E202/Xcode/SDKStatCaches.noindex/iphonesimulator26.4-23E252-686eebb5dc1d8ecb277353a59184f4aa.sdkstatcache -output-file-map /Users/apple/Desktop/【项目的游戏】/deliveries/obr_n_1778781263663_8prq5y/ios-app/build/LumaSense.build/Debug-iphonesimulator/LumaSense.build/Objects-normal/arm64/LumaSense-OutputFileMap.json -use-frontend-parseable-output -save-temps -no-color-diagnostics -explicit-module-build -module-cache-path /Users/apple/Desktop/【项目的游戏】/deliveries/obr_n_1778781263663_8prq5y/ios-app/build/SwiftExplicitPrecompiledModules -serialize-diagnostics -emit-dependencies -emit-module -emit-module-path /Users/apple/Desktop/【项目的游戏】/deliveries/obr_n_1778781263663_8prq5y/ios-app/build/LumaSense.build/Debug-iphonesimulator/LumaSense.build/Objects-normal/arm64/LumaSense.swiftmodule -validate-clang-modules-once -clang-build-session-file /var/folders/mc/h01_nd994qd7n0c83d8z536c0000gn/C/org.llvm.clang/ModuleCache.noindex/Session.modulevalidation -Xcc -I/Users/apple/Desktop/【项目的游戏】/deliveries/obr_n_1778781263663_8prq5y/ios-app/build/LumaSense.build/Debug-iphonesimulator/LumaSense.build/swift-overrides.hmap -emit-const-values -Xfrontend -const-gather-protocols-file -Xfrontend /Users/apple/Desktop/【项目的游戏】/deliveries/obr_n_1778781263663_8prq5y/ios-app/build/LumaSense.build/Debug-iphonesimulator/LumaSense.build/Objects-normal/arm64/LumaSense_const_extract_protocols.json -Xcc -iquote -Xcc /Users/apple/Desktop/【项目的游戏】/deliveries/obr_n_1778781263663_8prq5y/ios-app/build/LumaSense.build/Debug-iphonesimulator/LumaSense.build/LumaSense-generated-files.hmap -Xcc -I/Users/apple/Desktop/【项目的游戏】/deliveries/obr_n_1778781263663_8prq5y/ios-app/build/LumaSense.build/Debug-iphonesimulator/LumaSense.build/LumaSense-own-target-headers.hmap -Xcc -I/Users/apple/Desktop/【项目的游戏】/deliveries/obr_n_1778781263663_8prq5y/ios-app/build/LumaSense.build/Debug-iphonesimulator/LumaSense.build/LumaSense-all-target-headers.hmap -Xcc -iquote -Xcc /Users/apple/Desktop/【项目的游戏】/deliveries/obr_n_1778781263663_8prq5y/ios-app/build/LumaSense.build/Debug-iphonesimulator/LumaSense.build/LumaSense-project-headers.hmap -Xcc -I/Users/apple/Desktop/【项目的游戏】/deliveries/obr_n_1778781263663_8prq5y/ios-app/build/Debug-iphonesimulator/include -Xcc -I/Users/apple/Desktop/【项目的游戏】/deliveries/obr_n_1778781263663_8prq5y/ios-app/build/LumaSense.build/Debug-iphonesimulator/LumaSense.build/DerivedSources-normal/arm64 -Xcc -I/Users/apple/Desktop/【项目的游戏】/deliveries/obr_n_1778781263663_8prq5y/ios-app/build/LumaSense.build/Debug-iphonesimulator/LumaSense.build/DerivedSources/arm64 -Xcc -I/Users/apple/Desktop/【项目的游戏】/deliveries/obr_n_1778781263663_8prq5y/ios-app/build/LumaSense.build/Debug-iphonesimulator/LumaSense.build/DerivedSources -Xcc -DDEBUG\=1 -emit-objc-header -emit-objc-header-path /Users/apple/Desktop/【项目的游戏】/deliveries/obr_n_1778781263663_8prq5y/ios-app/build/LumaSense.build/Debug-iphonesimulator/LumaSense.build/Objects-normal/arm64/LumaSense-Swift.h -working-directory /Users/apple/Desktop/【项目的游戏】/deliveries/obr_n_1778781263663_8prq5y/ios-app -experimental-emit-module-separately -disable-cmo

SwiftMergeGeneratedHeaders /Users/apple/Desktop/【项目的游戏】/deliveries/obr_n_1778781263663_8prq5y/ios-app/build/LumaSense.build/Debug-iphonesimulator/LumaSense.build/DerivedSources/LumaSense-Swift.h /Users/apple/Desktop/【项目的游戏】/deliveries/obr_n_1778781263663_8prq5y/ios-app/build/LumaSense.build/Debug-iphonesimulator/LumaSense.build/Objects-normal/arm64/LumaSense-Swift.h /Users/apple/Desktop/【项目的游戏】/deliveries/obr_n_1778781263663_8prq5y/ios-app/build/LumaSense.build/Debug-iphonesimulator/LumaSense.build/Objects-normal/x86_64/LumaSense-Swift.h (in target 'LumaSense' from project 'LumaSense')
    cd /Users/apple/Desktop/【项目的游戏】/deliveries/obr_n_1778781263663_8prq5y/ios-app
    builtin-swiftHeaderTool -arch arm64 /Users/apple/Desktop/【项目的游戏】/deliveries/obr_n_1778781263663_8prq5y/ios-app/build/LumaSense.build/Debug-iphonesimulator/LumaSense.build/Objects-normal/arm64/LumaSense-Swift.h -arch x86_64 /Users/apple/Desktop/【项目的游戏】/deliveries/obr_n_1778781263663_8prq5y/ios-app/build/LumaSense.build/Debug-iphonesimulator/LumaSense.build/Objects-normal/x86_64/LumaSense-Swift.h -o /Users/apple/Desktop/【项目的游戏】/deliveries/obr_n_1778781263663_8prq5y/ios-app/build/LumaSense.build/Debug-iphonesimulator/LumaSense.build/DerivedSources/LumaSense-Swift.h

Copy /Users/apple/Desktop/【项目的游戏】/deliveries/obr_n_1778781263663_8prq5y/ios-app/build/Debug-iphonesimulator/LumaSense.swiftmodule/arm64-apple-ios-simulator.abi.json /Users/apple/Desktop/【项目的游戏】/deliveries/obr_n_1778781263663_8prq5y/ios-app/build/LumaSense.build/Debug-iphonesimulator/LumaSense.build/Objects-normal/arm64/LumaSense.abi.json (in target 'LumaSense' from project 'LumaSense')
    cd /Users/apple/Desktop/【项目的游戏】/deliveries/obr_n_1778781263663_8prq5y/ios-app
    builtin-copy -exclude .DS_Store -exclude CVS -exclude .svn -exclude .git -exclude .hg -resolve-src-symlinks -rename /Users/apple/Desktop/【项目的游戏】/deliveries/obr_n_1778781263663_8prq5y/ios-app/build/LumaSense.build/Debug-iphonesimulator/LumaSense.build/Objects-normal/arm64/LumaSense.abi.json /Users/apple/Desktop/【项目的游戏】/deliveries/obr_n_1778781263663_8prq5y/ios-app/build/Debug-iphonesimulator/LumaSense.swiftmodule/arm64-apple-ios-simulator.abi.json

Copy /Users/apple/Desktop/【项目的游戏】/deliveries/obr_n_1778781263663_8prq5y/ios-app/build/Debug-iphonesimulator/LumaSense.swiftmodule/arm64-apple-ios-simulator.swiftmodule /Users/apple/Desktop/【项目的游戏】/deliveries/obr_n_1778781263663_8prq5y/ios-app/build/LumaSense.build/Debug-iphonesimulator/LumaSense.build/Objects-normal/arm64/LumaSense.swiftmodule (in target 'LumaSense' from project 'LumaSense')
    cd /Users/apple/Desktop/【项目的游戏】/deliveries/obr_n_1778781263663_8prq5y/ios-app
    builtin-copy -exclude .DS_Store -exclude CVS -exclude .svn -exclude .git -exclude .hg -resolve-src-symlinks -rename /Users/apple/Desktop/【项目的游戏】/deliveries/obr_n_1778781263663_8prq5y/ios-app/build/LumaSense.build/Debug-iphonesimulator/LumaSense.build/Objects-normal/arm64/LumaSense.swiftmodule /Users/apple/Desktop/【项目的游戏】/deliveries/obr_n_1778781263663_8prq5y/ios-app/build/Debug-iphonesimulator/LumaSense.swiftmodule/arm64-apple-ios-simulator.swiftmodule

Copy /Users/apple/Desktop/【项目的游戏】/deliveries/obr_n_1778781263663_8prq5y/ios-app/build/Debug-iphonesimulator/LumaSense.swiftmodule/arm64-apple-ios-simulator.swiftdoc /Users/apple/Desktop/【项目的游戏】/deliveries/obr_n_1778781263663_8prq5y/ios-app/build/LumaSense.build/Debug-iphonesimulator/LumaSense.build/Objects-normal/arm64/LumaSense.swiftdoc (in target 'LumaSense' from project 'LumaSense')
    cd /Users/apple/Desktop/【项目的游戏】/deliveries/obr_n_1778781263663_8prq5y/ios-app
    builtin-copy -exclude .DS_Store -exclude CVS -exclude .svn -exclude .git -exclude .hg -resolve-src-symlinks -rename /Users/apple/Desktop/【项目的游戏】/deliveries/obr_n_1778781263663_8prq5y/ios-app/build/LumaSense.build/Debug-iphonesimulator/LumaSense.build/Objects-normal/arm64/LumaSense.swiftdoc /Users/apple/Desktop/【项目的游戏】/deliveries/obr_n_1778781263663_8prq5y/ios-app/build/Debug-iphonesimulator/LumaSense.swiftmodule/arm64-apple-ios-simulator.swiftdoc

Copy /Users/apple/Desktop/【项目的游戏】/deliveries/obr_n_1778781263663_8prq5y/ios-app/build/Debug-iphonesimulator/LumaSense.swiftmodule/Project/arm64-apple-ios-simulator.swiftsourceinfo /Users/apple/Desktop/【项目的游戏】/deliveries/obr_n_1778781263663_8prq5y/ios-app/build/LumaSense.build/Debug-iphonesimulator/LumaSense.build/Objects-normal/arm64/LumaSense.swiftsourceinfo (in target 'LumaSense' from project 'LumaSense')
    cd /Users/apple/Desktop/【项目的游戏】/deliveries/obr_n_1778781263663_8prq5y/ios-app
    builtin-copy -exclude .DS_Store -exclude CVS -exclude .svn -exclude .git -exclude .hg -resolve-src-symlinks -rename /Users/apple/Desktop/【项目的游戏】/deliveries/obr_n_1778781263663_8prq5y/ios-app/build/LumaSense.build/Debug-iphonesimulator/LumaSense.build/Objects-normal/arm64/LumaSense.swiftsourceinfo /Users/apple/Desktop/【项目的游戏】/deliveries/obr_n_1778781263663_8prq5y/ios-app/build/Debug-iphonesimulator/LumaSense.swiftmodule/Project/arm64-apple-ios-simulator.swiftsourceinfo

SwiftDriverJobDiscovery normal arm64 Compiling GeneratedAssetSymbols.swift (in target 'LumaSense' from project 'LumaSense')

SwiftDriverJobDiscovery normal x86_64 Compiling ContentView.swift (in target 'LumaSense' from project 'LumaSense')

SwiftDriver\ Compilation LumaSense normal x86_64 com.apple.xcode.tools.swift.compiler (in target 'LumaSense' from project 'LumaSense')
    cd /Users/apple/Desktop/【项目的游戏】/deliveries/obr_n_1778781263663_8prq5y/ios-app
    builtin-Swift-Compilation -- /Applications/Xcode.app/Contents/Developer/Toolchains/XcodeDefault.xctoolchain/usr/bin/swiftc -module-name LumaSense -Onone @/Users/apple/Desktop/【项目的游戏】/deliveries/obr_n_1778781263663_8prq5y/ios-app/build/LumaSense.build/Debug-iphonesimulator/LumaSense.build/Objects-normal/x86_64/LumaSense.SwiftFileList -DDEBUG -enable-bare-slash-regex -enable-experimental-feature DebugDescriptionMacro -sdk /Applications/Xcode.app/Contents/Developer/Platforms/iPhoneSimulator.platform/Developer/SDKs/iPhoneSimulator26.4.sdk -target x86_64-apple-ios17.0-simulator -g -Xfrontend -serialize-debugging-options -enable-testing -Xcc -D_LIBCPP_HARDENING_MODE\=_LIBCPP_HARDENING_MODE_DEBUG -swift-version 5 -I /Users/apple/Desktop/【项目的游戏】/deliveries/obr_n_1778781263663_8prq5y/ios-app/build/Debug-iphonesimulator -F /Users/apple/Desktop/【项目的游戏】/deliveries/obr_n_1778781263663_8prq5y/ios-app/build/Debug-iphonesimulator -emit-localized-strings -emit-localized-strings-path /Users/apple/Desktop/【项目的游戏】/deliveries/obr_n_1778781263663_8prq5y/ios-app/build/LumaSense.build/Debug-iphonesimulator/LumaSense.build/Objects-normal/x86_64 -c -j10 -enable-batch-mode -incremental -Xcc -ivfsstatcache -Xcc /var/folders/mc/h01_nd994qd7n0c83d8z536c0000gn/C/com.apple.DeveloperTools/26.4.1-17E202/Xcode/SDKStatCaches.noindex/iphonesimulator26.4-23E252-686eebb5dc1d8ecb277353a59184f4aa.sdkstatcache -output-file-map /Users/apple/Desktop/【项目的游戏】/deliveries/obr_n_1778781263663_8prq5y/ios-app/build/LumaSense.build/Debug-iphonesimulator/LumaSense.build/Objects-normal/x86_64/LumaSense-OutputFileMap.json -use-frontend-parseable-output -save-temps -no-color-diagnostics -explicit-module-build -module-cache-path /Users/apple/Desktop/【项目的游戏】/deliveries/obr_n_1778781263663_8prq5y/ios-app/build/SwiftExplicitPrecompiledModules -serialize-diagnostics -emit-dependencies -emit-module -emit-module-path /Users/apple/Desktop/【项目的游戏】/deliveries/obr_n_1778781263663_8prq5y/ios-app/build/LumaSense.build/Debug-iphonesimulator/LumaSense.build/Objects-normal/x86_64/LumaSense.swiftmodule -validate-clang-modules-once -clang-build-session-file /var/folders/mc/h01_nd994qd7n0c83d8z536c0000gn/C/org.llvm.clang/ModuleCache.noindex/Session.modulevalidation -Xcc -I/Users/apple/Desktop/【项目的游戏】/deliveries/obr_n_1778781263663_8prq5y/ios-app/build/LumaSense.build/Debug-iphonesimulator/LumaSense.build/swift-overrides.hmap -emit-const-values -Xfrontend -const-gather-protocols-file -Xfrontend /Users/apple/Desktop/【项目的游戏】/deliveries/obr_n_1778781263663_8prq5y/ios-app/build/LumaSense.build/Debug-iphonesimulator/LumaSense.build/Objects-normal/x86_64/LumaSense_const_extract_protocols.json -Xcc -iquote -Xcc /Users/apple/Desktop/【项目的游戏】/deliveries/obr_n_1778781263663_8prq5y/ios-app/build/LumaSense.build/Debug-iphonesimulator/LumaSense.build/LumaSense-generated-files.hmap -Xcc -I/Users/apple/Desktop/【项目的游戏】/deliveries/obr_n_1778781263663_8prq5y/ios-app/build/LumaSense.build/Debug-iphonesimulator/LumaSense.build/LumaSense-own-target-headers.hmap -Xcc -I/Users/apple/Desktop/【项目的游戏】/deliveries/obr_n_1778781263663_8prq5y/ios-app/build/LumaSense.build/Debug-iphonesimulator/LumaSense.build/LumaSense-all-target-headers.hmap -Xcc -iquote -Xcc /Users/apple/Desktop/【项目的游戏】/deliveries/obr_n_1778781263663_8prq5y/ios-app/build/LumaSense.build/Debug-iphonesimulator/LumaSense.build/LumaSense-project-headers.hmap -Xcc -I/Users/apple/Desktop/【项目的游戏】/deliveries/obr_n_1778781263663_8prq5y/ios-app/build/Debug-iphonesimulator/include -Xcc -I/Users/apple/Desktop/【项目的游戏】/deliveries/obr_n_1778781263663_8prq5y/ios-app/build/LumaSense.build/Debug-iphonesimulator/LumaSense.build/DerivedSources-normal/x86_64 -Xcc -I/Users/apple/Desktop/【项目的游戏】/deliveries/obr_n_1778781263663_8prq5y/ios-app/build/LumaSense.build/Debug-iphonesimulator/LumaSense.build/DerivedSources/x86_64 -Xcc -I/Users/apple/Desktop/【项目的游戏】/deliveries/obr_n_1778781263663_8prq5y/ios-app/build/LumaSense.build/Debug-iphonesimulator/LumaSense.build/DerivedSources -Xcc -DDEBUG\=1 -emit-objc-header -emit-objc-header-path /Users/apple/Desktop/【项目的游戏】/deliveries/obr_n_1778781263663_8prq5y/ios-app/build/LumaSense.build/Debug-iphonesimulator/LumaSense.build/Objects-normal/x86_64/LumaSense-Swift.h -working-directory /Users/apple/Desktop/【项目的游戏】/deliveries/obr_n_1778781263663_8prq5y/ios-app -experimental-emit-module-separately -disable-cmo

Ld /Users/apple/Desktop/【项目的游戏】/deliveries/obr_n_1778781263663_8prq5y/ios-app/build/LumaSense.build/Debug-iphonesimulator/LumaSense.build/Objects-normal/x86_64/Binary/LumaSense normal x86_64 (in target 'LumaSense' from project 'LumaSense')
    cd /Users/apple/Desktop/【项目的游戏】/deliveries/obr_n_1778781263663_8prq5y/ios-app
    /Applications/Xcode.app/Contents/Developer/Toolchains/XcodeDefault.xctoolchain/usr/bin/clang -Xlinker -reproducible -target x86_64-apple-ios17.0-simulator -isysroot /Applications/Xcode.app/Contents/Developer/Platforms/iPhoneSimulator.platform/Developer/SDKs/iPhoneSimulator26.4.sdk -O0 -L/Users/apple/Desktop/【项目的游戏】/deliveries/obr_n_1778781263663_8prq5y/ios-app/build/EagerLinkingTBDs/Debug-iphonesimulator -L/Users/apple/Desktop/【项目的游戏】/deliveries/obr_n_1778781263663_8prq5y/ios-app/build/Debug-iphonesimulator -F/Users/apple/Desktop/【项目的游戏】/deliveries/obr_n_1778781263663_8prq5y/ios-app/build/EagerLinkingTBDs/Debug-iphonesimulator -F/Users/apple/Desktop/【项目的游戏】/deliveries/obr_n_1778781263663_8prq5y/ios-app/build/Debug-iphonesimulator -filelist /Users/apple/Desktop/【项目的游戏】/deliveries/obr_n_1778781263663_8prq5y/ios-app/build/LumaSense.build/Debug-iphonesimulator/LumaSense.build/Objects-normal/x86_64/LumaSense.LinkFileList -Xlinker -rpath -Xlinker /usr/lib/swift -Xlinker -dead_strip -Xlinker -object_path_lto -Xlinker /Users/apple/Desktop/【项目的游戏】/deliveries/obr_n_1778781263663_8prq5y/ios-app/build/LumaSense.build/Debug-iphonesimulator/LumaSense.build/Objects-normal/x86_64/LumaSense_lto.o -rdynamic -Xlinker -no_deduplicate -Xlinker -objc_abi_version -Xlinker 2 -Xlinker -dependency_info -Xlinker /Users/apple/Desktop/【项目的游戏】/deliveries/obr_n_1778781263663_8prq5y/ios-app/build/LumaSense.build/Debug-iphonesimulator/LumaSense.build/Objects-normal/x86_64/LumaSense_dependency_info.dat -fobjc-link-runtime -L/Applications/Xcode.app/Contents/Developer/Toolchains/XcodeDefault.xctoolchain/usr/lib/swift/iphonesimulator -L/usr/lib/swift -Xlinker -add_ast_path -Xlinker /Users/apple/Desktop/【项目的游戏】/deliveries/obr_n_1778781263663_8prq5y/ios-app/build/LumaSense.build/Debug-iphonesimulator/LumaSense.build/Objects-normal/x86_64/LumaSense.swiftmodule @/Users/apple/Desktop/【项目的游戏】/deliveries/obr_n_1778781263663_8prq5y/ios-app/build/LumaSense.build/Debug-iphonesimulator/LumaSense.build/Objects-normal/x86_64/LumaSense-linker-args.resp -o /Users/apple/Desktop/【项目的游戏】/deliveries/obr_n_1778781263663_8prq5y/ios-app/build/LumaSense.build/Debug-iphonesimulator/LumaSense.build/Objects-normal/x86_64/Binary/LumaSense

SwiftDriverJobDiscovery normal arm64 Compiling ContentView.swift (in target 'LumaSense' from project 'LumaSense')

SwiftDriver\ Compilation LumaSense normal arm64 com.apple.xcode.tools.swift.compiler (in target 'LumaSense' from project 'LumaSense')
    cd /Users/apple/Desktop/【项目的游戏】/deliveries/obr_n_1778781263663_8prq5y/ios-app
    builtin-Swift-Compilation -- /Applications/Xcode.app/Contents/Developer/Toolchains/XcodeDefault.xctoolchain/usr/bin/swiftc -module-name LumaSense -Onone @/Users/apple/Desktop/【项目的游戏】/deliveries/obr_n_1778781263663_8prq5y/ios-app/build/LumaSense.build/Debug-iphonesimulator/LumaSense.build/Objects-normal/arm64/LumaSense.SwiftFileList -DDEBUG -enable-bare-slash-regex -enable-experimental-feature DebugDescriptionMacro -sdk /Applications/Xcode.app/Contents/Developer/Platforms/iPhoneSimulator.platform/Developer/SDKs/iPhoneSimulator26.4.sdk -target arm64-apple-ios17.0-simulator -g -Xfrontend -serialize-debugging-options -enable-testing -Xcc -D_LIBCPP_HARDENING_MODE\=_LIBCPP_HARDENING_MODE_DEBUG -swift-version 5 -I /Users/apple/Desktop/【项目的游戏】/deliveries/obr_n_1778781263663_8prq5y/ios-app/build/Debug-iphonesimulator -F /Users/apple/Desktop/【项目的游戏】/deliveries/obr_n_1778781263663_8prq5y/ios-app/build/Debug-iphonesimulator -emit-localized-strings -emit-localized-strings-path /Users/apple/Desktop/【项目的游戏】/deliveries/obr_n_1778781263663_8prq5y/ios-app/build/LumaSense.build/Debug-iphonesimulator/LumaSense.build/Objects-normal/arm64 -c -j10 -enable-batch-mode -incremental -Xcc -ivfsstatcache -Xcc /var/folders/mc/h01_nd994qd7n0c83d8z536c0000gn/C/com.apple.DeveloperTools/26.4.1-17E202/Xcode/SDKStatCaches.noindex/iphonesimulator26.4-23E252-686eebb5dc1d8ecb277353a59184f4aa.sdkstatcache -output-file-map /Users/apple/Desktop/【项目的游戏】/deliveries/obr_n_1778781263663_8prq5y/ios-app/build/LumaSense.build/Debug-iphonesimulator/LumaSense.build/Objects-normal/arm64/LumaSense-OutputFileMap.json -use-frontend-parseable-output -save-temps -no-color-diagnostics -explicit-module-build -module-cache-path /Users/apple/Desktop/【项目的游戏】/deliveries/obr_n_1778781263663_8prq5y/ios-app/build/SwiftExplicitPrecompiledModules -serialize-diagnostics -emit-dependencies -emit-module -emit-module-path /Users/apple/Desktop/【项目的游戏】/deliveries/obr_n_1778781263663_8prq5y/ios-app/build/LumaSense.build/Debug-iphonesimulator/LumaSense.build/Objects-normal/arm64/LumaSense.swiftmodule -validate-clang-modules-once -clang-build-session-file /var/folders/mc/h01_nd994qd7n0c83d8z536c0000gn/C/org.llvm.clang/ModuleCache.noindex/Session.modulevalidation -Xcc -I/Users/apple/Desktop/【项目的游戏】/deliveries/obr_n_1778781263663_8prq5y/ios-app/build/LumaSense.build/Debug-iphonesimulator/LumaSense.build/swift-overrides.hmap -emit-const-values -Xfrontend -const-gather-protocols-file -Xfrontend /Users/apple/Desktop/【项目的游戏】/deliveries/obr_n_1778781263663_8prq5y/ios-app/build/LumaSense.build/Debug-iphonesimulator/LumaSense.build/Objects-normal/arm64/LumaSense_const_extract_protocols.json -Xcc -iquote -Xcc /Users/apple/Desktop/【项目的游戏】/deliveries/obr_n_1778781263663_8prq5y/ios-app/build/LumaSense.build/Debug-iphonesimulator/LumaSense.build/LumaSense-generated-files.hmap -Xcc -I/Users/apple/Desktop/【项目的游戏】/deliveries/obr_n_1778781263663_8prq5y/ios-app/build/LumaSense.build/Debug-iphonesimulator/LumaSense.build/LumaSense-own-target-headers.hmap -Xcc -I/Users/apple/Desktop/【项目的游戏】/deliveries/obr_n_1778781263663_8prq5y/ios-app/build/LumaSense.build/Debug-iphonesimulator/LumaSense.build/LumaSense-all-target-headers.hmap -Xcc -iquote -Xcc /Users/apple/Desktop/【项目的游戏】/deliveries/obr_n_1778781263663_8prq5y/ios-app/build/LumaSense.build/Debug-iphonesimulator/LumaSense.build/LumaSense-project-headers.hmap -Xcc -I/Users/apple/Desktop/【项目的游戏】/deliveries/obr_n_1778781263663_8prq5y/ios-app/build/Debug-iphonesimulator/include -Xcc -I/Users/apple/Desktop/【项目的游戏】/deliveries/obr_n_1778781263663_8prq5y/ios-app/build/LumaSense.build/Debug-iphonesimulator/LumaSense.build/DerivedSources-normal/arm64 -Xcc -I/Users/apple/Desktop/【项目的游戏】/deliveries/obr_n_1778781263663_8prq5y/ios-app/build/LumaSense.build/Debug-iphonesimulator/LumaSense.build/DerivedSources/arm64 -Xcc -I/Users/apple/Desktop/【项目的游戏】/deliveries/obr_n_1778781263663_8prq5y/ios-app/build/LumaSense.build/Debug-iphonesimulator/LumaSense.build/DerivedSources -Xcc -DDEBUG\=1 -emit-objc-header -emit-objc-header-path /Users/apple/Desktop/【项目的游戏】/deliveries/obr_n_1778781263663_8prq5y/ios-app/build/LumaSense.build/Debug-iphonesimulator/LumaSense.build/Objects-normal/arm64/LumaSense-Swift.h -working-directory /Users/apple/Desktop/【项目的游戏】/deliveries/obr_n_1778781263663_8prq5y/ios-app -experimental-emit-module-separately -disable-cmo

Ld /Users/apple/Desktop/【项目的游戏】/deliveries/obr_n_1778781263663_8prq5y/ios-app/build/LumaSense.build/Debug-iphonesimulator/LumaSense.build/Objects-normal/arm64/Binary/LumaSense normal arm64 (in target 'LumaSense' from project 'LumaSense')
    cd /Users/apple/Desktop/【项目的游戏】/deliveries/obr_n_1778781263663_8prq5y/ios-app
    /Applications/Xcode.app/Contents/Developer/Toolchains/XcodeDefault.xctoolchain/usr/bin/clang -Xlinker -reproducible -target arm64-apple-ios17.0-simulator -isysroot /Applications/Xcode.app/Contents/Developer/Platforms/iPhoneSimulator.platform/Developer/SDKs/iPhoneSimulator26.4.sdk -O0 -L/Users/apple/Desktop/【项目的游戏】/deliveries/obr_n_1778781263663_8prq5y/ios-app/build/EagerLinkingTBDs/Debug-iphonesimulator -L/Users/apple/Desktop/【项目的游戏】/deliveries/obr_n_1778781263663_8prq5y/ios-app/build/Debug-iphonesimulator -F/Users/apple/Desktop/【项目的游戏】/deliveries/obr_n_1778781263663_8prq5y/ios-app/build/EagerLinkingTBDs/Debug-iphonesimulator -F/Users/apple/Desktop/【项目的游戏】/deliveries/obr_n_1778781263663_8prq5y/ios-app/build/Debug-iphonesimulator -filelist /Users/apple/Desktop/【项目的游戏】/deliveries/obr_n_1778781263663_8prq5y/ios-app/build/LumaSense.build/Debug-iphonesimulator/LumaSense.build/Objects-normal/arm64/LumaSense.LinkFileList -Xlinker -rpath -Xlinker /usr/lib/swift -Xlinker -dead_strip -Xlinker -object_path_lto -Xlinker /Users/apple/Desktop/【项目的游戏】/deliveries/obr_n_1778781263663_8prq5y/ios-app/build/LumaSense.build/Debug-iphonesimulator/LumaSense.build/Objects-normal/arm64/LumaSense_lto.o -rdynamic -Xlinker -no_deduplicate -Xlinker -objc_abi_version -Xlinker 2 -Xlinker -dependency_info -Xlinker /Users/apple/Desktop/【项目的游戏】/deliveries/obr_n_1778781263663_8prq5y/ios-app/build/LumaSense.build/Debug-iphonesimulator/LumaSense.build/Objects-normal/arm64/LumaSense_dependency_info.dat -fobjc-link-runtime -L/Applications/Xcode.app/Contents/Developer/Toolchains/XcodeDefault.xctoolchain/usr/lib/swift/iphonesimulator -L/usr/lib/swift -Xlinker -add_ast_path -Xlinker /Users/apple/Desktop/【项目的游戏】/deliveries/obr_n_1778781263663_8prq5y/ios-app/build/LumaSense.build/Debug-iphonesimulator/LumaSense.build/Objects-normal/arm64/LumaSense.swiftmodule @/Users/apple/Desktop/【项目的游戏】/deliveries/obr_n_1778781263663_8prq5y/ios-app/build/LumaSense.build/Debug-iphonesimulator/LumaSense.build/Objects-normal/arm64/LumaSense-linker-args.resp -o /Users/apple/Desktop/【项目的游戏】/deliveries/obr_n_1778781263663_8prq5y/ios-app/build/LumaSense.build/Debug-iphonesimulator/LumaSense.build/Objects-normal/arm64/Binary/LumaSense

LinkAssetCatalog /Users/apple/Desktop/【项目的游戏】/deliveries/obr_n_1778781263663_8prq5y/ios-app/LumaSense/Assets.xcassets (in target 'LumaSense' from project 'LumaSense')
    cd /Users/apple/Desktop/【项目的游戏】/deliveries/obr_n_1778781263663_8prq5y/ios-app
    builtin-linkAssetCatalog --thinned /Users/apple/Desktop/【项目的游戏】/deliveries/obr_n_1778781263663_8prq5y/ios-app/build/LumaSense.build/Debug-iphonesimulator/LumaSense.build/assetcatalog_output/thinned --thinned-dependencies /Users/apple/Desktop/【项目的游戏】/deliveries/obr_n_1778781263663_8prq5y/ios-app/build/LumaSense.build/Debug-iphonesimulator/LumaSense.build/assetcatalog_dependencies_thinned --thinned-info-plist-content /Users/apple/Desktop/【项目的游戏】/deliveries/obr_n_1778781263663_8prq5y/ios-app/build/LumaSense.build/Debug-iphonesimulator/LumaSense.build/assetcatalog_generated_info.plist_thinned --unthinned /Users/apple/Desktop/【项目的游戏】/deliveries/obr_n_1778781263663_8prq5y/ios-app/build/LumaSense.build/Debug-iphonesimulator/LumaSense.build/assetcatalog_output/unthinned --unthinned-dependencies /Users/apple/Desktop/【项目的游戏】/deliveries/obr_n_1778781263663_8prq5y/ios-app/build/LumaSense.build/Debug-iphonesimulator/LumaSense.build/assetcatalog_dependencies_unthinned --unthinned-info-plist-content /Users/apple/Desktop/【项目的游戏】/deliveries/obr_n_1778781263663_8prq5y/ios-app/build/LumaSense.build/Debug-iphonesimulator/LumaSense.build/assetcatalog_generated_info.plist_unthinned --output /Users/apple/Desktop/【项目的游戏】/deliveries/obr_n_1778781263663_8prq5y/ios-app/build/Debug-iphonesimulator/LumaSense.app --plist-output /Users/apple/Desktop/【项目的游戏】/deliveries/obr_n_1778781263663_8prq5y/ios-app/build/LumaSense.build/Debug-iphonesimulator/LumaSense.build/assetcatalog_generated_info.plist
note: Emplaced /Users/apple/Desktop/【项目的游戏】/deliveries/obr_n_1778781263663_8prq5y/ios-app/build/Debug-iphonesimulator/LumaSense.app/Assets.car (in target 'LumaSense' from project 'LumaSense')

ProcessInfoPlistFile /Users/apple/Desktop/【项目的游戏】/deliveries/obr_n_1778781263663_8prq5y/ios-app/build/Debug-iphonesimulator/LumaSense.app/Info.plist /Users/apple/Desktop/【项目的游戏】/deliveries/obr_n_1778781263663_8prq5y/ios-app/build/LumaSense.build/Debug-iphonesimulator/LumaSense.build/empty-LumaSense.plist (in target 'LumaSense' from project 'LumaSense')
    cd /Users/apple/Desktop/【项目的游戏】/deliveries/obr_n_1778781263663_8prq5y/ios-app
    builtin-infoPlistUtility /Users/apple/Desktop/【项目的游戏】/deliveries/obr_n_1778781263663_8prq5y/ios-app/build/LumaSense.build/Debug-iphonesimulator/LumaSense.build/empty-LumaSense.plist -producttype com.apple.product-type.application -genpkginfo /Users/apple/Desktop/【项目的游戏】/deliveries/obr_n_1778781263663_8prq5y/ios-app/build/Debug-iphonesimulator/LumaSense.app/PkgInfo -expandbuildsettings -format binary -platform iphonesimulator -additionalcontentfile /Users/apple/Desktop/【项目的游戏】/deliveries/obr_n_1778781263663_8prq5y/ios-app/build/LumaSense.build/Debug-iphonesimulator/LumaSense.build/assetcatalog_generated_info.plist -o /Users/apple/Desktop/【项目的游戏】/deliveries/obr_n_1778781263663_8prq5y/ios-app/build/Debug-iphonesimulator/LumaSense.app/Info.plist

CreateUniversalBinary /Users/apple/Desktop/【项目的游戏】/deliveries/obr_n_1778781263663_8prq5y/ios-app/build/Debug-iphonesimulator/LumaSense.app/LumaSense normal arm64\ x86_64 (in target 'LumaSense' from project 'LumaSense')
    cd /Users/apple/Desktop/【项目的游戏】/deliveries/obr_n_1778781263663_8prq5y/ios-app
    /Applications/Xcode.app/Contents/Developer/Toolchains/XcodeDefault.xctoolchain/usr/bin/lipo -create /Users/apple/Desktop/【项目的游戏】/deliveries/obr_n_1778781263663_8prq5y/ios-app/build/LumaSense.build/Debug-iphonesimulator/LumaSense.build/Objects-normal/arm64/Binary/LumaSense /Users/apple/Desktop/【项目的游戏】/deliveries/obr_n_1778781263663_8prq5y/ios-app/build/LumaSense.build/Debug-iphonesimulator/LumaSense.build/Objects-normal/x86_64/Binary/LumaSense -output /Users/apple/Desktop/【项目的游戏】/deliveries/obr_n_1778781263663_8prq5y/ios-app/build/Debug-iphonesimulator/LumaSense.app/LumaSense

CopySwiftLibs /Users/apple/Desktop/【项目的游戏】/deliveries/obr_n_1778781263663_8prq5y/ios-app/build/Debug-iphonesimulator/LumaSense.app (in target 'LumaSense' from project 'LumaSense')
    cd /Users/apple/Desktop/【项目的游戏】/deliveries/obr_n_1778781263663_8prq5y/ios-app
    builtin-swiftStdLibTool --copy --verbose --scan-executable /Users/apple/Desktop/【项目的游戏】/deliveries/obr_n_1778781263663_8prq5y/ios-app/build/Debug-iphonesimulator/LumaSense.app/LumaSense --scan-folder /Users/apple/Desktop/【项目的游戏】/deliveries/obr_n_1778781263663_8prq5y/ios-app/build/Debug-iphonesimulator/LumaSense.app/Frameworks --scan-folder /Users/apple/Desktop/【项目的游戏】/deliveries/obr_n_1778781263663_8prq5y/ios-app/build/Debug-iphonesimulator/LumaSense.app/PlugIns --scan-folder /Users/apple/Desktop/【项目的游戏】/deliveries/obr_n_1778781263663_8prq5y/ios-app/build/Debug-iphonesimulator/LumaSense.app/SystemExtensions --scan-folder /Users/apple/Desktop/【项目的游戏】/deliveries/obr_n_1778781263663_8prq5y/ios-app/build/Debug-iphonesimulator/LumaSense.app/Extensions --platform iphonesimulator --toolchain /Applications/Xcode.app/Contents/Developer/Toolchains/XcodeDefault.xctoolchain --destination /Users/apple/Desktop/【项目的游戏】/deliveries/obr_n_1778781263663_8prq5y/ios-app/build/Debug-iphonesimulator/LumaSense.app/Frameworks --strip-bitcode --strip-bitcode-tool /Applications/Xcode.app/Contents/Developer/Toolchains/XcodeDefault.xctoolchain/usr/bin/bitcode_strip --emit-dependency-info /Users/apple/Desktop/【项目的游戏】/deliveries/obr_n_1778781263663_8prq5y/ios-app/build/LumaSense.build/Debug-iphonesimulator/LumaSense.build/SwiftStdLibToolInputDependencies.dep --filter-for-swift-os --back-deploy-swift-span
Ignoring --strip-bitcode because --sign was not passed

ExtractAppIntentsMetadata (in target 'LumaSense' from project 'LumaSense')
    cd /Users/apple/Desktop/【项目的游戏】/deliveries/obr_n_1778781263663_8prq5y/ios-app
    /Applications/Xcode.app/Contents/Developer/Toolchains/XcodeDefault.xctoolchain/usr/bin/appintentsmetadataprocessor --toolchain-dir /Applications/Xcode.app/Contents/Developer/Toolchains/XcodeDefault.xctoolchain --module-name LumaSense --sdk-root /Applications/Xcode.app/Contents/Developer/Platforms/iPhoneSimulator.platform/Developer/SDKs/iPhoneSimulator26.4.sdk --xcode-version 17E202 --platform-family iOS --deployment-target 17.0 --bundle-identifier com.openbasaka.simplify.812636638prq5y --output /Users/apple/Desktop/【项目的游戏】/deliveries/obr_n_1778781263663_8prq5y/ios-app/build/Debug-iphonesimulator/LumaSense.app --target-triple arm64-apple-ios17.0-simulator --target-triple x86_64-apple-ios17.0-simulator --binary-file /Users/apple/Desktop/【项目的游戏】/deliveries/obr_n_1778781263663_8prq5y/ios-app/build/Debug-iphonesimulator/LumaSense.app/LumaSense --dependency-file /Users/apple/Desktop/【项目的游戏】/deliveries/obr_n_1778781263663_8prq5y/ios-app/build/LumaSense.build/Debug-iphonesimulator/LumaSense.build/Objects-normal/arm64/LumaSense_dependency_info.dat --dependency-file /Users/apple/Desktop/【项目的游戏】/deliveries/obr_n_1778781263663_8prq5y/ios-app/build/LumaSense.build/Debug-iphonesimulator/LumaSense.build/Objects-normal/x86_64/LumaSense_dependency_info.dat --stringsdata-file /Users/apple/Desktop/【项目的游戏】/deliveries/obr_n_1778781263663_8prq5y/ios-app/build/LumaSense.build/Debug-iphonesimulator/LumaSense.build/Objects-normal/arm64/ExtractedAppShortcutsMetadata.stringsdata --stringsdata-file /Users/apple/Desktop/【项目的游戏】/deliveries/obr_n_1778781263663_8prq5y/ios-app/build/LumaSense.build/Debug-iphonesimulator/LumaSense.build/Objects-normal/x86_64/ExtractedAppShortcutsMetadata.stringsdata --source-file-list /Users/apple/Desktop/【项目的游戏】/deliveries/obr_n_1778781263663_8prq5y/ios-app/build/LumaSense.build/Debug-iphonesimulator/LumaSense.build/Objects-normal/arm64/LumaSense.SwiftFileList --source-file-list /Users/apple/Desktop/【项目的游戏】/deliveries/obr_n_1778781263663_8prq5y/ios-app/build/LumaSense.build/Debug-iphonesimulator/LumaSense.build/Objects-normal/x86_64/LumaSense.SwiftFileList --metadata-file-list /Users/apple/Desktop/【项目的游戏】/deliveries/obr_n_1778781263663_8prq5y/ios-app/build/LumaSense.build/Debug-iphonesimulator/LumaSense.build/LumaSense.DependencyMetadataFileList --static-metadata-file-list /Users/apple/Desktop/【项目的游戏】/deliveries/obr_n_1778781263663_8prq5y/ios-app/build/LumaSense.build/Debug-iphonesimulator/LumaSense.build/LumaSense.DependencyStaticMetadataFileList --swift-const-vals-list /Users/apple/Desktop/【项目的游戏】/deliveries/obr_n_1778781263663_8prq5y/ios-app/build/LumaSense.build/Debug-iphonesimulator/LumaSense.build/Objects-normal/arm64/LumaSense.SwiftConstValuesFileList --swift-const-vals-list /Users/apple/Desktop/【项目的游戏】/deliveries/obr_n_1778781263663_8prq5y/ios-app/build/LumaSense.build/Debug-iphonesimulator/LumaSense.build/Objects-normal/x86_64/LumaSense.SwiftConstValuesFileList --compile-time-extraction --deployment-aware-processing --validate-assistant-intents --no-app-shortcuts-localization
2026-05-15 01:54:34.524 appintentsmetadataprocessor[45013:6681659] Starting appintentsmetadataprocessor export
2026-05-15 01:54:34.529 appintentsmetadataprocessor[45013:6681659] warning: Metadata extraction skipped. No AppIntents.framework dependency found.

AppIntentsSSUTraining (in target 'LumaSense' from project 'LumaSense')
    cd /Users/apple/Desktop/【项目的游戏】/deliveries/obr_n_1778781263663_8prq5y/ios-app
    /Applications/Xcode.app/Contents/Developer/Toolchains/XcodeDefault.xctoolchain/usr/bin/appintentsnltrainingprocessor --infoplist-path /Users/apple/Desktop/【项目的游戏】/deliveries/obr_n_1778781263663_8prq5y/ios-app/build/Debug-iphonesimulator/LumaSense.app/Info.plist --temp-dir-path /Users/apple/Desktop/【项目的游戏】/deliveries/obr_n_1778781263663_8prq5y/ios-app/build/LumaSense.build/Debug-iphonesimulator/LumaSense.build/ssu --bundle-id com.openbasaka.simplify.812636638prq5y --product-path /Users/apple/Desktop/【项目的游戏】/deliveries/obr_n_1778781263663_8prq5y/ios-app/build/Debug-iphonesimulator/LumaSense.app --extracted-metadata-path /Users/apple/Desktop/【项目的游戏】/deliveries/obr_n_1778781263663_8prq5y/ios-app/build/Debug-iphonesimulator/LumaSense.app/Metadata.appintents --metadata-file-list /Users/apple/Desktop/【项目的游戏】/deliveries/obr_n_1778781263663_8prq5y/ios-app/build/LumaSense.build/Debug-iphonesimulator/LumaSense.build/LumaSense.DependencyMetadataFileList --source-file /Users/apple/Desktop/【项目的游戏】/deliveries/obr_n_1778781263663_8prq5y/ios-app/build/Debug-iphonesimulator/LumaSense.app/Info.plist --archive-ssu-assets
2026-05-15 01:54:34.562 appintentsnltrainingprocessor[45014:6681661] Parsing options for appintentsnltrainingprocessor
2026-05-15 01:54:34.562 appintentsnltrainingprocessor[45014:6681661] Starting AppIntents SSU YAML Generation
2026-05-15 01:54:34.564 appintentsnltrainingprocessor[45014:6681661] No AppShortcuts found - Skipping.

RegisterExecutionPolicyException /Users/apple/Desktop/【项目的游戏】/deliveries/obr_n_1778781263663_8prq5y/ios-app/build/Debug-iphonesimulator/LumaSense.app (in target 'LumaSense' from project 'LumaSense')
    cd /Users/apple/Desktop/【项目的游戏】/deliveries/obr_n_1778781263663_8prq5y/ios-app
    builtin-RegisterExecutionPolicyException /Users/apple/Desktop/【项目的游戏】/deliveries/obr_n_1778781263663_8prq5y/ios-app/build/Debug-iphonesimulator/LumaSense.app

Validate /Users/apple/Desktop/【项目的游戏】/deliveries/obr_n_1778781263663_8prq5y/ios-app/build/Debug-iphonesimulator/LumaSense.app (in target 'LumaSense' from project 'LumaSense')
    cd /Users/apple/Desktop/【项目的游戏】/deliveries/obr_n_1778781263663_8prq5y/ios-app
    builtin-validationUtility /Users/apple/Desktop/【项目的游戏】/deliveries/obr_n_1778781263663_8prq5y/ios-app/build/Debug-iphonesimulator/LumaSense.app -shallow-bundle -infoplist-subpath Info.plist

Touch /Users/apple/Desktop/【项目的游戏】/deliveries/obr_n_1778781263663_8prq5y/ios-app/build/Debug-iphonesimulator/LumaSense.app (in target 'LumaSense' from project 'LumaSense')
    cd /Users/apple/Desktop/【项目的游戏】/deliveries/obr_n_1778781263663_8prq5y/ios-app
    /usr/bin/touch -c /Users/apple/Desktop/【项目的游戏】/deliveries/obr_n_1778781263663_8prq5y/ios-app/build/Debug-iphonesimulator/LumaSense.app

warning: ONLY_ACTIVE_ARCH=YES requested with multiple ARCHS and no active architecture could be computed; building for all applicable architectures (in target 'LumaSense' from project 'LumaSense')
** BUILD SUCCEEDED **


$ xcrun simctl boot 1A663D5C-DA01-4514-9D26-47CBA1C20D89
An error was encountered processing the command (domain=com.apple.CoreSimulator.SimError, code=405):
Unable to boot device in current state: Booted

$ xcrun simctl bootstatus 1A663D5C-DA01-4514-9D26-47CBA1C20D89 -b
Monitoring boot status for iPhone 17 Pro Max (1A663D5C-DA01-4514-9D26-47CBA1C20D89).
Device already booted, nothing to do.


$ xcrun simctl terminate 1A663D5C-DA01-4514-9D26-47CBA1C20D89 com.openbasaka.simplify.812636638prq5y
An error was encountered processing the command (domain=NSPOSIXErrorDomain, code=3):
Simulator device failed to terminate com.openbasaka.simplify.812636638prq5y.
found nothing to terminate
Underlying error (domain=NSPOSIXErrorDomain, code=3):
	The request to terminate "com.openbasaka.simplify.812636638prq5y" failed. found nothing to terminate
	found nothing to terminate

$ xcrun simctl uninstall 1A663D5C-DA01-4514-9D26-47CBA1C20D89 com.openbasaka.simplify.812636638prq5y
$ xcrun simctl install 1A663D5C-DA01-4514-9D26-47CBA1C20D89 /Users/apple/Desktop/【项目的游戏】/deliveries/obr_n_1778781263663_8prq5y/ios-app/build/Debug-iphonesimulator/LumaSense.app
$ xcrun simctl launch 1A663D5C-DA01-4514-9D26-47CBA1C20D89 com.openbasaka.simplify.812636638prq5y
com.openbasaka.simplify.812636638prq5y: 45283

$ xcrun simctl io 1A663D5C-DA01-4514-9D26-47CBA1C20D89 screenshot /Users/apple/Desktop/【项目的游戏】/deliveries/obr_n_1778781263663_8prq5y/ios-app/artifacts/native-ios-simulator.png
Detected file type from extension: PNG
Note: No display specified. Defaulting to display: 343BDDD7-DD57-4E79-9EC3-C6F5123FDF2E (screenID: 1, name: LCD)
Wrote screenshot to: /Users/apple/Desktop/【项目的游戏】/deliveries/obr_n_1778781263663_8prq5y/ios-app/artifacts/native-ios-simulator.png

