$ /opt/homebrew/bin/xcodegen generate --spec project.yml
⚙️  Generating plists...
⚙️  Generating project...
⚙️  Writing project...
Created project at /Users/apple/Desktop/【项目的游戏】/deliveries/simplify-weather-bag-ios/WeatherBagCompanion.xcodeproj

$ xcodebuild -project WeatherBagCompanion.xcodeproj -scheme WeatherBagCompanion -sdk iphonesimulator -configuration Debug CODE_SIGNING_ALLOWED=NO SYMROOT=/Users/apple/Desktop/【项目的游戏】/deliveries/simplify-weather-bag-ios/build OBJROOT=/Users/apple/Desktop/【项目的游戏】/deliveries/simplify-weather-bag-ios/build build
Command line invocation:
    /Applications/Xcode.app/Contents/Developer/usr/bin/xcodebuild -project WeatherBagCompanion.xcodeproj -scheme WeatherBagCompanion -sdk iphonesimulator -configuration Debug CODE_SIGNING_ALLOWED=NO "SYMROOT=/Users/apple/Desktop/【项目的游戏】/deliveries/simplify-weather-bag-ios/build" "OBJROOT=/Users/apple/Desktop/【项目的游戏】/deliveries/simplify-weather-bag-ios/build" build

Build settings from command line:
    CODE_SIGNING_ALLOWED = NO
    OBJROOT = /Users/apple/Desktop/【项目的游戏】/deliveries/simplify-weather-bag-ios/build
    SDKROOT = iphonesimulator26.4
    SYMROOT = /Users/apple/Desktop/【项目的游戏】/deliveries/simplify-weather-bag-ios/build

ComputePackagePrebuildTargetDependencyGraph

Prepare packages

CreateBuildRequest

SendProjectDescription

CreateBuildOperation

ComputeTargetDependencyGraph
note: Building targets in dependency order
note: Target dependency graph (1 target)
    Target 'WeatherBagCompanion' in project 'WeatherBagCompanion' (no dependencies)

GatherProvisioningInputs

CreateBuildDescription

ExecuteExternalTool /Applications/Xcode.app/Contents/Developer/Toolchains/XcodeDefault.xctoolchain/usr/bin/clang -v -E -dM -isysroot /Applications/Xcode.app/Contents/Developer/Platforms/iPhoneSimulator.platform/Developer/SDKs/iPhoneSimulator26.4.sdk -x c -c /dev/null

ExecuteExternalTool /Applications/Xcode.app/Contents/Developer/Toolchains/XcodeDefault.xctoolchain/usr/bin/swiftc --version

ExecuteExternalTool /Applications/Xcode.app/Contents/Developer/Toolchains/XcodeDefault.xctoolchain/usr/bin/ld -version_details

Build description signature: 99ca948067a276b54fe989aac4dd684b
Build description path: /Users/apple/Desktop/【项目的游戏】/deliveries/simplify-weather-bag-ios/build/XCBuildData/99ca948067a276b54fe989aac4dd684b.xcbuilddata
CreateBuildDirectory /Users/apple/Desktop/【项目的游戏】/deliveries/simplify-weather-bag-ios/build
    cd /Users/apple/Desktop/【项目的游戏】/deliveries/simplify-weather-bag-ios/WeatherBagCompanion.xcodeproj
    builtin-create-build-directory /Users/apple/Desktop/【项目的游戏】/deliveries/simplify-weather-bag-ios/build

ClangStatCache /Applications/Xcode.app/Contents/Developer/Toolchains/XcodeDefault.xctoolchain/usr/bin/clang-stat-cache /Applications/Xcode.app/Contents/Developer/Platforms/iPhoneSimulator.platform/Developer/SDKs/iPhoneSimulator26.4.sdk /Users/apple/Library/Developer/Xcode/DerivedData/SDKStatCaches.noindex/iphonesimulator26.4-23E252-686eebb5dc1d8ecb277353a59184f4aa.sdkstatcache
    cd /Users/apple/Desktop/【项目的游戏】/deliveries/simplify-weather-bag-ios/WeatherBagCompanion.xcodeproj
    /Applications/Xcode.app/Contents/Developer/Toolchains/XcodeDefault.xctoolchain/usr/bin/clang-stat-cache /Applications/Xcode.app/Contents/Developer/Platforms/iPhoneSimulator.platform/Developer/SDKs/iPhoneSimulator26.4.sdk -o /Users/apple/Library/Developer/Xcode/DerivedData/SDKStatCaches.noindex/iphonesimulator26.4-23E252-686eebb5dc1d8ecb277353a59184f4aa.sdkstatcache
Base directory status changed. Regenerating...

CreateBuildDirectory /Users/apple/Desktop/【项目的游戏】/deliveries/simplify-weather-bag-ios/build/SwiftExplicitPrecompiledModules
    cd /Users/apple/Desktop/【项目的游戏】/deliveries/simplify-weather-bag-ios/WeatherBagCompanion.xcodeproj
    builtin-create-build-directory /Users/apple/Desktop/【项目的游戏】/deliveries/simplify-weather-bag-ios/build/SwiftExplicitPrecompiledModules

CreateBuildDirectory /Users/apple/Desktop/【项目的游戏】/deliveries/simplify-weather-bag-ios/build/Debug-iphonesimulator
    cd /Users/apple/Desktop/【项目的游戏】/deliveries/simplify-weather-bag-ios/WeatherBagCompanion.xcodeproj
    builtin-create-build-directory /Users/apple/Desktop/【项目的游戏】/deliveries/simplify-weather-bag-ios/build/Debug-iphonesimulator

CreateBuildDirectory /Users/apple/Desktop/【项目的游戏】/deliveries/simplify-weather-bag-ios/build/ExplicitPrecompiledModules
    cd /Users/apple/Desktop/【项目的游戏】/deliveries/simplify-weather-bag-ios/WeatherBagCompanion.xcodeproj
    builtin-create-build-directory /Users/apple/Desktop/【项目的游戏】/deliveries/simplify-weather-bag-ios/build/ExplicitPrecompiledModules

CreateBuildDirectory /Users/apple/Desktop/【项目的游戏】/deliveries/simplify-weather-bag-ios/build/EagerLinkingTBDs/Debug-iphonesimulator
    cd /Users/apple/Desktop/【项目的游戏】/deliveries/simplify-weather-bag-ios/WeatherBagCompanion.xcodeproj
    builtin-create-build-directory /Users/apple/Desktop/【项目的游戏】/deliveries/simplify-weather-bag-ios/build/EagerLinkingTBDs/Debug-iphonesimulator

WriteAuxiliaryFile /Users/apple/Desktop/【项目的游戏】/deliveries/simplify-weather-bag-ios/build/WeatherBagCompanion.build/Debug-iphonesimulator/WeatherBagCompanion-28271674ce7b1ac50bf567238b6045a7-VFS-iphonesimulator/all-product-headers.yaml
    cd /Users/apple/Desktop/【项目的游戏】/deliveries/simplify-weather-bag-ios/WeatherBagCompanion.xcodeproj
    write-file /Users/apple/Desktop/【项目的游戏】/deliveries/simplify-weather-bag-ios/build/WeatherBagCompanion.build/Debug-iphonesimulator/WeatherBagCompanion-28271674ce7b1ac50bf567238b6045a7-VFS-iphonesimulator/all-product-headers.yaml

WriteAuxiliaryFile /Users/apple/Desktop/【项目的游戏】/deliveries/simplify-weather-bag-ios/build/WeatherBagCompanion.build/Debug-iphonesimulator/WeatherBagCompanion.build/WeatherBagCompanion-project-headers.hmap (in target 'WeatherBagCompanion' from project 'WeatherBagCompanion')
    cd /Users/apple/Desktop/【项目的游戏】/deliveries/simplify-weather-bag-ios
    write-file /Users/apple/Desktop/【项目的游戏】/deliveries/simplify-weather-bag-ios/build/WeatherBagCompanion.build/Debug-iphonesimulator/WeatherBagCompanion.build/WeatherBagCompanion-project-headers.hmap

WriteAuxiliaryFile /Users/apple/Desktop/【项目的游戏】/deliveries/simplify-weather-bag-ios/build/WeatherBagCompanion.build/Debug-iphonesimulator/WeatherBagCompanion.build/WeatherBagCompanion-generated-files.hmap (in target 'WeatherBagCompanion' from project 'WeatherBagCompanion')
    cd /Users/apple/Desktop/【项目的游戏】/deliveries/simplify-weather-bag-ios
    write-file /Users/apple/Desktop/【项目的游戏】/deliveries/simplify-weather-bag-ios/build/WeatherBagCompanion.build/Debug-iphonesimulator/WeatherBagCompanion.build/WeatherBagCompanion-generated-files.hmap

WriteAuxiliaryFile /Users/apple/Desktop/【项目的游戏】/deliveries/simplify-weather-bag-ios/build/WeatherBagCompanion.build/Debug-iphonesimulator/WeatherBagCompanion.build/WeatherBagCompanion.DependencyStaticMetadataFileList (in target 'WeatherBagCompanion' from project 'WeatherBagCompanion')
    cd /Users/apple/Desktop/【项目的游戏】/deliveries/simplify-weather-bag-ios
    write-file /Users/apple/Desktop/【项目的游戏】/deliveries/simplify-weather-bag-ios/build/WeatherBagCompanion.build/Debug-iphonesimulator/WeatherBagCompanion.build/WeatherBagCompanion.DependencyStaticMetadataFileList

WriteAuxiliaryFile /Users/apple/Desktop/【项目的游戏】/deliveries/simplify-weather-bag-ios/build/WeatherBagCompanion.build/Debug-iphonesimulator/WeatherBagCompanion.build/WeatherBagCompanion-own-target-headers.hmap (in target 'WeatherBagCompanion' from project 'WeatherBagCompanion')
    cd /Users/apple/Desktop/【项目的游戏】/deliveries/simplify-weather-bag-ios
    write-file /Users/apple/Desktop/【项目的游戏】/deliveries/simplify-weather-bag-ios/build/WeatherBagCompanion.build/Debug-iphonesimulator/WeatherBagCompanion.build/WeatherBagCompanion-own-target-headers.hmap

WriteAuxiliaryFile /Users/apple/Desktop/【项目的游戏】/deliveries/simplify-weather-bag-ios/build/WeatherBagCompanion.build/Debug-iphonesimulator/WeatherBagCompanion.build/WeatherBagCompanion-all-non-framework-target-headers.hmap (in target 'WeatherBagCompanion' from project 'WeatherBagCompanion')
    cd /Users/apple/Desktop/【项目的游戏】/deliveries/simplify-weather-bag-ios
    write-file /Users/apple/Desktop/【项目的游戏】/deliveries/simplify-weather-bag-ios/build/WeatherBagCompanion.build/Debug-iphonesimulator/WeatherBagCompanion.build/WeatherBagCompanion-all-non-framework-target-headers.hmap

WriteAuxiliaryFile /Users/apple/Desktop/【项目的游戏】/deliveries/simplify-weather-bag-ios/build/WeatherBagCompanion.build/Debug-iphonesimulator/WeatherBagCompanion.build/WeatherBagCompanion-DebugDylibPath-normal-x86_64.txt (in target 'WeatherBagCompanion' from project 'WeatherBagCompanion')
    cd /Users/apple/Desktop/【项目的游戏】/deliveries/simplify-weather-bag-ios
    write-file /Users/apple/Desktop/【项目的游戏】/deliveries/simplify-weather-bag-ios/build/WeatherBagCompanion.build/Debug-iphonesimulator/WeatherBagCompanion.build/WeatherBagCompanion-DebugDylibPath-normal-x86_64.txt

WriteAuxiliaryFile /Users/apple/Desktop/【项目的游戏】/deliveries/simplify-weather-bag-ios/build/WeatherBagCompanion.build/Debug-iphonesimulator/WeatherBagCompanion.build/WeatherBagCompanion-all-target-headers.hmap (in target 'WeatherBagCompanion' from project 'WeatherBagCompanion')
    cd /Users/apple/Desktop/【项目的游戏】/deliveries/simplify-weather-bag-ios
    write-file /Users/apple/Desktop/【项目的游戏】/deliveries/simplify-weather-bag-ios/build/WeatherBagCompanion.build/Debug-iphonesimulator/WeatherBagCompanion.build/WeatherBagCompanion-all-target-headers.hmap

WriteAuxiliaryFile /Users/apple/Desktop/【项目的游戏】/deliveries/simplify-weather-bag-ios/build/WeatherBagCompanion.build/Debug-iphonesimulator/WeatherBagCompanion.build/WeatherBagCompanion.DependencyMetadataFileList (in target 'WeatherBagCompanion' from project 'WeatherBagCompanion')
    cd /Users/apple/Desktop/【项目的游戏】/deliveries/simplify-weather-bag-ios
    write-file /Users/apple/Desktop/【项目的游戏】/deliveries/simplify-weather-bag-ios/build/WeatherBagCompanion.build/Debug-iphonesimulator/WeatherBagCompanion.build/WeatherBagCompanion.DependencyMetadataFileList

WriteAuxiliaryFile /Users/apple/Desktop/【项目的游戏】/deliveries/simplify-weather-bag-ios/build/WeatherBagCompanion.build/Debug-iphonesimulator/WeatherBagCompanion.build/WeatherBagCompanion.hmap (in target 'WeatherBagCompanion' from project 'WeatherBagCompanion')
    cd /Users/apple/Desktop/【项目的游戏】/deliveries/simplify-weather-bag-ios
    write-file /Users/apple/Desktop/【项目的游戏】/deliveries/simplify-weather-bag-ios/build/WeatherBagCompanion.build/Debug-iphonesimulator/WeatherBagCompanion.build/WeatherBagCompanion.hmap

WriteAuxiliaryFile /Users/apple/Desktop/【项目的游戏】/deliveries/simplify-weather-bag-ios/build/WeatherBagCompanion.build/Debug-iphonesimulator/WeatherBagCompanion.build/WeatherBagCompanion-DebugDylibPath-normal-arm64.txt (in target 'WeatherBagCompanion' from project 'WeatherBagCompanion')
    cd /Users/apple/Desktop/【项目的游戏】/deliveries/simplify-weather-bag-ios
    write-file /Users/apple/Desktop/【项目的游戏】/deliveries/simplify-weather-bag-ios/build/WeatherBagCompanion.build/Debug-iphonesimulator/WeatherBagCompanion.build/WeatherBagCompanion-DebugDylibPath-normal-arm64.txt

WriteAuxiliaryFile /Users/apple/Desktop/【项目的游戏】/deliveries/simplify-weather-bag-ios/build/WeatherBagCompanion.build/Debug-iphonesimulator/WeatherBagCompanion.build/WeatherBagCompanion-DebugDylibInstallName-normal-x86_64.txt (in target 'WeatherBagCompanion' from project 'WeatherBagCompanion')
    cd /Users/apple/Desktop/【项目的游戏】/deliveries/simplify-weather-bag-ios
    write-file /Users/apple/Desktop/【项目的游戏】/deliveries/simplify-weather-bag-ios/build/WeatherBagCompanion.build/Debug-iphonesimulator/WeatherBagCompanion.build/WeatherBagCompanion-DebugDylibInstallName-normal-x86_64.txt

WriteAuxiliaryFile /Users/apple/Desktop/【项目的游戏】/deliveries/simplify-weather-bag-ios/build/WeatherBagCompanion.build/Debug-iphonesimulator/WeatherBagCompanion.build/WeatherBagCompanion-DebugDylibInstallName-normal-arm64.txt (in target 'WeatherBagCompanion' from project 'WeatherBagCompanion')
    cd /Users/apple/Desktop/【项目的游戏】/deliveries/simplify-weather-bag-ios
    write-file /Users/apple/Desktop/【项目的游戏】/deliveries/simplify-weather-bag-ios/build/WeatherBagCompanion.build/Debug-iphonesimulator/WeatherBagCompanion.build/WeatherBagCompanion-DebugDylibInstallName-normal-arm64.txt

WriteAuxiliaryFile /Users/apple/Desktop/【项目的游戏】/deliveries/simplify-weather-bag-ios/build/WeatherBagCompanion.build/Debug-iphonesimulator/WeatherBagCompanion.build/Objects-normal/x86_64/WeatherBagCompanion-OutputFileMap.json (in target 'WeatherBagCompanion' from project 'WeatherBagCompanion')
    cd /Users/apple/Desktop/【项目的游戏】/deliveries/simplify-weather-bag-ios
    write-file /Users/apple/Desktop/【项目的游戏】/deliveries/simplify-weather-bag-ios/build/WeatherBagCompanion.build/Debug-iphonesimulator/WeatherBagCompanion.build/Objects-normal/x86_64/WeatherBagCompanion-OutputFileMap.json

WriteAuxiliaryFile /Users/apple/Desktop/【项目的游戏】/deliveries/simplify-weather-bag-ios/build/WeatherBagCompanion.build/Debug-iphonesimulator/WeatherBagCompanion.build/Objects-normal/x86_64/WeatherBagCompanion_const_extract_protocols.json (in target 'WeatherBagCompanion' from project 'WeatherBagCompanion')
    cd /Users/apple/Desktop/【项目的游戏】/deliveries/simplify-weather-bag-ios
    write-file /Users/apple/Desktop/【项目的游戏】/deliveries/simplify-weather-bag-ios/build/WeatherBagCompanion.build/Debug-iphonesimulator/WeatherBagCompanion.build/Objects-normal/x86_64/WeatherBagCompanion_const_extract_protocols.json

WriteAuxiliaryFile /Users/apple/Desktop/【项目的游戏】/deliveries/simplify-weather-bag-ios/build/WeatherBagCompanion.build/Debug-iphonesimulator/WeatherBagCompanion.build/Objects-normal/x86_64/WeatherBagCompanion.SwiftConstValuesFileList (in target 'WeatherBagCompanion' from project 'WeatherBagCompanion')
    cd /Users/apple/Desktop/【项目的游戏】/deliveries/simplify-weather-bag-ios
    write-file /Users/apple/Desktop/【项目的游戏】/deliveries/simplify-weather-bag-ios/build/WeatherBagCompanion.build/Debug-iphonesimulator/WeatherBagCompanion.build/Objects-normal/x86_64/WeatherBagCompanion.SwiftConstValuesFileList

WriteAuxiliaryFile /Users/apple/Desktop/【项目的游戏】/deliveries/simplify-weather-bag-ios/build/WeatherBagCompanion.build/Debug-iphonesimulator/WeatherBagCompanion.build/Objects-normal/x86_64/WeatherBagCompanion.LinkFileList (in target 'WeatherBagCompanion' from project 'WeatherBagCompanion')
    cd /Users/apple/Desktop/【项目的游戏】/deliveries/simplify-weather-bag-ios
    write-file /Users/apple/Desktop/【项目的游戏】/deliveries/simplify-weather-bag-ios/build/WeatherBagCompanion.build/Debug-iphonesimulator/WeatherBagCompanion.build/Objects-normal/x86_64/WeatherBagCompanion.LinkFileList

WriteAuxiliaryFile /Users/apple/Desktop/【项目的游戏】/deliveries/simplify-weather-bag-ios/build/WeatherBagCompanion.build/Debug-iphonesimulator/WeatherBagCompanion.build/Objects-normal/x86_64/WeatherBagCompanion.SwiftFileList (in target 'WeatherBagCompanion' from project 'WeatherBagCompanion')
    cd /Users/apple/Desktop/【项目的游戏】/deliveries/simplify-weather-bag-ios
    write-file /Users/apple/Desktop/【项目的游戏】/deliveries/simplify-weather-bag-ios/build/WeatherBagCompanion.build/Debug-iphonesimulator/WeatherBagCompanion.build/Objects-normal/x86_64/WeatherBagCompanion.SwiftFileList

WriteAuxiliaryFile /Users/apple/Desktop/【项目的游戏】/deliveries/simplify-weather-bag-ios/build/WeatherBagCompanion.build/Debug-iphonesimulator/WeatherBagCompanion.build/Objects-normal/arm64/WeatherBagCompanion_const_extract_protocols.json (in target 'WeatherBagCompanion' from project 'WeatherBagCompanion')
    cd /Users/apple/Desktop/【项目的游戏】/deliveries/simplify-weather-bag-ios
    write-file /Users/apple/Desktop/【项目的游戏】/deliveries/simplify-weather-bag-ios/build/WeatherBagCompanion.build/Debug-iphonesimulator/WeatherBagCompanion.build/Objects-normal/arm64/WeatherBagCompanion_const_extract_protocols.json

WriteAuxiliaryFile /Users/apple/Desktop/【项目的游戏】/deliveries/simplify-weather-bag-ios/build/WeatherBagCompanion.build/Debug-iphonesimulator/WeatherBagCompanion.build/Objects-normal/arm64/WeatherBagCompanion.SwiftFileList (in target 'WeatherBagCompanion' from project 'WeatherBagCompanion')
    cd /Users/apple/Desktop/【项目的游戏】/deliveries/simplify-weather-bag-ios
    write-file /Users/apple/Desktop/【项目的游戏】/deliveries/simplify-weather-bag-ios/build/WeatherBagCompanion.build/Debug-iphonesimulator/WeatherBagCompanion.build/Objects-normal/arm64/WeatherBagCompanion.SwiftFileList

WriteAuxiliaryFile /Users/apple/Desktop/【项目的游戏】/deliveries/simplify-weather-bag-ios/build/WeatherBagCompanion.build/Debug-iphonesimulator/WeatherBagCompanion.build/Objects-normal/arm64/WeatherBagCompanion.SwiftConstValuesFileList (in target 'WeatherBagCompanion' from project 'WeatherBagCompanion')
    cd /Users/apple/Desktop/【项目的游戏】/deliveries/simplify-weather-bag-ios
    write-file /Users/apple/Desktop/【项目的游戏】/deliveries/simplify-weather-bag-ios/build/WeatherBagCompanion.build/Debug-iphonesimulator/WeatherBagCompanion.build/Objects-normal/arm64/WeatherBagCompanion.SwiftConstValuesFileList

MkDir /Users/apple/Desktop/【项目的游戏】/deliveries/simplify-weather-bag-ios/build/Debug-iphonesimulator/WeatherBagCompanion.app (in target 'WeatherBagCompanion' from project 'WeatherBagCompanion')
    cd /Users/apple/Desktop/【项目的游戏】/deliveries/simplify-weather-bag-ios
    /bin/mkdir -p /Users/apple/Desktop/【项目的游戏】/deliveries/simplify-weather-bag-ios/build/Debug-iphonesimulator/WeatherBagCompanion.app

WriteAuxiliaryFile /Users/apple/Desktop/【项目的游戏】/deliveries/simplify-weather-bag-ios/build/WeatherBagCompanion.build/Debug-iphonesimulator/WeatherBagCompanion.build/Objects-normal/arm64/WeatherBagCompanion.LinkFileList (in target 'WeatherBagCompanion' from project 'WeatherBagCompanion')
    cd /Users/apple/Desktop/【项目的游戏】/deliveries/simplify-weather-bag-ios
    write-file /Users/apple/Desktop/【项目的游戏】/deliveries/simplify-weather-bag-ios/build/WeatherBagCompanion.build/Debug-iphonesimulator/WeatherBagCompanion.build/Objects-normal/arm64/WeatherBagCompanion.LinkFileList

WriteAuxiliaryFile /Users/apple/Desktop/【项目的游戏】/deliveries/simplify-weather-bag-ios/build/WeatherBagCompanion.build/Debug-iphonesimulator/WeatherBagCompanion.build/Objects-normal/arm64/WeatherBagCompanion-OutputFileMap.json (in target 'WeatherBagCompanion' from project 'WeatherBagCompanion')
    cd /Users/apple/Desktop/【项目的游戏】/deliveries/simplify-weather-bag-ios
    write-file /Users/apple/Desktop/【项目的游戏】/deliveries/simplify-weather-bag-ios/build/WeatherBagCompanion.build/Debug-iphonesimulator/WeatherBagCompanion.build/Objects-normal/arm64/WeatherBagCompanion-OutputFileMap.json

Ld /Users/apple/Desktop/【项目的游戏】/deliveries/simplify-weather-bag-ios/build/WeatherBagCompanion.build/Debug-iphonesimulator/WeatherBagCompanion.build/Objects-normal/x86_64/Binary/__preview.dylib normal x86_64 (in target 'WeatherBagCompanion' from project 'WeatherBagCompanion')
    cd /Users/apple/Desktop/【项目的游戏】/deliveries/simplify-weather-bag-ios
    /Applications/Xcode.app/Contents/Developer/Toolchains/XcodeDefault.xctoolchain/usr/bin/clang -Xlinker -reproducible -target x86_64-apple-ios17.0-simulator -dynamiclib -isysroot /Applications/Xcode.app/Contents/Developer/Platforms/iPhoneSimulator.platform/Developer/SDKs/iPhoneSimulator26.4.sdk -O0 -L/Users/apple/Desktop/【项目的游戏】/deliveries/simplify-weather-bag-ios/build/Debug-iphonesimulator -F/Users/apple/Desktop/【项目的游戏】/deliveries/simplify-weather-bag-ios/build/Debug-iphonesimulator -install_name @rpath/WeatherBagCompanion.debug.dylib -Xlinker -dead_strip -rdynamic -Xlinker -no_deduplicate -Xlinker -objc_abi_version -Xlinker 2 -Xlinker -dependency_info -Xlinker /Users/apple/Desktop/【项目的游戏】/deliveries/simplify-weather-bag-ios/build/WeatherBagCompanion.build/Debug-iphonesimulator/WeatherBagCompanion.build/Objects-normal/x86_64/WeatherBagCompanion_dependency_info.dat -o /Users/apple/Desktop/【项目的游戏】/deliveries/simplify-weather-bag-ios/build/WeatherBagCompanion.build/Debug-iphonesimulator/WeatherBagCompanion.build/Objects-normal/x86_64/Binary/__preview.dylib

Ld /Users/apple/Desktop/【项目的游戏】/deliveries/simplify-weather-bag-ios/build/WeatherBagCompanion.build/Debug-iphonesimulator/WeatherBagCompanion.build/Objects-normal/arm64/Binary/__preview.dylib normal arm64 (in target 'WeatherBagCompanion' from project 'WeatherBagCompanion')
    cd /Users/apple/Desktop/【项目的游戏】/deliveries/simplify-weather-bag-ios
    /Applications/Xcode.app/Contents/Developer/Toolchains/XcodeDefault.xctoolchain/usr/bin/clang -Xlinker -reproducible -target arm64-apple-ios17.0-simulator -dynamiclib -isysroot /Applications/Xcode.app/Contents/Developer/Platforms/iPhoneSimulator.platform/Developer/SDKs/iPhoneSimulator26.4.sdk -O0 -L/Users/apple/Desktop/【项目的游戏】/deliveries/simplify-weather-bag-ios/build/Debug-iphonesimulator -F/Users/apple/Desktop/【项目的游戏】/deliveries/simplify-weather-bag-ios/build/Debug-iphonesimulator -install_name @rpath/WeatherBagCompanion.debug.dylib -Xlinker -dead_strip -rdynamic -Xlinker -no_deduplicate -Xlinker -objc_abi_version -Xlinker 2 -Xlinker -dependency_info -Xlinker /Users/apple/Desktop/【项目的游戏】/deliveries/simplify-weather-bag-ios/build/WeatherBagCompanion.build/Debug-iphonesimulator/WeatherBagCompanion.build/Objects-normal/arm64/WeatherBagCompanion_dependency_info.dat -o /Users/apple/Desktop/【项目的游戏】/deliveries/simplify-weather-bag-ios/build/WeatherBagCompanion.build/Debug-iphonesimulator/WeatherBagCompanion.build/Objects-normal/arm64/Binary/__preview.dylib

ProcessInfoPlistFile /Users/apple/Desktop/【项目的游戏】/deliveries/simplify-weather-bag-ios/build/Debug-iphonesimulator/WeatherBagCompanion.app/Info.plist /Users/apple/Desktop/【项目的游戏】/deliveries/simplify-weather-bag-ios/WeatherBagCompanion/Info.plist (in target 'WeatherBagCompanion' from project 'WeatherBagCompanion')
    cd /Users/apple/Desktop/【项目的游戏】/deliveries/simplify-weather-bag-ios
    builtin-infoPlistUtility /Users/apple/Desktop/【项目的游戏】/deliveries/simplify-weather-bag-ios/WeatherBagCompanion/Info.plist -producttype com.apple.product-type.application -genpkginfo /Users/apple/Desktop/【项目的游戏】/deliveries/simplify-weather-bag-ios/build/Debug-iphonesimulator/WeatherBagCompanion.app/PkgInfo -expandbuildsettings -format binary -platform iphonesimulator -o /Users/apple/Desktop/【项目的游戏】/deliveries/simplify-weather-bag-ios/build/Debug-iphonesimulator/WeatherBagCompanion.app/Info.plist

CreateUniversalBinary /Users/apple/Desktop/【项目的游戏】/deliveries/simplify-weather-bag-ios/build/Debug-iphonesimulator/WeatherBagCompanion.app/__preview.dylib normal arm64\ x86_64 (in target 'WeatherBagCompanion' from project 'WeatherBagCompanion')
    cd /Users/apple/Desktop/【项目的游戏】/deliveries/simplify-weather-bag-ios
    /Applications/Xcode.app/Contents/Developer/Toolchains/XcodeDefault.xctoolchain/usr/bin/lipo -create /Users/apple/Desktop/【项目的游戏】/deliveries/simplify-weather-bag-ios/build/WeatherBagCompanion.build/Debug-iphonesimulator/WeatherBagCompanion.build/Objects-normal/arm64/Binary/__preview.dylib /Users/apple/Desktop/【项目的游戏】/deliveries/simplify-weather-bag-ios/build/WeatherBagCompanion.build/Debug-iphonesimulator/WeatherBagCompanion.build/Objects-normal/x86_64/Binary/__preview.dylib -output /Users/apple/Desktop/【项目的游戏】/deliveries/simplify-weather-bag-ios/build/Debug-iphonesimulator/WeatherBagCompanion.app/__preview.dylib

SwiftDriver WeatherBagCompanion normal arm64 com.apple.xcode.tools.swift.compiler (in target 'WeatherBagCompanion' from project 'WeatherBagCompanion')
    cd /Users/apple/Desktop/【项目的游戏】/deliveries/simplify-weather-bag-ios
    builtin-SwiftDriver -- /Applications/Xcode.app/Contents/Developer/Toolchains/XcodeDefault.xctoolchain/usr/bin/swiftc -module-name WeatherBagCompanion -Onone @/Users/apple/Desktop/【项目的游戏】/deliveries/simplify-weather-bag-ios/build/WeatherBagCompanion.build/Debug-iphonesimulator/WeatherBagCompanion.build/Objects-normal/arm64/WeatherBagCompanion.SwiftFileList -DDEBUG -enable-bare-slash-regex -enable-experimental-feature DebugDescriptionMacro -sdk /Applications/Xcode.app/Contents/Developer/Platforms/iPhoneSimulator.platform/Developer/SDKs/iPhoneSimulator26.4.sdk -target arm64-apple-ios17.0-simulator -g -module-cache-path /Users/apple/Library/Developer/Xcode/DerivedData/ModuleCache.noindex -Xfrontend -serialize-debugging-options -enable-testing -index-store-path /Users/apple/Library/Developer/Xcode/DerivedData/WeatherBagCompanion-hebatjftwqflizcwfrvevjlmllvc/Index.noindex/DataStore -Xcc -D_LIBCPP_HARDENING_MODE\=_LIBCPP_HARDENING_MODE_DEBUG -swift-version 5 -I /Users/apple/Desktop/【项目的游戏】/deliveries/simplify-weather-bag-ios/build/Debug-iphonesimulator -F /Users/apple/Desktop/【项目的游戏】/deliveries/simplify-weather-bag-ios/build/Debug-iphonesimulator -c -j10 -enable-batch-mode -incremental -Xcc -ivfsstatcache -Xcc /Users/apple/Library/Developer/Xcode/DerivedData/SDKStatCaches.noindex/iphonesimulator26.4-23E252-686eebb5dc1d8ecb277353a59184f4aa.sdkstatcache -output-file-map /Users/apple/Desktop/【项目的游戏】/deliveries/simplify-weather-bag-ios/build/WeatherBagCompanion.build/Debug-iphonesimulator/WeatherBagCompanion.build/Objects-normal/arm64/WeatherBagCompanion-OutputFileMap.json -use-frontend-parseable-output -save-temps -no-color-diagnostics -explicit-module-build -module-cache-path /Users/apple/Desktop/【项目的游戏】/deliveries/simplify-weather-bag-ios/build/SwiftExplicitPrecompiledModules -clang-scanner-module-cache-path /Users/apple/Library/Developer/Xcode/DerivedData/ModuleCache.noindex -sdk-module-cache-path /Users/apple/Library/Developer/Xcode/DerivedData/ModuleCache.noindex -serialize-diagnostics -emit-dependencies -emit-module -emit-module-path /Users/apple/Desktop/【项目的游戏】/deliveries/simplify-weather-bag-ios/build/WeatherBagCompanion.build/Debug-iphonesimulator/WeatherBagCompanion.build/Objects-normal/arm64/WeatherBagCompanion.swiftmodule -validate-clang-modules-once -clang-build-session-file /Users/apple/Library/Developer/Xcode/DerivedData/ModuleCache.noindex/Session.modulevalidation -Xcc -I/Users/apple/Desktop/【项目的游戏】/deliveries/simplify-weather-bag-ios/build/WeatherBagCompanion.build/Debug-iphonesimulator/WeatherBagCompanion.build/swift-overrides.hmap -emit-const-values -Xfrontend -const-gather-protocols-file -Xfrontend /Users/apple/Desktop/【项目的游戏】/deliveries/simplify-weather-bag-ios/build/WeatherBagCompanion.build/Debug-iphonesimulator/WeatherBagCompanion.build/Objects-normal/arm64/WeatherBagCompanion_const_extract_protocols.json -Xcc -iquote -Xcc /Users/apple/Desktop/【项目的游戏】/deliveries/simplify-weather-bag-ios/build/WeatherBagCompanion.build/Debug-iphonesimulator/WeatherBagCompanion.build/WeatherBagCompanion-generated-files.hmap -Xcc -I/Users/apple/Desktop/【项目的游戏】/deliveries/simplify-weather-bag-ios/build/WeatherBagCompanion.build/Debug-iphonesimulator/WeatherBagCompanion.build/WeatherBagCompanion-own-target-headers.hmap -Xcc -I/Users/apple/Desktop/【项目的游戏】/deliveries/simplify-weather-bag-ios/build/WeatherBagCompanion.build/Debug-iphonesimulator/WeatherBagCompanion.build/WeatherBagCompanion-all-target-headers.hmap -Xcc -iquote -Xcc /Users/apple/Desktop/【项目的游戏】/deliveries/simplify-weather-bag-ios/build/WeatherBagCompanion.build/Debug-iphonesimulator/WeatherBagCompanion.build/WeatherBagCompanion-project-headers.hmap -Xcc -I/Users/apple/Desktop/【项目的游戏】/deliveries/simplify-weather-bag-ios/build/Debug-iphonesimulator/include -Xcc -I/Users/apple/Desktop/【项目的游戏】/deliveries/simplify-weather-bag-ios/build/WeatherBagCompanion.build/Debug-iphonesimulator/WeatherBagCompanion.build/DerivedSources-normal/arm64 -Xcc -I/Users/apple/Desktop/【项目的游戏】/deliveries/simplify-weather-bag-ios/build/WeatherBagCompanion.build/Debug-iphonesimulator/WeatherBagCompanion.build/DerivedSources/arm64 -Xcc -I/Users/apple/Desktop/【项目的游戏】/deliveries/simplify-weather-bag-ios/build/WeatherBagCompanion.build/Debug-iphonesimulator/WeatherBagCompanion.build/DerivedSources -Xcc -DDEBUG\=1 -emit-objc-header -emit-objc-header-path /Users/apple/Desktop/【项目的游戏】/deliveries/simplify-weather-bag-ios/build/WeatherBagCompanion.build/Debug-iphonesimulator/WeatherBagCompanion.build/Objects-normal/arm64/WeatherBagCompanion-Swift.h -working-directory /Users/apple/Desktop/【项目的游戏】/deliveries/simplify-weather-bag-ios -experimental-emit-module-separately -disable-cmo

SwiftDriver WeatherBagCompanion normal x86_64 com.apple.xcode.tools.swift.compiler (in target 'WeatherBagCompanion' from project 'WeatherBagCompanion')
    cd /Users/apple/Desktop/【项目的游戏】/deliveries/simplify-weather-bag-ios
    builtin-SwiftDriver -- /Applications/Xcode.app/Contents/Developer/Toolchains/XcodeDefault.xctoolchain/usr/bin/swiftc -module-name WeatherBagCompanion -Onone @/Users/apple/Desktop/【项目的游戏】/deliveries/simplify-weather-bag-ios/build/WeatherBagCompanion.build/Debug-iphonesimulator/WeatherBagCompanion.build/Objects-normal/x86_64/WeatherBagCompanion.SwiftFileList -DDEBUG -enable-bare-slash-regex -enable-experimental-feature DebugDescriptionMacro -sdk /Applications/Xcode.app/Contents/Developer/Platforms/iPhoneSimulator.platform/Developer/SDKs/iPhoneSimulator26.4.sdk -target x86_64-apple-ios17.0-simulator -g -module-cache-path /Users/apple/Library/Developer/Xcode/DerivedData/ModuleCache.noindex -Xfrontend -serialize-debugging-options -enable-testing -index-store-path /Users/apple/Library/Developer/Xcode/DerivedData/WeatherBagCompanion-hebatjftwqflizcwfrvevjlmllvc/Index.noindex/DataStore -Xcc -D_LIBCPP_HARDENING_MODE\=_LIBCPP_HARDENING_MODE_DEBUG -swift-version 5 -I /Users/apple/Desktop/【项目的游戏】/deliveries/simplify-weather-bag-ios/build/Debug-iphonesimulator -F /Users/apple/Desktop/【项目的游戏】/deliveries/simplify-weather-bag-ios/build/Debug-iphonesimulator -c -j10 -enable-batch-mode -incremental -Xcc -ivfsstatcache -Xcc /Users/apple/Library/Developer/Xcode/DerivedData/SDKStatCaches.noindex/iphonesimulator26.4-23E252-686eebb5dc1d8ecb277353a59184f4aa.sdkstatcache -output-file-map /Users/apple/Desktop/【项目的游戏】/deliveries/simplify-weather-bag-ios/build/WeatherBagCompanion.build/Debug-iphonesimulator/WeatherBagCompanion.build/Objects-normal/x86_64/WeatherBagCompanion-OutputFileMap.json -use-frontend-parseable-output -save-temps -no-color-diagnostics -explicit-module-build -module-cache-path /Users/apple/Desktop/【项目的游戏】/deliveries/simplify-weather-bag-ios/build/SwiftExplicitPrecompiledModules -clang-scanner-module-cache-path /Users/apple/Library/Developer/Xcode/DerivedData/ModuleCache.noindex -sdk-module-cache-path /Users/apple/Library/Developer/Xcode/DerivedData/ModuleCache.noindex -serialize-diagnostics -emit-dependencies -emit-module -emit-module-path /Users/apple/Desktop/【项目的游戏】/deliveries/simplify-weather-bag-ios/build/WeatherBagCompanion.build/Debug-iphonesimulator/WeatherBagCompanion.build/Objects-normal/x86_64/WeatherBagCompanion.swiftmodule -validate-clang-modules-once -clang-build-session-file /Users/apple/Library/Developer/Xcode/DerivedData/ModuleCache.noindex/Session.modulevalidation -Xcc -I/Users/apple/Desktop/【项目的游戏】/deliveries/simplify-weather-bag-ios/build/WeatherBagCompanion.build/Debug-iphonesimulator/WeatherBagCompanion.build/swift-overrides.hmap -emit-const-values -Xfrontend -const-gather-protocols-file -Xfrontend /Users/apple/Desktop/【项目的游戏】/deliveries/simplify-weather-bag-ios/build/WeatherBagCompanion.build/Debug-iphonesimulator/WeatherBagCompanion.build/Objects-normal/x86_64/WeatherBagCompanion_const_extract_protocols.json -Xcc -iquote -Xcc /Users/apple/Desktop/【项目的游戏】/deliveries/simplify-weather-bag-ios/build/WeatherBagCompanion.build/Debug-iphonesimulator/WeatherBagCompanion.build/WeatherBagCompanion-generated-files.hmap -Xcc -I/Users/apple/Desktop/【项目的游戏】/deliveries/simplify-weather-bag-ios/build/WeatherBagCompanion.build/Debug-iphonesimulator/WeatherBagCompanion.build/WeatherBagCompanion-own-target-headers.hmap -Xcc -I/Users/apple/Desktop/【项目的游戏】/deliveries/simplify-weather-bag-ios/build/WeatherBagCompanion.build/Debug-iphonesimulator/WeatherBagCompanion.build/WeatherBagCompanion-all-target-headers.hmap -Xcc -iquote -Xcc /Users/apple/Desktop/【项目的游戏】/deliveries/simplify-weather-bag-ios/build/WeatherBagCompanion.build/Debug-iphonesimulator/WeatherBagCompanion.build/WeatherBagCompanion-project-headers.hmap -Xcc -I/Users/apple/Desktop/【项目的游戏】/deliveries/simplify-weather-bag-ios/build/Debug-iphonesimulator/include -Xcc -I/Users/apple/Desktop/【项目的游戏】/deliveries/simplify-weather-bag-ios/build/WeatherBagCompanion.build/Debug-iphonesimulator/WeatherBagCompanion.build/DerivedSources-normal/x86_64 -Xcc -I/Users/apple/Desktop/【项目的游戏】/deliveries/simplify-weather-bag-ios/build/WeatherBagCompanion.build/Debug-iphonesimulator/WeatherBagCompanion.build/DerivedSources/x86_64 -Xcc -I/Users/apple/Desktop/【项目的游戏】/deliveries/simplify-weather-bag-ios/build/WeatherBagCompanion.build/Debug-iphonesimulator/WeatherBagCompanion.build/DerivedSources -Xcc -DDEBUG\=1 -emit-objc-header -emit-objc-header-path /Users/apple/Desktop/【项目的游戏】/deliveries/simplify-weather-bag-ios/build/WeatherBagCompanion.build/Debug-iphonesimulator/WeatherBagCompanion.build/Objects-normal/x86_64/WeatherBagCompanion-Swift.h -working-directory /Users/apple/Desktop/【项目的游戏】/deliveries/simplify-weather-bag-ios -experimental-emit-module-separately -disable-cmo

SwiftExplicitDependencyGeneratePcm x86_64 /Users/apple/Library/Developer/Xcode/DerivedData/ModuleCache.noindex/SwiftShims-BAUD7685C1Q7SC422FUJWASMD.pcm

SwiftExplicitDependencyGeneratePcm x86_64 /Users/apple/Library/Developer/Xcode/DerivedData/ModuleCache.noindex/ptrcheck-56PUGC67C4SVL83ZYHO05IJFB.pcm

SwiftExplicitDependencyGeneratePcm x86_64 /Users/apple/Library/Developer/Xcode/DerivedData/ModuleCache.noindex/_Builtin_stddef-6O94V0I75F9BBQHVWPQH66N16.pcm

SwiftExplicitDependencyGeneratePcm x86_64 /Users/apple/Library/Developer/Xcode/DerivedData/ModuleCache.noindex/_Builtin_stdarg-B7DLYVDWIB5TJ7G7YZ11N6N56.pcm

SwiftExplicitDependencyGeneratePcm x86_64 /Users/apple/Library/Developer/Xcode/DerivedData/ModuleCache.noindex/_Builtin_stdbool-216J432E4V4TS85Q6N0UOOGXL.pcm

SwiftExplicitDependencyGeneratePcm x86_64 /Users/apple/Library/Developer/Xcode/DerivedData/ModuleCache.noindex/DeveloperToolsSupport-CLDG7M4B4MC7PBD1F2BQ53VOX.pcm

SwiftExplicitDependencyGeneratePcm x86_64 /Users/apple/Library/Developer/Xcode/DerivedData/ModuleCache.noindex/ptrauth-CZ2X068UGWGYZAMPJSFJ0D748.pcm

SwiftExplicitDependencyGeneratePcm x86_64 /Users/apple/Library/Developer/Xcode/DerivedData/ModuleCache.noindex/_AvailabilityInternal-58G7SBU5P7EADUOSISYWRR91Y.pcm

SwiftExplicitDependencyGeneratePcm x86_64 /Users/apple/Library/Developer/Xcode/DerivedData/ModuleCache.noindex/_Builtin_float-EUM59232LQBN0O4OT0EGEOUMN.pcm

SwiftExplicitDependencyGeneratePcm x86_64 /Users/apple/Library/Developer/Xcode/DerivedData/ModuleCache.noindex/_SwiftConcurrencyShims-8GBC3VYQOVC7FDP292OBLFN3M.pcm

SwiftExplicitDependencyGeneratePcm arm64 /Users/apple/Library/Developer/Xcode/DerivedData/ModuleCache.noindex/_LocationEssentials-4ZG29K0LHH5M32G6L05NRU6XC.pcm

SwiftExplicitDependencyGeneratePcm x86_64 /Users/apple/Library/Developer/Xcode/DerivedData/ModuleCache.noindex/_DarwinFoundation1-AKMKRNR26AQELZYSPNED4YKRE.pcm

SwiftExplicitDependencyGeneratePcm x86_64 /Users/apple/Library/Developer/Xcode/DerivedData/ModuleCache.noindex/_DarwinFoundation2-46A4FFXJCXI9EHTIUHF5KUFYW.pcm

SwiftExplicitDependencyGeneratePcm x86_64 /Users/apple/Library/Developer/Xcode/DerivedData/ModuleCache.noindex/_Builtin_limits-DEVM06O2IZ8A3V1DS6KE3ESGG.pcm

SwiftExplicitDependencyGeneratePcm arm64 /Users/apple/Library/Developer/Xcode/DerivedData/ModuleCache.noindex/CoreLocation-6TF2XS3T8DDQIUO0I12KFRLAV.pcm

SwiftExplicitDependencyGeneratePcm x86_64 /Users/apple/Library/Developer/Xcode/DerivedData/ModuleCache.noindex/_Builtin_tgmath-701KBEB78MVFYIUAEN6IE4P3A.pcm

SwiftExplicitDependencyGeneratePcm x86_64 /Users/apple/Library/Developer/Xcode/DerivedData/ModuleCache.noindex/sys_types-BWPSWNBG7Q97QA5IYK86GPVZX.pcm

SwiftExplicitDependencyGeneratePcm x86_64 /Users/apple/Library/Developer/Xcode/DerivedData/ModuleCache.noindex/_Builtin_stdint-7H4RQRHC1BDFQ8E1GZSUKAJ7Q.pcm

SwiftEmitModule normal arm64 Emitting\ module\ for\ WeatherBagCompanion (in target 'WeatherBagCompanion' from project 'WeatherBagCompanion')

EmitSwiftModule normal arm64 (in target 'WeatherBagCompanion' from project 'WeatherBagCompanion')
    cd /Users/apple/Desktop/【项目的游戏】/deliveries/simplify-weather-bag-ios
    

SwiftCompile normal arm64 Compiling\ WeatherService.swift /Users/apple/Desktop/【项目的游戏】/deliveries/simplify-weather-bag-ios/WeatherBagCompanion/WeatherService.swift (in target 'WeatherBagCompanion' from project 'WeatherBagCompanion')
SwiftCompile normal arm64 /Users/apple/Desktop/【项目的游戏】/deliveries/simplify-weather-bag-ios/WeatherBagCompanion/WeatherService.swift (in target 'WeatherBagCompanion' from project 'WeatherBagCompanion')
    cd /Users/apple/Desktop/【项目的游戏】/deliveries/simplify-weather-bag-ios
    
/Users/apple/Desktop/【项目的游戏】/deliveries/simplify-weather-bag-ios/WeatherBagCompanion/WeatherService.swift:189:23: warning: value 'self' was defined but never used; consider replacing with boolean test
            guard let self else { return }
                  ~~~~^
                           != nil

SwiftCompile normal arm64 Compiling\ Models.swift /Users/apple/Desktop/【项目的游戏】/deliveries/simplify-weather-bag-ios/WeatherBagCompanion/Models.swift (in target 'WeatherBagCompanion' from project 'WeatherBagCompanion')
SwiftCompile normal arm64 /Users/apple/Desktop/【项目的游戏】/deliveries/simplify-weather-bag-ios/WeatherBagCompanion/Models.swift (in target 'WeatherBagCompanion' from project 'WeatherBagCompanion')
    cd /Users/apple/Desktop/【项目的游戏】/deliveries/simplify-weather-bag-ios
    

SwiftCompile normal arm64 Compiling\ ContentView.swift /Users/apple/Desktop/【项目的游戏】/deliveries/simplify-weather-bag-ios/WeatherBagCompanion/ContentView.swift (in target 'WeatherBagCompanion' from project 'WeatherBagCompanion')
SwiftCompile normal arm64 /Users/apple/Desktop/【项目的游戏】/deliveries/simplify-weather-bag-ios/WeatherBagCompanion/ContentView.swift (in target 'WeatherBagCompanion' from project 'WeatherBagCompanion')
    cd /Users/apple/Desktop/【项目的游戏】/deliveries/simplify-weather-bag-ios
    

SwiftCompile normal arm64 Compiling\ WeatherBagCompanionApp.swift /Users/apple/Desktop/【项目的游戏】/deliveries/simplify-weather-bag-ios/WeatherBagCompanion/WeatherBagCompanionApp.swift (in target 'WeatherBagCompanion' from project 'WeatherBagCompanion')

SwiftCompile normal arm64 /Users/apple/Desktop/【项目的游戏】/deliveries/simplify-weather-bag-ios/WeatherBagCompanion/WeatherBagCompanionApp.swift (in target 'WeatherBagCompanion' from project 'WeatherBagCompanion')
    cd /Users/apple/Desktop/【项目的游戏】/deliveries/simplify-weather-bag-ios
    

SwiftExplicitDependencyGeneratePcm x86_64 /Users/apple/Library/Developer/Xcode/DerivedData/ModuleCache.noindex/_DarwinFoundation3-4XKVTXZ6V60UJ3E903ZUH3W2I.pcm

SwiftExplicitDependencyGeneratePcm x86_64 /Users/apple/Library/Developer/Xcode/DerivedData/ModuleCache.noindex/_Builtin_stdatomic-2WOHG8Z0WKVAF1K3V196CRCHC.pcm

SwiftExplicitDependencyGeneratePcm x86_64 /Users/apple/Library/Developer/Xcode/DerivedData/ModuleCache.noindex/_Builtin_intrinsics-BAMFOA2UVQG38WD1BWE8VDYPT.pcm

SwiftExplicitDependencyGeneratePcm x86_64 /Users/apple/Library/Developer/Xcode/DerivedData/ModuleCache.noindex/_Builtin_inttypes-EYQ2VQC1TQ0MPUZZJUORPOW9.pcm

SwiftExplicitDependencyGeneratePcm x86_64 /Users/apple/Library/Developer/Xcode/DerivedData/ModuleCache.noindex/Darwin-B5ZHGKDFPBEZJG9367S6Q4B4O.pcm

SwiftExplicitDependencyGeneratePcm x86_64 /Users/apple/Library/Developer/Xcode/DerivedData/ModuleCache.noindex/ObjectiveC-9BLT24BUR30OGJIJLYHXK0UQB.pcm

SwiftExplicitDependencyGeneratePcm x86_64 /Users/apple/Library/Developer/Xcode/DerivedData/ModuleCache.noindex/MachO-745UGIVRFCMRDXFNU4DC6EBIR.pcm

SwiftExplicitDependencyGeneratePcm x86_64 /Users/apple/Library/Developer/Xcode/DerivedData/ModuleCache.noindex/simd-2D191I14IHKB8MYWI9FI66V8G.pcm

SwiftDriverJobDiscovery normal arm64 Emitting module for WeatherBagCompanion (in target 'WeatherBagCompanion' from project 'WeatherBagCompanion')

SwiftDriver\ Compilation\ Requirements WeatherBagCompanion normal arm64 com.apple.xcode.tools.swift.compiler (in target 'WeatherBagCompanion' from project 'WeatherBagCompanion')
    cd /Users/apple/Desktop/【项目的游戏】/deliveries/simplify-weather-bag-ios
    builtin-Swift-Compilation-Requirements -- /Applications/Xcode.app/Contents/Developer/Toolchains/XcodeDefault.xctoolchain/usr/bin/swiftc -module-name WeatherBagCompanion -Onone @/Users/apple/Desktop/【项目的游戏】/deliveries/simplify-weather-bag-ios/build/WeatherBagCompanion.build/Debug-iphonesimulator/WeatherBagCompanion.build/Objects-normal/arm64/WeatherBagCompanion.SwiftFileList -DDEBUG -enable-bare-slash-regex -enable-experimental-feature DebugDescriptionMacro -sdk /Applications/Xcode.app/Contents/Developer/Platforms/iPhoneSimulator.platform/Developer/SDKs/iPhoneSimulator26.4.sdk -target arm64-apple-ios17.0-simulator -g -module-cache-path /Users/apple/Library/Developer/Xcode/DerivedData/ModuleCache.noindex -Xfrontend -serialize-debugging-options -enable-testing -index-store-path /Users/apple/Library/Developer/Xcode/DerivedData/WeatherBagCompanion-hebatjftwqflizcwfrvevjlmllvc/Index.noindex/DataStore -Xcc -D_LIBCPP_HARDENING_MODE\=_LIBCPP_HARDENING_MODE_DEBUG -swift-version 5 -I /Users/apple/Desktop/【项目的游戏】/deliveries/simplify-weather-bag-ios/build/Debug-iphonesimulator -F /Users/apple/Desktop/【项目的游戏】/deliveries/simplify-weather-bag-ios/build/Debug-iphonesimulator -c -j10 -enable-batch-mode -incremental -Xcc -ivfsstatcache -Xcc /Users/apple/Library/Developer/Xcode/DerivedData/SDKStatCaches.noindex/iphonesimulator26.4-23E252-686eebb5dc1d8ecb277353a59184f4aa.sdkstatcache -output-file-map /Users/apple/Desktop/【项目的游戏】/deliveries/simplify-weather-bag-ios/build/WeatherBagCompanion.build/Debug-iphonesimulator/WeatherBagCompanion.build/Objects-normal/arm64/WeatherBagCompanion-OutputFileMap.json -use-frontend-parseable-output -save-temps -no-color-diagnostics -explicit-module-build -module-cache-path /Users/apple/Desktop/【项目的游戏】/deliveries/simplify-weather-bag-ios/build/SwiftExplicitPrecompiledModules -clang-scanner-module-cache-path /Users/apple/Library/Developer/Xcode/DerivedData/ModuleCache.noindex -sdk-module-cache-path /Users/apple/Library/Developer/Xcode/DerivedData/ModuleCache.noindex -serialize-diagnostics -emit-dependencies -emit-module -emit-module-path /Users/apple/Desktop/【项目的游戏】/deliveries/simplify-weather-bag-ios/build/WeatherBagCompanion.build/Debug-iphonesimulator/WeatherBagCompanion.build/Objects-normal/arm64/WeatherBagCompanion.swiftmodule -validate-clang-modules-once -clang-build-session-file /Users/apple/Library/Developer/Xcode/DerivedData/ModuleCache.noindex/Session.modulevalidation -Xcc -I/Users/apple/Desktop/【项目的游戏】/deliveries/simplify-weather-bag-ios/build/WeatherBagCompanion.build/Debug-iphonesimulator/WeatherBagCompanion.build/swift-overrides.hmap -emit-const-values -Xfrontend -const-gather-protocols-file -Xfrontend /Users/apple/Desktop/【项目的游戏】/deliveries/simplify-weather-bag-ios/build/WeatherBagCompanion.build/Debug-iphonesimulator/WeatherBagCompanion.build/Objects-normal/arm64/WeatherBagCompanion_const_extract_protocols.json -Xcc -iquote -Xcc /Users/apple/Desktop/【项目的游戏】/deliveries/simplify-weather-bag-ios/build/WeatherBagCompanion.build/Debug-iphonesimulator/WeatherBagCompanion.build/WeatherBagCompanion-generated-files.hmap -Xcc -I/Users/apple/Desktop/【项目的游戏】/deliveries/simplify-weather-bag-ios/build/WeatherBagCompanion.build/Debug-iphonesimulator/WeatherBagCompanion.build/WeatherBagCompanion-own-target-headers.hmap -Xcc -I/Users/apple/Desktop/【项目的游戏】/deliveries/simplify-weather-bag-ios/build/WeatherBagCompanion.build/Debug-iphonesimulator/WeatherBagCompanion.build/WeatherBagCompanion-all-target-headers.hmap -Xcc -iquote -Xcc /Users/apple/Desktop/【项目的游戏】/deliveries/simplify-weather-bag-ios/build/WeatherBagCompanion.build/Debug-iphonesimulator/WeatherBagCompanion.build/WeatherBagCompanion-project-headers.hmap -Xcc -I/Users/apple/Desktop/【项目的游戏】/deliveries/simplify-weather-bag-ios/build/Debug-iphonesimulator/include -Xcc -I/Users/apple/Desktop/【项目的游戏】/deliveries/simplify-weather-bag-ios/build/WeatherBagCompanion.build/Debug-iphonesimulator/WeatherBagCompanion.build/DerivedSources-normal/arm64 -Xcc -I/Users/apple/Desktop/【项目的游戏】/deliveries/simplify-weather-bag-ios/build/WeatherBagCompanion.build/Debug-iphonesimulator/WeatherBagCompanion.build/DerivedSources/arm64 -Xcc -I/Users/apple/Desktop/【项目的游戏】/deliveries/simplify-weather-bag-ios/build/WeatherBagCompanion.build/Debug-iphonesimulator/WeatherBagCompanion.build/DerivedSources -Xcc -DDEBUG\=1 -emit-objc-header -emit-objc-header-path /Users/apple/Desktop/【项目的游戏】/deliveries/simplify-weather-bag-ios/build/WeatherBagCompanion.build/Debug-iphonesimulator/WeatherBagCompanion.build/Objects-normal/arm64/WeatherBagCompanion-Swift.h -working-directory /Users/apple/Desktop/【项目的游戏】/deliveries/simplify-weather-bag-ios -experimental-emit-module-separately -disable-cmo

Copy /Users/apple/Desktop/【项目的游戏】/deliveries/simplify-weather-bag-ios/build/Debug-iphonesimulator/WeatherBagCompanion.swiftmodule/arm64-apple-ios-simulator.swiftmodule /Users/apple/Desktop/【项目的游戏】/deliveries/simplify-weather-bag-ios/build/WeatherBagCompanion.build/Debug-iphonesimulator/WeatherBagCompanion.build/Objects-normal/arm64/WeatherBagCompanion.swiftmodule (in target 'WeatherBagCompanion' from project 'WeatherBagCompanion')
    cd /Users/apple/Desktop/【项目的游戏】/deliveries/simplify-weather-bag-ios
    builtin-copy -exclude .DS_Store -exclude CVS -exclude .svn -exclude .git -exclude .hg -resolve-src-symlinks -rename /Users/apple/Desktop/【项目的游戏】/deliveries/simplify-weather-bag-ios/build/WeatherBagCompanion.build/Debug-iphonesimulator/WeatherBagCompanion.build/Objects-normal/arm64/WeatherBagCompanion.swiftmodule /Users/apple/Desktop/【项目的游戏】/deliveries/simplify-weather-bag-ios/build/Debug-iphonesimulator/WeatherBagCompanion.swiftmodule/arm64-apple-ios-simulator.swiftmodule

Copy /Users/apple/Desktop/【项目的游戏】/deliveries/simplify-weather-bag-ios/build/Debug-iphonesimulator/WeatherBagCompanion.swiftmodule/arm64-apple-ios-simulator.swiftdoc /Users/apple/Desktop/【项目的游戏】/deliveries/simplify-weather-bag-ios/build/WeatherBagCompanion.build/Debug-iphonesimulator/WeatherBagCompanion.build/Objects-normal/arm64/WeatherBagCompanion.swiftdoc (in target 'WeatherBagCompanion' from project 'WeatherBagCompanion')
    cd /Users/apple/Desktop/【项目的游戏】/deliveries/simplify-weather-bag-ios
    builtin-copy -exclude .DS_Store -exclude CVS -exclude .svn -exclude .git -exclude .hg -resolve-src-symlinks -rename /Users/apple/Desktop/【项目的游戏】/deliveries/simplify-weather-bag-ios/build/WeatherBagCompanion.build/Debug-iphonesimulator/WeatherBagCompanion.build/Objects-normal/arm64/WeatherBagCompanion.swiftdoc /Users/apple/Desktop/【项目的游戏】/deliveries/simplify-weather-bag-ios/build/Debug-iphonesimulator/WeatherBagCompanion.swiftmodule/arm64-apple-ios-simulator.swiftdoc

Copy /Users/apple/Desktop/【项目的游戏】/deliveries/simplify-weather-bag-ios/build/Debug-iphonesimulator/WeatherBagCompanion.swiftmodule/arm64-apple-ios-simulator.abi.json /Users/apple/Desktop/【项目的游戏】/deliveries/simplify-weather-bag-ios/build/WeatherBagCompanion.build/Debug-iphonesimulator/WeatherBagCompanion.build/Objects-normal/arm64/WeatherBagCompanion.abi.json (in target 'WeatherBagCompanion' from project 'WeatherBagCompanion')
    cd /Users/apple/Desktop/【项目的游戏】/deliveries/simplify-weather-bag-ios
    builtin-copy -exclude .DS_Store -exclude CVS -exclude .svn -exclude .git -exclude .hg -resolve-src-symlinks -rename /Users/apple/Desktop/【项目的游戏】/deliveries/simplify-weather-bag-ios/build/WeatherBagCompanion.build/Debug-iphonesimulator/WeatherBagCompanion.build/Objects-normal/arm64/WeatherBagCompanion.abi.json /Users/apple/Desktop/【项目的游戏】/deliveries/simplify-weather-bag-ios/build/Debug-iphonesimulator/WeatherBagCompanion.swiftmodule/arm64-apple-ios-simulator.abi.json

Copy /Users/apple/Desktop/【项目的游戏】/deliveries/simplify-weather-bag-ios/build/Debug-iphonesimulator/WeatherBagCompanion.swiftmodule/Project/arm64-apple-ios-simulator.swiftsourceinfo /Users/apple/Desktop/【项目的游戏】/deliveries/simplify-weather-bag-ios/build/WeatherBagCompanion.build/Debug-iphonesimulator/WeatherBagCompanion.build/Objects-normal/arm64/WeatherBagCompanion.swiftsourceinfo (in target 'WeatherBagCompanion' from project 'WeatherBagCompanion')
    cd /Users/apple/Desktop/【项目的游戏】/deliveries/simplify-weather-bag-ios
    builtin-copy -exclude .DS_Store -exclude CVS -exclude .svn -exclude .git -exclude .hg -resolve-src-symlinks -rename /Users/apple/Desktop/【项目的游戏】/deliveries/simplify-weather-bag-ios/build/WeatherBagCompanion.build/Debug-iphonesimulator/WeatherBagCompanion.build/Objects-normal/arm64/WeatherBagCompanion.swiftsourceinfo /Users/apple/Desktop/【项目的游戏】/deliveries/simplify-weather-bag-ios/build/Debug-iphonesimulator/WeatherBagCompanion.swiftmodule/Project/arm64-apple-ios-simulator.swiftsourceinfo

SwiftExplicitDependencyGeneratePcm x86_64 /Users/apple/Library/Developer/Xcode/DerivedData/ModuleCache.noindex/os_object-B4TO96JALBL30K3P9UV7B4PZB.pcm

SwiftExplicitDependencyGeneratePcm x86_64 /Users/apple/Library/Developer/Xcode/DerivedData/ModuleCache.noindex/os_workgroup-3VQ1383IMREVYZ4FSWH3O9G0.pcm

SwiftExplicitDependencyGeneratePcm x86_64 /Users/apple/Library/Developer/Xcode/DerivedData/ModuleCache.noindex/Dispatch-2F4L4K6UV7NITA5IDP2YAW6PK.pcm

SwiftExplicitDependencyGeneratePcm x86_64 /Users/apple/Library/Developer/Xcode/DerivedData/ModuleCache.noindex/XPC-8AFJP0NZ2YXI3C8ITX4Z5SXFU.pcm

SwiftExplicitDependencyGeneratePcm x86_64 /Users/apple/Library/Developer/Xcode/DerivedData/ModuleCache.noindex/CoreFoundation-CJ6TO5PJ53LV6KJSERXXR9Z5D.pcm

SwiftExplicitDependencyGeneratePcm x86_64 /Users/apple/Library/Developer/Xcode/DerivedData/ModuleCache.noindex/os-EISU08NUQLM2ASF0ULGHD1WUM.pcm

SwiftExplicitDependencyGeneratePcm x86_64 /Users/apple/Library/Developer/Xcode/DerivedData/ModuleCache.noindex/CFNetwork-2SC63IB22SK38JEQS0LHKZ9DP.pcm

SwiftExplicitDependencyGeneratePcm x86_64 /Users/apple/Library/Developer/Xcode/DerivedData/ModuleCache.noindex/Security-60ABFC8I2Y1KYWJ1M871NRDQT.pcm

SwiftExplicitDependencyGeneratePcm x86_64 /Users/apple/Library/Developer/Xcode/DerivedData/ModuleCache.noindex/CoreGraphics-1Q7GIT9K5USLYDYJVPWM56A9M.pcm

SwiftExplicitDependencyGeneratePcm x86_64 /Users/apple/Library/Developer/Xcode/DerivedData/ModuleCache.noindex/Spatial-DRH9HS4O847F82XO7ZHYWJGBP.pcm

SwiftExplicitDependencyGeneratePcm x86_64 /Users/apple/Library/Developer/Xcode/DerivedData/ModuleCache.noindex/Foundation-38HEUUSYQ38PS6YNUNCMKAULI.pcm

SwiftExplicitDependencyGeneratePcm x86_64 /Users/apple/Library/Developer/Xcode/DerivedData/ModuleCache.noindex/CoreText-4XM9HYXJO9499XLKXS4LN70TU.pcm

SwiftExplicitDependencyGeneratePcm x86_64 /Users/apple/Library/Developer/Xcode/DerivedData/ModuleCache.noindex/ImageIO-85S18NHWR56IB3EE8CCJNY4PZ.pcm

SwiftExplicitDependencyGeneratePcm x86_64 /Users/apple/Library/Developer/Xcode/DerivedData/ModuleCache.noindex/FileProvider-7MOH8AFJ9QZTLI0SFI0I040LB.pcm

SwiftExplicitDependencyGeneratePcm x86_64 /Users/apple/Library/Developer/Xcode/DerivedData/ModuleCache.noindex/UserNotifications-D2H4PG1YX1S2818JGDQ7CVAPA.pcm

SwiftExplicitDependencyGeneratePcm x86_64 /Users/apple/Library/Developer/Xcode/DerivedData/ModuleCache.noindex/CoreData-27DSLDGTR8ARX07GLC7ZC3DWR.pcm

SwiftExplicitDependencyGeneratePcm x86_64 /Users/apple/Library/Developer/Xcode/DerivedData/ModuleCache.noindex/_LocationEssentials-41JHCY49TFUL234UV9G7T3JBA.pcm

SwiftExplicitDependencyGeneratePcm x86_64 /Users/apple/Library/Developer/Xcode/DerivedData/ModuleCache.noindex/UIUtilities-4NH4JSDNNAO2U1ISWBJIJSVOO.pcm

SwiftExplicitDependencyGeneratePcm x86_64 /Users/apple/Library/Developer/Xcode/DerivedData/ModuleCache.noindex/DataDetection-DR8RZECS0S0B6ZEUEM3QIP8BJ.pcm

SwiftExplicitDependencyGeneratePcm x86_64 /Users/apple/Library/Developer/Xcode/DerivedData/ModuleCache.noindex/Symbols-6Y2VPIZSDG66KCRMMOZG94R74.pcm

SwiftExplicitDependencyGeneratePcm x86_64 /Users/apple/Library/Developer/Xcode/DerivedData/ModuleCache.noindex/Accessibility-2SJLK7H68MAJS6RQEPOZEX32T.pcm

SwiftExplicitDependencyGeneratePcm x86_64 /Users/apple/Library/Developer/Xcode/DerivedData/ModuleCache.noindex/CoreLocation-A530NA8ZCO9K9B7EX2QG47U2I.pcm

SwiftExplicitDependencyGeneratePcm x86_64 /Users/apple/Library/Developer/Xcode/DerivedData/ModuleCache.noindex/CoreTransferable-4T8J7RA0DLO9COY8EPLFLSEHC.pcm

SwiftExplicitDependencyGeneratePcm x86_64 /Users/apple/Library/Developer/Xcode/DerivedData/ModuleCache.noindex/IOSurface-3K0T18ASWPYUD9OVHIF5W3KOI.pcm

SwiftExplicitDependencyGeneratePcm x86_64 /Users/apple/Library/Developer/Xcode/DerivedData/ModuleCache.noindex/OpenGLES-BCJX4NUMJ405WRXC1CWB12ZV3.pcm

SwiftExplicitDependencyGeneratePcm x86_64 /Users/apple/Library/Developer/Xcode/DerivedData/ModuleCache.noindex/UniformTypeIdentifiers-33QLH6L8UH2L84OV2R2U6WYJE.pcm

SwiftExplicitDependencyGeneratePcm x86_64 /Users/apple/Library/Developer/Xcode/DerivedData/ModuleCache.noindex/OSLog-D5IDTHJSG1M9Z5FMYXHHQU07W.pcm

SwiftExplicitDependencyGeneratePcm x86_64 /Users/apple/Library/Developer/Xcode/DerivedData/ModuleCache.noindex/Metal-86Z579KE6UITBHQU708D8QYS9.pcm

SwiftExplicitDependencyGeneratePcm x86_64 /Users/apple/Library/Developer/Xcode/DerivedData/ModuleCache.noindex/CoreVideo-BIQLHOFNJF1PZ5GBMQM4E1DCK.pcm

SwiftExplicitDependencyGeneratePcm x86_64 /Users/apple/Library/Developer/Xcode/DerivedData/ModuleCache.noindex/CoreImage-5JONFI0GASYUXIRH9PINA9D3I.pcm

SwiftExplicitDependencyGeneratePcm x86_64 /Users/apple/Library/Developer/Xcode/DerivedData/ModuleCache.noindex/QuartzCore-7YYC3KPK35AJEFVUWBBCHET6J.pcm

SwiftExplicitDependencyGeneratePcm x86_64 /Users/apple/Library/Developer/Xcode/DerivedData/ModuleCache.noindex/SwiftUICore-A0VMHHHQSKFCYXBYQ3UX34AZ7.pcm

SwiftExplicitDependencyGeneratePcm x86_64 /Users/apple/Library/Developer/Xcode/DerivedData/ModuleCache.noindex/UIKit-9ESV8VBQ33JXVHVIHV5PHR44.pcm

SwiftDriverJobDiscovery normal arm64 Compiling WeatherService.swift (in target 'WeatherBagCompanion' from project 'WeatherBagCompanion')

SwiftExplicitDependencyGeneratePcm x86_64 /Users/apple/Library/Developer/Xcode/DerivedData/ModuleCache.noindex/SwiftUI-1314ZG36ID0R8DX5X4LO5Y38W.pcm

SwiftEmitModule normal x86_64 Emitting\ module\ for\ WeatherBagCompanion (in target 'WeatherBagCompanion' from project 'WeatherBagCompanion')

EmitSwiftModule normal x86_64 (in target 'WeatherBagCompanion' from project 'WeatherBagCompanion')
    cd /Users/apple/Desktop/【项目的游戏】/deliveries/simplify-weather-bag-ios
    

SwiftCompile normal x86_64 Compiling\ WeatherBagCompanionApp.swift /Users/apple/Desktop/【项目的游戏】/deliveries/simplify-weather-bag-ios/WeatherBagCompanion/WeatherBagCompanionApp.swift (in target 'WeatherBagCompanion' from project 'WeatherBagCompanion')
SwiftCompile normal x86_64 /Users/apple/Desktop/【项目的游戏】/deliveries/simplify-weather-bag-ios/WeatherBagCompanion/WeatherBagCompanionApp.swift (in target 'WeatherBagCompanion' from project 'WeatherBagCompanion')
    cd /Users/apple/Desktop/【项目的游戏】/deliveries/simplify-weather-bag-ios
    

SwiftCompile normal x86_64 Compiling\ WeatherService.swift /Users/apple/Desktop/【项目的游戏】/deliveries/simplify-weather-bag-ios/WeatherBagCompanion/WeatherService.swift (in target 'WeatherBagCompanion' from project 'WeatherBagCompanion')

SwiftCompile normal x86_64 /Users/apple/Desktop/【项目的游戏】/deliveries/simplify-weather-bag-ios/WeatherBagCompanion/WeatherService.swift (in target 'WeatherBagCompanion' from project 'WeatherBagCompanion')
    cd /Users/apple/Desktop/【项目的游戏】/deliveries/simplify-weather-bag-ios
    
/Users/apple/Desktop/【项目的游戏】/deliveries/simplify-weather-bag-ios/WeatherBagCompanion/WeatherService.swift:189:23: warning: value 'self' was defined but never used; consider replacing with boolean test
            guard let self else { return }
                  ~~~~^
                           != nil

SwiftCompile normal x86_64 Compiling\ Models.swift /Users/apple/Desktop/【项目的游戏】/deliveries/simplify-weather-bag-ios/WeatherBagCompanion/Models.swift (in target 'WeatherBagCompanion' from project 'WeatherBagCompanion')
SwiftCompile normal x86_64 /Users/apple/Desktop/【项目的游戏】/deliveries/simplify-weather-bag-ios/WeatherBagCompanion/Models.swift (in target 'WeatherBagCompanion' from project 'WeatherBagCompanion')
    cd /Users/apple/Desktop/【项目的游戏】/deliveries/simplify-weather-bag-ios
    

SwiftCompile normal x86_64 Compiling\ ContentView.swift /Users/apple/Desktop/【项目的游戏】/deliveries/simplify-weather-bag-ios/WeatherBagCompanion/ContentView.swift (in target 'WeatherBagCompanion' from project 'WeatherBagCompanion')
SwiftCompile normal x86_64 /Users/apple/Desktop/【项目的游戏】/deliveries/simplify-weather-bag-ios/WeatherBagCompanion/ContentView.swift (in target 'WeatherBagCompanion' from project 'WeatherBagCompanion')
    cd /Users/apple/Desktop/【项目的游戏】/deliveries/simplify-weather-bag-ios
    

SwiftDriverJobDiscovery normal x86_64 Emitting module for WeatherBagCompanion (in target 'WeatherBagCompanion' from project 'WeatherBagCompanion')

SwiftDriver\ Compilation\ Requirements WeatherBagCompanion normal x86_64 com.apple.xcode.tools.swift.compiler (in target 'WeatherBagCompanion' from project 'WeatherBagCompanion')
    cd /Users/apple/Desktop/【项目的游戏】/deliveries/simplify-weather-bag-ios
    builtin-Swift-Compilation-Requirements -- /Applications/Xcode.app/Contents/Developer/Toolchains/XcodeDefault.xctoolchain/usr/bin/swiftc -module-name WeatherBagCompanion -Onone @/Users/apple/Desktop/【项目的游戏】/deliveries/simplify-weather-bag-ios/build/WeatherBagCompanion.build/Debug-iphonesimulator/WeatherBagCompanion.build/Objects-normal/x86_64/WeatherBagCompanion.SwiftFileList -DDEBUG -enable-bare-slash-regex -enable-experimental-feature DebugDescriptionMacro -sdk /Applications/Xcode.app/Contents/Developer/Platforms/iPhoneSimulator.platform/Developer/SDKs/iPhoneSimulator26.4.sdk -target x86_64-apple-ios17.0-simulator -g -module-cache-path /Users/apple/Library/Developer/Xcode/DerivedData/ModuleCache.noindex -Xfrontend -serialize-debugging-options -enable-testing -index-store-path /Users/apple/Library/Developer/Xcode/DerivedData/WeatherBagCompanion-hebatjftwqflizcwfrvevjlmllvc/Index.noindex/DataStore -Xcc -D_LIBCPP_HARDENING_MODE\=_LIBCPP_HARDENING_MODE_DEBUG -swift-version 5 -I /Users/apple/Desktop/【项目的游戏】/deliveries/simplify-weather-bag-ios/build/Debug-iphonesimulator -F /Users/apple/Desktop/【项目的游戏】/deliveries/simplify-weather-bag-ios/build/Debug-iphonesimulator -c -j10 -enable-batch-mode -incremental -Xcc -ivfsstatcache -Xcc /Users/apple/Library/Developer/Xcode/DerivedData/SDKStatCaches.noindex/iphonesimulator26.4-23E252-686eebb5dc1d8ecb277353a59184f4aa.sdkstatcache -output-file-map /Users/apple/Desktop/【项目的游戏】/deliveries/simplify-weather-bag-ios/build/WeatherBagCompanion.build/Debug-iphonesimulator/WeatherBagCompanion.build/Objects-normal/x86_64/WeatherBagCompanion-OutputFileMap.json -use-frontend-parseable-output -save-temps -no-color-diagnostics -explicit-module-build -module-cache-path /Users/apple/Desktop/【项目的游戏】/deliveries/simplify-weather-bag-ios/build/SwiftExplicitPrecompiledModules -clang-scanner-module-cache-path /Users/apple/Library/Developer/Xcode/DerivedData/ModuleCache.noindex -sdk-module-cache-path /Users/apple/Library/Developer/Xcode/DerivedData/ModuleCache.noindex -serialize-diagnostics -emit-dependencies -emit-module -emit-module-path /Users/apple/Desktop/【项目的游戏】/deliveries/simplify-weather-bag-ios/build/WeatherBagCompanion.build/Debug-iphonesimulator/WeatherBagCompanion.build/Objects-normal/x86_64/WeatherBagCompanion.swiftmodule -validate-clang-modules-once -clang-build-session-file /Users/apple/Library/Developer/Xcode/DerivedData/ModuleCache.noindex/Session.modulevalidation -Xcc -I/Users/apple/Desktop/【项目的游戏】/deliveries/simplify-weather-bag-ios/build/WeatherBagCompanion.build/Debug-iphonesimulator/WeatherBagCompanion.build/swift-overrides.hmap -emit-const-values -Xfrontend -const-gather-protocols-file -Xfrontend /Users/apple/Desktop/【项目的游戏】/deliveries/simplify-weather-bag-ios/build/WeatherBagCompanion.build/Debug-iphonesimulator/WeatherBagCompanion.build/Objects-normal/x86_64/WeatherBagCompanion_const_extract_protocols.json -Xcc -iquote -Xcc /Users/apple/Desktop/【项目的游戏】/deliveries/simplify-weather-bag-ios/build/WeatherBagCompanion.build/Debug-iphonesimulator/WeatherBagCompanion.build/WeatherBagCompanion-generated-files.hmap -Xcc -I/Users/apple/Desktop/【项目的游戏】/deliveries/simplify-weather-bag-ios/build/WeatherBagCompanion.build/Debug-iphonesimulator/WeatherBagCompanion.build/WeatherBagCompanion-own-target-headers.hmap -Xcc -I/Users/apple/Desktop/【项目的游戏】/deliveries/simplify-weather-bag-ios/build/WeatherBagCompanion.build/Debug-iphonesimulator/WeatherBagCompanion.build/WeatherBagCompanion-all-target-headers.hmap -Xcc -iquote -Xcc /Users/apple/Desktop/【项目的游戏】/deliveries/simplify-weather-bag-ios/build/WeatherBagCompanion.build/Debug-iphonesimulator/WeatherBagCompanion.build/WeatherBagCompanion-project-headers.hmap -Xcc -I/Users/apple/Desktop/【项目的游戏】/deliveries/simplify-weather-bag-ios/build/Debug-iphonesimulator/include -Xcc -I/Users/apple/Desktop/【项目的游戏】/deliveries/simplify-weather-bag-ios/build/WeatherBagCompanion.build/Debug-iphonesimulator/WeatherBagCompanion.build/DerivedSources-normal/x86_64 -Xcc -I/Users/apple/Desktop/【项目的游戏】/deliveries/simplify-weather-bag-ios/build/WeatherBagCompanion.build/Debug-iphonesimulator/WeatherBagCompanion.build/DerivedSources/x86_64 -Xcc -I/Users/apple/Desktop/【项目的游戏】/deliveries/simplify-weather-bag-ios/build/WeatherBagCompanion.build/Debug-iphonesimulator/WeatherBagCompanion.build/DerivedSources -Xcc -DDEBUG\=1 -emit-objc-header -emit-objc-header-path /Users/apple/Desktop/【项目的游戏】/deliveries/simplify-weather-bag-ios/build/WeatherBagCompanion.build/Debug-iphonesimulator/WeatherBagCompanion.build/Objects-normal/x86_64/WeatherBagCompanion-Swift.h -working-directory /Users/apple/Desktop/【项目的游戏】/deliveries/simplify-weather-bag-ios -experimental-emit-module-separately -disable-cmo

SwiftMergeGeneratedHeaders /Users/apple/Desktop/【项目的游戏】/deliveries/simplify-weather-bag-ios/build/WeatherBagCompanion.build/Debug-iphonesimulator/WeatherBagCompanion.build/DerivedSources/WeatherBagCompanion-Swift.h /Users/apple/Desktop/【项目的游戏】/deliveries/simplify-weather-bag-ios/build/WeatherBagCompanion.build/Debug-iphonesimulator/WeatherBagCompanion.build/Objects-normal/arm64/WeatherBagCompanion-Swift.h /Users/apple/Desktop/【项目的游戏】/deliveries/simplify-weather-bag-ios/build/WeatherBagCompanion.build/Debug-iphonesimulator/WeatherBagCompanion.build/Objects-normal/x86_64/WeatherBagCompanion-Swift.h (in target 'WeatherBagCompanion' from project 'WeatherBagCompanion')
    cd /Users/apple/Desktop/【项目的游戏】/deliveries/simplify-weather-bag-ios
    builtin-swiftHeaderTool -arch arm64 /Users/apple/Desktop/【项目的游戏】/deliveries/simplify-weather-bag-ios/build/WeatherBagCompanion.build/Debug-iphonesimulator/WeatherBagCompanion.build/Objects-normal/arm64/WeatherBagCompanion-Swift.h -arch x86_64 /Users/apple/Desktop/【项目的游戏】/deliveries/simplify-weather-bag-ios/build/WeatherBagCompanion.build/Debug-iphonesimulator/WeatherBagCompanion.build/Objects-normal/x86_64/WeatherBagCompanion-Swift.h -o /Users/apple/Desktop/【项目的游戏】/deliveries/simplify-weather-bag-ios/build/WeatherBagCompanion.build/Debug-iphonesimulator/WeatherBagCompanion.build/DerivedSources/WeatherBagCompanion-Swift.h

Copy /Users/apple/Desktop/【项目的游戏】/deliveries/simplify-weather-bag-ios/build/Debug-iphonesimulator/WeatherBagCompanion.swiftmodule/x86_64-apple-ios-simulator.swiftmodule /Users/apple/Desktop/【项目的游戏】/deliveries/simplify-weather-bag-ios/build/WeatherBagCompanion.build/Debug-iphonesimulator/WeatherBagCompanion.build/Objects-normal/x86_64/WeatherBagCompanion.swiftmodule (in target 'WeatherBagCompanion' from project 'WeatherBagCompanion')
    cd /Users/apple/Desktop/【项目的游戏】/deliveries/simplify-weather-bag-ios
    builtin-copy -exclude .DS_Store -exclude CVS -exclude .svn -exclude .git -exclude .hg -resolve-src-symlinks -rename /Users/apple/Desktop/【项目的游戏】/deliveries/simplify-weather-bag-ios/build/WeatherBagCompanion.build/Debug-iphonesimulator/WeatherBagCompanion.build/Objects-normal/x86_64/WeatherBagCompanion.swiftmodule /Users/apple/Desktop/【项目的游戏】/deliveries/simplify-weather-bag-ios/build/Debug-iphonesimulator/WeatherBagCompanion.swiftmodule/x86_64-apple-ios-simulator.swiftmodule

Copy /Users/apple/Desktop/【项目的游戏】/deliveries/simplify-weather-bag-ios/build/Debug-iphonesimulator/WeatherBagCompanion.swiftmodule/x86_64-apple-ios-simulator.swiftdoc /Users/apple/Desktop/【项目的游戏】/deliveries/simplify-weather-bag-ios/build/WeatherBagCompanion.build/Debug-iphonesimulator/WeatherBagCompanion.build/Objects-normal/x86_64/WeatherBagCompanion.swiftdoc (in target 'WeatherBagCompanion' from project 'WeatherBagCompanion')
    cd /Users/apple/Desktop/【项目的游戏】/deliveries/simplify-weather-bag-ios
    builtin-copy -exclude .DS_Store -exclude CVS -exclude .svn -exclude .git -exclude .hg -resolve-src-symlinks -rename /Users/apple/Desktop/【项目的游戏】/deliveries/simplify-weather-bag-ios/build/WeatherBagCompanion.build/Debug-iphonesimulator/WeatherBagCompanion.build/Objects-normal/x86_64/WeatherBagCompanion.swiftdoc /Users/apple/Desktop/【项目的游戏】/deliveries/simplify-weather-bag-ios/build/Debug-iphonesimulator/WeatherBagCompanion.swiftmodule/x86_64-apple-ios-simulator.swiftdoc

Copy /Users/apple/Desktop/【项目的游戏】/deliveries/simplify-weather-bag-ios/build/Debug-iphonesimulator/WeatherBagCompanion.swiftmodule/x86_64-apple-ios-simulator.abi.json /Users/apple/Desktop/【项目的游戏】/deliveries/simplify-weather-bag-ios/build/WeatherBagCompanion.build/Debug-iphonesimulator/WeatherBagCompanion.build/Objects-normal/x86_64/WeatherBagCompanion.abi.json (in target 'WeatherBagCompanion' from project 'WeatherBagCompanion')
    cd /Users/apple/Desktop/【项目的游戏】/deliveries/simplify-weather-bag-ios
    builtin-copy -exclude .DS_Store -exclude CVS -exclude .svn -exclude .git -exclude .hg -resolve-src-symlinks -rename /Users/apple/Desktop/【项目的游戏】/deliveries/simplify-weather-bag-ios/build/WeatherBagCompanion.build/Debug-iphonesimulator/WeatherBagCompanion.build/Objects-normal/x86_64/WeatherBagCompanion.abi.json /Users/apple/Desktop/【项目的游戏】/deliveries/simplify-weather-bag-ios/build/Debug-iphonesimulator/WeatherBagCompanion.swiftmodule/x86_64-apple-ios-simulator.abi.json

Copy /Users/apple/Desktop/【项目的游戏】/deliveries/simplify-weather-bag-ios/build/Debug-iphonesimulator/WeatherBagCompanion.swiftmodule/Project/x86_64-apple-ios-simulator.swiftsourceinfo /Users/apple/Desktop/【项目的游戏】/deliveries/simplify-weather-bag-ios/build/WeatherBagCompanion.build/Debug-iphonesimulator/WeatherBagCompanion.build/Objects-normal/x86_64/WeatherBagCompanion.swiftsourceinfo (in target 'WeatherBagCompanion' from project 'WeatherBagCompanion')
    cd /Users/apple/Desktop/【项目的游戏】/deliveries/simplify-weather-bag-ios
    builtin-copy -exclude .DS_Store -exclude CVS -exclude .svn -exclude .git -exclude .hg -resolve-src-symlinks -rename /Users/apple/Desktop/【项目的游戏】/deliveries/simplify-weather-bag-ios/build/WeatherBagCompanion.build/Debug-iphonesimulator/WeatherBagCompanion.build/Objects-normal/x86_64/WeatherBagCompanion.swiftsourceinfo /Users/apple/Desktop/【项目的游戏】/deliveries/simplify-weather-bag-ios/build/Debug-iphonesimulator/WeatherBagCompanion.swiftmodule/Project/x86_64-apple-ios-simulator.swiftsourceinfo

SwiftDriverJobDiscovery normal arm64 Compiling WeatherBagCompanionApp.swift (in target 'WeatherBagCompanion' from project 'WeatherBagCompanion')

SwiftDriverJobDiscovery normal arm64 Compiling Models.swift (in target 'WeatherBagCompanion' from project 'WeatherBagCompanion')

SwiftDriverJobDiscovery normal arm64 Compiling ContentView.swift (in target 'WeatherBagCompanion' from project 'WeatherBagCompanion')

SwiftDriver\ Compilation WeatherBagCompanion normal arm64 com.apple.xcode.tools.swift.compiler (in target 'WeatherBagCompanion' from project 'WeatherBagCompanion')
    cd /Users/apple/Desktop/【项目的游戏】/deliveries/simplify-weather-bag-ios
    builtin-Swift-Compilation -- /Applications/Xcode.app/Contents/Developer/Toolchains/XcodeDefault.xctoolchain/usr/bin/swiftc -module-name WeatherBagCompanion -Onone @/Users/apple/Desktop/【项目的游戏】/deliveries/simplify-weather-bag-ios/build/WeatherBagCompanion.build/Debug-iphonesimulator/WeatherBagCompanion.build/Objects-normal/arm64/WeatherBagCompanion.SwiftFileList -DDEBUG -enable-bare-slash-regex -enable-experimental-feature DebugDescriptionMacro -sdk /Applications/Xcode.app/Contents/Developer/Platforms/iPhoneSimulator.platform/Developer/SDKs/iPhoneSimulator26.4.sdk -target arm64-apple-ios17.0-simulator -g -module-cache-path /Users/apple/Library/Developer/Xcode/DerivedData/ModuleCache.noindex -Xfrontend -serialize-debugging-options -enable-testing -index-store-path /Users/apple/Library/Developer/Xcode/DerivedData/WeatherBagCompanion-hebatjftwqflizcwfrvevjlmllvc/Index.noindex/DataStore -Xcc -D_LIBCPP_HARDENING_MODE\=_LIBCPP_HARDENING_MODE_DEBUG -swift-version 5 -I /Users/apple/Desktop/【项目的游戏】/deliveries/simplify-weather-bag-ios/build/Debug-iphonesimulator -F /Users/apple/Desktop/【项目的游戏】/deliveries/simplify-weather-bag-ios/build/Debug-iphonesimulator -c -j10 -enable-batch-mode -incremental -Xcc -ivfsstatcache -Xcc /Users/apple/Library/Developer/Xcode/DerivedData/SDKStatCaches.noindex/iphonesimulator26.4-23E252-686eebb5dc1d8ecb277353a59184f4aa.sdkstatcache -output-file-map /Users/apple/Desktop/【项目的游戏】/deliveries/simplify-weather-bag-ios/build/WeatherBagCompanion.build/Debug-iphonesimulator/WeatherBagCompanion.build/Objects-normal/arm64/WeatherBagCompanion-OutputFileMap.json -use-frontend-parseable-output -save-temps -no-color-diagnostics -explicit-module-build -module-cache-path /Users/apple/Desktop/【项目的游戏】/deliveries/simplify-weather-bag-ios/build/SwiftExplicitPrecompiledModules -clang-scanner-module-cache-path /Users/apple/Library/Developer/Xcode/DerivedData/ModuleCache.noindex -sdk-module-cache-path /Users/apple/Library/Developer/Xcode/DerivedData/ModuleCache.noindex -serialize-diagnostics -emit-dependencies -emit-module -emit-module-path /Users/apple/Desktop/【项目的游戏】/deliveries/simplify-weather-bag-ios/build/WeatherBagCompanion.build/Debug-iphonesimulator/WeatherBagCompanion.build/Objects-normal/arm64/WeatherBagCompanion.swiftmodule -validate-clang-modules-once -clang-build-session-file /Users/apple/Library/Developer/Xcode/DerivedData/ModuleCache.noindex/Session.modulevalidation -Xcc -I/Users/apple/Desktop/【项目的游戏】/deliveries/simplify-weather-bag-ios/build/WeatherBagCompanion.build/Debug-iphonesimulator/WeatherBagCompanion.build/swift-overrides.hmap -emit-const-values -Xfrontend -const-gather-protocols-file -Xfrontend /Users/apple/Desktop/【项目的游戏】/deliveries/simplify-weather-bag-ios/build/WeatherBagCompanion.build/Debug-iphonesimulator/WeatherBagCompanion.build/Objects-normal/arm64/WeatherBagCompanion_const_extract_protocols.json -Xcc -iquote -Xcc /Users/apple/Desktop/【项目的游戏】/deliveries/simplify-weather-bag-ios/build/WeatherBagCompanion.build/Debug-iphonesimulator/WeatherBagCompanion.build/WeatherBagCompanion-generated-files.hmap -Xcc -I/Users/apple/Desktop/【项目的游戏】/deliveries/simplify-weather-bag-ios/build/WeatherBagCompanion.build/Debug-iphonesimulator/WeatherBagCompanion.build/WeatherBagCompanion-own-target-headers.hmap -Xcc -I/Users/apple/Desktop/【项目的游戏】/deliveries/simplify-weather-bag-ios/build/WeatherBagCompanion.build/Debug-iphonesimulator/WeatherBagCompanion.build/WeatherBagCompanion-all-target-headers.hmap -Xcc -iquote -Xcc /Users/apple/Desktop/【项目的游戏】/deliveries/simplify-weather-bag-ios/build/WeatherBagCompanion.build/Debug-iphonesimulator/WeatherBagCompanion.build/WeatherBagCompanion-project-headers.hmap -Xcc -I/Users/apple/Desktop/【项目的游戏】/deliveries/simplify-weather-bag-ios/build/Debug-iphonesimulator/include -Xcc -I/Users/apple/Desktop/【项目的游戏】/deliveries/simplify-weather-bag-ios/build/WeatherBagCompanion.build/Debug-iphonesimulator/WeatherBagCompanion.build/DerivedSources-normal/arm64 -Xcc -I/Users/apple/Desktop/【项目的游戏】/deliveries/simplify-weather-bag-ios/build/WeatherBagCompanion.build/Debug-iphonesimulator/WeatherBagCompanion.build/DerivedSources/arm64 -Xcc -I/Users/apple/Desktop/【项目的游戏】/deliveries/simplify-weather-bag-ios/build/WeatherBagCompanion.build/Debug-iphonesimulator/WeatherBagCompanion.build/DerivedSources -Xcc -DDEBUG\=1 -emit-objc-header -emit-objc-header-path /Users/apple/Desktop/【项目的游戏】/deliveries/simplify-weather-bag-ios/build/WeatherBagCompanion.build/Debug-iphonesimulator/WeatherBagCompanion.build/Objects-normal/arm64/WeatherBagCompanion-Swift.h -working-directory /Users/apple/Desktop/【项目的游戏】/deliveries/simplify-weather-bag-ios -experimental-emit-module-separately -disable-cmo

Ld /Users/apple/Desktop/【项目的游戏】/deliveries/simplify-weather-bag-ios/build/WeatherBagCompanion.build/Debug-iphonesimulator/WeatherBagCompanion.build/Objects-normal/arm64/Binary/WeatherBagCompanion.debug.dylib normal arm64 (in target 'WeatherBagCompanion' from project 'WeatherBagCompanion')
    cd /Users/apple/Desktop/【项目的游戏】/deliveries/simplify-weather-bag-ios
    /Applications/Xcode.app/Contents/Developer/Toolchains/XcodeDefault.xctoolchain/usr/bin/clang -Xlinker -reproducible -target arm64-apple-ios17.0-simulator -dynamiclib -isysroot /Applications/Xcode.app/Contents/Developer/Platforms/iPhoneSimulator.platform/Developer/SDKs/iPhoneSimulator26.4.sdk -O0 -L/Users/apple/Desktop/【项目的游戏】/deliveries/simplify-weather-bag-ios/build/EagerLinkingTBDs/Debug-iphonesimulator -L/Users/apple/Desktop/【项目的游戏】/deliveries/simplify-weather-bag-ios/build/Debug-iphonesimulator -F/Users/apple/Desktop/【项目的游戏】/deliveries/simplify-weather-bag-ios/build/EagerLinkingTBDs/Debug-iphonesimulator -F/Users/apple/Desktop/【项目的游戏】/deliveries/simplify-weather-bag-ios/build/Debug-iphonesimulator -filelist /Users/apple/Desktop/【项目的游戏】/deliveries/simplify-weather-bag-ios/build/WeatherBagCompanion.build/Debug-iphonesimulator/WeatherBagCompanion.build/Objects-normal/arm64/WeatherBagCompanion.LinkFileList -install_name @rpath/WeatherBagCompanion.debug.dylib -Xlinker -rpath -Xlinker /usr/lib/swift -Xlinker -rpath -Xlinker @executable_path/Frameworks -Xlinker -dead_strip -Xlinker -object_path_lto -Xlinker /Users/apple/Desktop/【项目的游戏】/deliveries/simplify-weather-bag-ios/build/WeatherBagCompanion.build/Debug-iphonesimulator/WeatherBagCompanion.build/Objects-normal/arm64/WeatherBagCompanion_lto.o -rdynamic -Xlinker -no_deduplicate -Xlinker -objc_abi_version -Xlinker 2 -Xlinker -dependency_info -Xlinker /Users/apple/Desktop/【项目的游戏】/deliveries/simplify-weather-bag-ios/build/WeatherBagCompanion.build/Debug-iphonesimulator/WeatherBagCompanion.build/Objects-normal/arm64/WeatherBagCompanion_dependency_info.dat -fobjc-link-runtime -L/Applications/Xcode.app/Contents/Developer/Toolchains/XcodeDefault.xctoolchain/usr/lib/swift/iphonesimulator -L/usr/lib/swift -Xlinker -add_ast_path -Xlinker /Users/apple/Desktop/【项目的游戏】/deliveries/simplify-weather-bag-ios/build/WeatherBagCompanion.build/Debug-iphonesimulator/WeatherBagCompanion.build/Objects-normal/arm64/WeatherBagCompanion.swiftmodule @/Users/apple/Desktop/【项目的游戏】/deliveries/simplify-weather-bag-ios/build/WeatherBagCompanion.build/Debug-iphonesimulator/WeatherBagCompanion.build/Objects-normal/arm64/WeatherBagCompanion-linker-args.resp -Xlinker -alias -Xlinker _main -Xlinker ___debug_main_executable_dylib_entry_point -o /Users/apple/Desktop/【项目的游戏】/deliveries/simplify-weather-bag-ios/build/WeatherBagCompanion.build/Debug-iphonesimulator/WeatherBagCompanion.build/Objects-normal/arm64/Binary/WeatherBagCompanion.debug.dylib

ConstructStubExecutorLinkFileList /Users/apple/Desktop/【项目的游戏】/deliveries/simplify-weather-bag-ios/build/WeatherBagCompanion.build/Debug-iphonesimulator/WeatherBagCompanion.build/WeatherBagCompanion-ExecutorLinkFileList-normal-arm64.txt (in target 'WeatherBagCompanion' from project 'WeatherBagCompanion')
    cd /Users/apple/Desktop/【项目的游戏】/deliveries/simplify-weather-bag-ios
    construct-stub-executor-link-file-list /Users/apple/Desktop/【项目的游戏】/deliveries/simplify-weather-bag-ios/build/WeatherBagCompanion.build/Debug-iphonesimulator/WeatherBagCompanion.build/Objects-normal/arm64/Binary/WeatherBagCompanion.debug.dylib /Applications/Xcode.app/Contents/Developer/Platforms/iPhoneSimulator.platform/Developer/usr/lib/libPreviewsJITStubExecutor_no_swift_entry_point.a /Applications/Xcode.app/Contents/Developer/Platforms/iPhoneSimulator.platform/Developer/usr/lib/libPreviewsJITStubExecutor.a --output /Users/apple/Desktop/【项目的游戏】/deliveries/simplify-weather-bag-ios/build/WeatherBagCompanion.build/Debug-iphonesimulator/WeatherBagCompanion.build/WeatherBagCompanion-ExecutorLinkFileList-normal-arm64.txt
note: Using stub executor library with Swift entry point. (in target 'WeatherBagCompanion' from project 'WeatherBagCompanion')

Ld /Users/apple/Desktop/【项目的游戏】/deliveries/simplify-weather-bag-ios/build/WeatherBagCompanion.build/Debug-iphonesimulator/WeatherBagCompanion.build/Objects-normal/arm64/Binary/WeatherBagCompanion normal arm64 (in target 'WeatherBagCompanion' from project 'WeatherBagCompanion')
    cd /Users/apple/Desktop/【项目的游戏】/deliveries/simplify-weather-bag-ios
    /Applications/Xcode.app/Contents/Developer/Toolchains/XcodeDefault.xctoolchain/usr/bin/clang -Xlinker -reproducible -target arm64-apple-ios17.0-simulator -isysroot /Applications/Xcode.app/Contents/Developer/Platforms/iPhoneSimulator.platform/Developer/SDKs/iPhoneSimulator26.4.sdk -O0 -L/Users/apple/Desktop/【项目的游戏】/deliveries/simplify-weather-bag-ios/build/Debug-iphonesimulator -F/Users/apple/Desktop/【项目的游戏】/deliveries/simplify-weather-bag-ios/build/Debug-iphonesimulator -Xlinker -rpath -Xlinker @executable_path -Xlinker -rpath -Xlinker @executable_path/Frameworks -rdynamic -Xlinker -no_deduplicate -Xlinker -objc_abi_version -Xlinker 2 -e ___debug_blank_executor_main -Xlinker -sectcreate -Xlinker __TEXT -Xlinker __debug_dylib -Xlinker /Users/apple/Desktop/【项目的游戏】/deliveries/simplify-weather-bag-ios/build/WeatherBagCompanion.build/Debug-iphonesimulator/WeatherBagCompanion.build/WeatherBagCompanion-DebugDylibPath-normal-arm64.txt -Xlinker -sectcreate -Xlinker __TEXT -Xlinker __debug_instlnm -Xlinker /Users/apple/Desktop/【项目的游戏】/deliveries/simplify-weather-bag-ios/build/WeatherBagCompanion.build/Debug-iphonesimulator/WeatherBagCompanion.build/WeatherBagCompanion-DebugDylibInstallName-normal-arm64.txt -Xlinker -filelist -Xlinker /Users/apple/Desktop/【项目的游戏】/deliveries/simplify-weather-bag-ios/build/WeatherBagCompanion.build/Debug-iphonesimulator/WeatherBagCompanion.build/WeatherBagCompanion-ExecutorLinkFileList-normal-arm64.txt /Users/apple/Desktop/【项目的游戏】/deliveries/simplify-weather-bag-ios/build/WeatherBagCompanion.build/Debug-iphonesimulator/WeatherBagCompanion.build/Objects-normal/arm64/Binary/WeatherBagCompanion.debug.dylib -o /Users/apple/Desktop/【项目的游戏】/deliveries/simplify-weather-bag-ios/build/WeatherBagCompanion.build/Debug-iphonesimulator/WeatherBagCompanion.build/Objects-normal/arm64/Binary/WeatherBagCompanion

SwiftDriverJobDiscovery normal x86_64 Compiling WeatherService.swift (in target 'WeatherBagCompanion' from project 'WeatherBagCompanion')

SwiftDriverJobDiscovery normal x86_64 Compiling WeatherBagCompanionApp.swift (in target 'WeatherBagCompanion' from project 'WeatherBagCompanion')

SwiftDriverJobDiscovery normal x86_64 Compiling Models.swift (in target 'WeatherBagCompanion' from project 'WeatherBagCompanion')

SwiftDriverJobDiscovery normal x86_64 Compiling ContentView.swift (in target 'WeatherBagCompanion' from project 'WeatherBagCompanion')

SwiftDriver\ Compilation WeatherBagCompanion normal x86_64 com.apple.xcode.tools.swift.compiler (in target 'WeatherBagCompanion' from project 'WeatherBagCompanion')
    cd /Users/apple/Desktop/【项目的游戏】/deliveries/simplify-weather-bag-ios
    builtin-Swift-Compilation -- /Applications/Xcode.app/Contents/Developer/Toolchains/XcodeDefault.xctoolchain/usr/bin/swiftc -module-name WeatherBagCompanion -Onone @/Users/apple/Desktop/【项目的游戏】/deliveries/simplify-weather-bag-ios/build/WeatherBagCompanion.build/Debug-iphonesimulator/WeatherBagCompanion.build/Objects-normal/x86_64/WeatherBagCompanion.SwiftFileList -DDEBUG -enable-bare-slash-regex -enable-experimental-feature DebugDescriptionMacro -sdk /Applications/Xcode.app/Contents/Developer/Platforms/iPhoneSimulator.platform/Developer/SDKs/iPhoneSimulator26.4.sdk -target x86_64-apple-ios17.0-simulator -g -module-cache-path /Users/apple/Library/Developer/Xcode/DerivedData/ModuleCache.noindex -Xfrontend -serialize-debugging-options -enable-testing -index-store-path /Users/apple/Library/Developer/Xcode/DerivedData/WeatherBagCompanion-hebatjftwqflizcwfrvevjlmllvc/Index.noindex/DataStore -Xcc -D_LIBCPP_HARDENING_MODE\=_LIBCPP_HARDENING_MODE_DEBUG -swift-version 5 -I /Users/apple/Desktop/【项目的游戏】/deliveries/simplify-weather-bag-ios/build/Debug-iphonesimulator -F /Users/apple/Desktop/【项目的游戏】/deliveries/simplify-weather-bag-ios/build/Debug-iphonesimulator -c -j10 -enable-batch-mode -incremental -Xcc -ivfsstatcache -Xcc /Users/apple/Library/Developer/Xcode/DerivedData/SDKStatCaches.noindex/iphonesimulator26.4-23E252-686eebb5dc1d8ecb277353a59184f4aa.sdkstatcache -output-file-map /Users/apple/Desktop/【项目的游戏】/deliveries/simplify-weather-bag-ios/build/WeatherBagCompanion.build/Debug-iphonesimulator/WeatherBagCompanion.build/Objects-normal/x86_64/WeatherBagCompanion-OutputFileMap.json -use-frontend-parseable-output -save-temps -no-color-diagnostics -explicit-module-build -module-cache-path /Users/apple/Desktop/【项目的游戏】/deliveries/simplify-weather-bag-ios/build/SwiftExplicitPrecompiledModules -clang-scanner-module-cache-path /Users/apple/Library/Developer/Xcode/DerivedData/ModuleCache.noindex -sdk-module-cache-path /Users/apple/Library/Developer/Xcode/DerivedData/ModuleCache.noindex -serialize-diagnostics -emit-dependencies -emit-module -emit-module-path /Users/apple/Desktop/【项目的游戏】/deliveries/simplify-weather-bag-ios/build/WeatherBagCompanion.build/Debug-iphonesimulator/WeatherBagCompanion.build/Objects-normal/x86_64/WeatherBagCompanion.swiftmodule -validate-clang-modules-once -clang-build-session-file /Users/apple/Library/Developer/Xcode/DerivedData/ModuleCache.noindex/Session.modulevalidation -Xcc -I/Users/apple/Desktop/【项目的游戏】/deliveries/simplify-weather-bag-ios/build/WeatherBagCompanion.build/Debug-iphonesimulator/WeatherBagCompanion.build/swift-overrides.hmap -emit-const-values -Xfrontend -const-gather-protocols-file -Xfrontend /Users/apple/Desktop/【项目的游戏】/deliveries/simplify-weather-bag-ios/build/WeatherBagCompanion.build/Debug-iphonesimulator/WeatherBagCompanion.build/Objects-normal/x86_64/WeatherBagCompanion_const_extract_protocols.json -Xcc -iquote -Xcc /Users/apple/Desktop/【项目的游戏】/deliveries/simplify-weather-bag-ios/build/WeatherBagCompanion.build/Debug-iphonesimulator/WeatherBagCompanion.build/WeatherBagCompanion-generated-files.hmap -Xcc -I/Users/apple/Desktop/【项目的游戏】/deliveries/simplify-weather-bag-ios/build/WeatherBagCompanion.build/Debug-iphonesimulator/WeatherBagCompanion.build/WeatherBagCompanion-own-target-headers.hmap -Xcc -I/Users/apple/Desktop/【项目的游戏】/deliveries/simplify-weather-bag-ios/build/WeatherBagCompanion.build/Debug-iphonesimulator/WeatherBagCompanion.build/WeatherBagCompanion-all-target-headers.hmap -Xcc -iquote -Xcc /Users/apple/Desktop/【项目的游戏】/deliveries/simplify-weather-bag-ios/build/WeatherBagCompanion.build/Debug-iphonesimulator/WeatherBagCompanion.build/WeatherBagCompanion-project-headers.hmap -Xcc -I/Users/apple/Desktop/【项目的游戏】/deliveries/simplify-weather-bag-ios/build/Debug-iphonesimulator/include -Xcc -I/Users/apple/Desktop/【项目的游戏】/deliveries/simplify-weather-bag-ios/build/WeatherBagCompanion.build/Debug-iphonesimulator/WeatherBagCompanion.build/DerivedSources-normal/x86_64 -Xcc -I/Users/apple/Desktop/【项目的游戏】/deliveries/simplify-weather-bag-ios/build/WeatherBagCompanion.build/Debug-iphonesimulator/WeatherBagCompanion.build/DerivedSources/x86_64 -Xcc -I/Users/apple/Desktop/【项目的游戏】/deliveries/simplify-weather-bag-ios/build/WeatherBagCompanion.build/Debug-iphonesimulator/WeatherBagCompanion.build/DerivedSources -Xcc -DDEBUG\=1 -emit-objc-header -emit-objc-header-path /Users/apple/Desktop/【项目的游戏】/deliveries/simplify-weather-bag-ios/build/WeatherBagCompanion.build/Debug-iphonesimulator/WeatherBagCompanion.build/Objects-normal/x86_64/WeatherBagCompanion-Swift.h -working-directory /Users/apple/Desktop/【项目的游戏】/deliveries/simplify-weather-bag-ios -experimental-emit-module-separately -disable-cmo

Ld /Users/apple/Desktop/【项目的游戏】/deliveries/simplify-weather-bag-ios/build/WeatherBagCompanion.build/Debug-iphonesimulator/WeatherBagCompanion.build/Objects-normal/x86_64/Binary/WeatherBagCompanion.debug.dylib normal x86_64 (in target 'WeatherBagCompanion' from project 'WeatherBagCompanion')
    cd /Users/apple/Desktop/【项目的游戏】/deliveries/simplify-weather-bag-ios
    /Applications/Xcode.app/Contents/Developer/Toolchains/XcodeDefault.xctoolchain/usr/bin/clang -Xlinker -reproducible -target x86_64-apple-ios17.0-simulator -dynamiclib -isysroot /Applications/Xcode.app/Contents/Developer/Platforms/iPhoneSimulator.platform/Developer/SDKs/iPhoneSimulator26.4.sdk -O0 -L/Users/apple/Desktop/【项目的游戏】/deliveries/simplify-weather-bag-ios/build/EagerLinkingTBDs/Debug-iphonesimulator -L/Users/apple/Desktop/【项目的游戏】/deliveries/simplify-weather-bag-ios/build/Debug-iphonesimulator -F/Users/apple/Desktop/【项目的游戏】/deliveries/simplify-weather-bag-ios/build/EagerLinkingTBDs/Debug-iphonesimulator -F/Users/apple/Desktop/【项目的游戏】/deliveries/simplify-weather-bag-ios/build/Debug-iphonesimulator -filelist /Users/apple/Desktop/【项目的游戏】/deliveries/simplify-weather-bag-ios/build/WeatherBagCompanion.build/Debug-iphonesimulator/WeatherBagCompanion.build/Objects-normal/x86_64/WeatherBagCompanion.LinkFileList -install_name @rpath/WeatherBagCompanion.debug.dylib -Xlinker -rpath -Xlinker /usr/lib/swift -Xlinker -rpath -Xlinker @executable_path/Frameworks -Xlinker -dead_strip -Xlinker -object_path_lto -Xlinker /Users/apple/Desktop/【项目的游戏】/deliveries/simplify-weather-bag-ios/build/WeatherBagCompanion.build/Debug-iphonesimulator/WeatherBagCompanion.build/Objects-normal/x86_64/WeatherBagCompanion_lto.o -rdynamic -Xlinker -no_deduplicate -Xlinker -objc_abi_version -Xlinker 2 -Xlinker -dependency_info -Xlinker /Users/apple/Desktop/【项目的游戏】/deliveries/simplify-weather-bag-ios/build/WeatherBagCompanion.build/Debug-iphonesimulator/WeatherBagCompanion.build/Objects-normal/x86_64/WeatherBagCompanion_dependency_info.dat -fobjc-link-runtime -L/Applications/Xcode.app/Contents/Developer/Toolchains/XcodeDefault.xctoolchain/usr/lib/swift/iphonesimulator -L/usr/lib/swift -Xlinker -add_ast_path -Xlinker /Users/apple/Desktop/【项目的游戏】/deliveries/simplify-weather-bag-ios/build/WeatherBagCompanion.build/Debug-iphonesimulator/WeatherBagCompanion.build/Objects-normal/x86_64/WeatherBagCompanion.swiftmodule @/Users/apple/Desktop/【项目的游戏】/deliveries/simplify-weather-bag-ios/build/WeatherBagCompanion.build/Debug-iphonesimulator/WeatherBagCompanion.build/Objects-normal/x86_64/WeatherBagCompanion-linker-args.resp -Xlinker -alias -Xlinker _main -Xlinker ___debug_main_executable_dylib_entry_point -o /Users/apple/Desktop/【项目的游戏】/deliveries/simplify-weather-bag-ios/build/WeatherBagCompanion.build/Debug-iphonesimulator/WeatherBagCompanion.build/Objects-normal/x86_64/Binary/WeatherBagCompanion.debug.dylib

ConstructStubExecutorLinkFileList /Users/apple/Desktop/【项目的游戏】/deliveries/simplify-weather-bag-ios/build/WeatherBagCompanion.build/Debug-iphonesimulator/WeatherBagCompanion.build/WeatherBagCompanion-ExecutorLinkFileList-normal-x86_64.txt (in target 'WeatherBagCompanion' from project 'WeatherBagCompanion')
    cd /Users/apple/Desktop/【项目的游戏】/deliveries/simplify-weather-bag-ios
    construct-stub-executor-link-file-list /Users/apple/Desktop/【项目的游戏】/deliveries/simplify-weather-bag-ios/build/WeatherBagCompanion.build/Debug-iphonesimulator/WeatherBagCompanion.build/Objects-normal/x86_64/Binary/WeatherBagCompanion.debug.dylib /Applications/Xcode.app/Contents/Developer/Platforms/iPhoneSimulator.platform/Developer/usr/lib/libPreviewsJITStubExecutor_no_swift_entry_point.a /Applications/Xcode.app/Contents/Developer/Platforms/iPhoneSimulator.platform/Developer/usr/lib/libPreviewsJITStubExecutor.a --output /Users/apple/Desktop/【项目的游戏】/deliveries/simplify-weather-bag-ios/build/WeatherBagCompanion.build/Debug-iphonesimulator/WeatherBagCompanion.build/WeatherBagCompanion-ExecutorLinkFileList-normal-x86_64.txt
note: Using stub executor library with Swift entry point. (in target 'WeatherBagCompanion' from project 'WeatherBagCompanion')

CreateUniversalBinary /Users/apple/Desktop/【项目的游戏】/deliveries/simplify-weather-bag-ios/build/Debug-iphonesimulator/WeatherBagCompanion.app/WeatherBagCompanion.debug.dylib normal arm64\ x86_64 (in target 'WeatherBagCompanion' from project 'WeatherBagCompanion')
    cd /Users/apple/Desktop/【项目的游戏】/deliveries/simplify-weather-bag-ios
    /Applications/Xcode.app/Contents/Developer/Toolchains/XcodeDefault.xctoolchain/usr/bin/lipo -create /Users/apple/Desktop/【项目的游戏】/deliveries/simplify-weather-bag-ios/build/WeatherBagCompanion.build/Debug-iphonesimulator/WeatherBagCompanion.build/Objects-normal/arm64/Binary/WeatherBagCompanion.debug.dylib /Users/apple/Desktop/【项目的游戏】/deliveries/simplify-weather-bag-ios/build/WeatherBagCompanion.build/Debug-iphonesimulator/WeatherBagCompanion.build/Objects-normal/x86_64/Binary/WeatherBagCompanion.debug.dylib -output /Users/apple/Desktop/【项目的游戏】/deliveries/simplify-weather-bag-ios/build/Debug-iphonesimulator/WeatherBagCompanion.app/WeatherBagCompanion.debug.dylib

Ld /Users/apple/Desktop/【项目的游戏】/deliveries/simplify-weather-bag-ios/build/WeatherBagCompanion.build/Debug-iphonesimulator/WeatherBagCompanion.build/Objects-normal/x86_64/Binary/WeatherBagCompanion normal x86_64 (in target 'WeatherBagCompanion' from project 'WeatherBagCompanion')
    cd /Users/apple/Desktop/【项目的游戏】/deliveries/simplify-weather-bag-ios
    /Applications/Xcode.app/Contents/Developer/Toolchains/XcodeDefault.xctoolchain/usr/bin/clang -Xlinker -reproducible -target x86_64-apple-ios17.0-simulator -isysroot /Applications/Xcode.app/Contents/Developer/Platforms/iPhoneSimulator.platform/Developer/SDKs/iPhoneSimulator26.4.sdk -O0 -L/Users/apple/Desktop/【项目的游戏】/deliveries/simplify-weather-bag-ios/build/Debug-iphonesimulator -F/Users/apple/Desktop/【项目的游戏】/deliveries/simplify-weather-bag-ios/build/Debug-iphonesimulator -Xlinker -rpath -Xlinker @executable_path -Xlinker -rpath -Xlinker @executable_path/Frameworks -rdynamic -Xlinker -no_deduplicate -Xlinker -objc_abi_version -Xlinker 2 -e ___debug_blank_executor_main -Xlinker -sectcreate -Xlinker __TEXT -Xlinker __debug_dylib -Xlinker /Users/apple/Desktop/【项目的游戏】/deliveries/simplify-weather-bag-ios/build/WeatherBagCompanion.build/Debug-iphonesimulator/WeatherBagCompanion.build/WeatherBagCompanion-DebugDylibPath-normal-x86_64.txt -Xlinker -sectcreate -Xlinker __TEXT -Xlinker __debug_instlnm -Xlinker /Users/apple/Desktop/【项目的游戏】/deliveries/simplify-weather-bag-ios/build/WeatherBagCompanion.build/Debug-iphonesimulator/WeatherBagCompanion.build/WeatherBagCompanion-DebugDylibInstallName-normal-x86_64.txt -Xlinker -filelist -Xlinker /Users/apple/Desktop/【项目的游戏】/deliveries/simplify-weather-bag-ios/build/WeatherBagCompanion.build/Debug-iphonesimulator/WeatherBagCompanion.build/WeatherBagCompanion-ExecutorLinkFileList-normal-x86_64.txt /Users/apple/Desktop/【项目的游戏】/deliveries/simplify-weather-bag-ios/build/WeatherBagCompanion.build/Debug-iphonesimulator/WeatherBagCompanion.build/Objects-normal/x86_64/Binary/WeatherBagCompanion.debug.dylib -o /Users/apple/Desktop/【项目的游戏】/deliveries/simplify-weather-bag-ios/build/WeatherBagCompanion.build/Debug-iphonesimulator/WeatherBagCompanion.build/Objects-normal/x86_64/Binary/WeatherBagCompanion

CreateUniversalBinary /Users/apple/Desktop/【项目的游戏】/deliveries/simplify-weather-bag-ios/build/Debug-iphonesimulator/WeatherBagCompanion.app/WeatherBagCompanion normal arm64\ x86_64 (in target 'WeatherBagCompanion' from project 'WeatherBagCompanion')
    cd /Users/apple/Desktop/【项目的游戏】/deliveries/simplify-weather-bag-ios
    /Applications/Xcode.app/Contents/Developer/Toolchains/XcodeDefault.xctoolchain/usr/bin/lipo -create /Users/apple/Desktop/【项目的游戏】/deliveries/simplify-weather-bag-ios/build/WeatherBagCompanion.build/Debug-iphonesimulator/WeatherBagCompanion.build/Objects-normal/arm64/Binary/WeatherBagCompanion /Users/apple/Desktop/【项目的游戏】/deliveries/simplify-weather-bag-ios/build/WeatherBagCompanion.build/Debug-iphonesimulator/WeatherBagCompanion.build/Objects-normal/x86_64/Binary/WeatherBagCompanion -output /Users/apple/Desktop/【项目的游戏】/deliveries/simplify-weather-bag-ios/build/Debug-iphonesimulator/WeatherBagCompanion.app/WeatherBagCompanion

CopySwiftLibs /Users/apple/Desktop/【项目的游戏】/deliveries/simplify-weather-bag-ios/build/Debug-iphonesimulator/WeatherBagCompanion.app (in target 'WeatherBagCompanion' from project 'WeatherBagCompanion')
    cd /Users/apple/Desktop/【项目的游戏】/deliveries/simplify-weather-bag-ios
    builtin-swiftStdLibTool --copy --verbose --scan-executable /Users/apple/Desktop/【项目的游戏】/deliveries/simplify-weather-bag-ios/build/Debug-iphonesimulator/WeatherBagCompanion.app/WeatherBagCompanion.debug.dylib --scan-folder /Users/apple/Desktop/【项目的游戏】/deliveries/simplify-weather-bag-ios/build/Debug-iphonesimulator/WeatherBagCompanion.app/Frameworks --scan-folder /Users/apple/Desktop/【项目的游戏】/deliveries/simplify-weather-bag-ios/build/Debug-iphonesimulator/WeatherBagCompanion.app/PlugIns --scan-folder /Users/apple/Desktop/【项目的游戏】/deliveries/simplify-weather-bag-ios/build/Debug-iphonesimulator/WeatherBagCompanion.app/SystemExtensions --scan-folder /Users/apple/Desktop/【项目的游戏】/deliveries/simplify-weather-bag-ios/build/Debug-iphonesimulator/WeatherBagCompanion.app/Extensions --platform iphonesimulator --toolchain /Applications/Xcode.app/Contents/Developer/Toolchains/XcodeDefault.xctoolchain --destination /Users/apple/Desktop/【项目的游戏】/deliveries/simplify-weather-bag-ios/build/Debug-iphonesimulator/WeatherBagCompanion.app/Frameworks --strip-bitcode --strip-bitcode-tool /Applications/Xcode.app/Contents/Developer/Toolchains/XcodeDefault.xctoolchain/usr/bin/bitcode_strip --emit-dependency-info /Users/apple/Desktop/【项目的游戏】/deliveries/simplify-weather-bag-ios/build/WeatherBagCompanion.build/Debug-iphonesimulator/WeatherBagCompanion.build/SwiftStdLibToolInputDependencies.dep --filter-for-swift-os --back-deploy-swift-span
Ignoring --strip-bitcode because --sign was not passed

ExtractAppIntentsMetadata (in target 'WeatherBagCompanion' from project 'WeatherBagCompanion')
    cd /Users/apple/Desktop/【项目的游戏】/deliveries/simplify-weather-bag-ios
    /Applications/Xcode.app/Contents/Developer/Toolchains/XcodeDefault.xctoolchain/usr/bin/appintentsmetadataprocessor --toolchain-dir /Applications/Xcode.app/Contents/Developer/Toolchains/XcodeDefault.xctoolchain --module-name WeatherBagCompanion --sdk-root /Applications/Xcode.app/Contents/Developer/Platforms/iPhoneSimulator.platform/Developer/SDKs/iPhoneSimulator26.4.sdk --xcode-version 17E202 --platform-family iOS --deployment-target 17.0 --bundle-identifier com.openbasaka.simplify.weatherbag --output /Users/apple/Desktop/【项目的游戏】/deliveries/simplify-weather-bag-ios/build/Debug-iphonesimulator/WeatherBagCompanion.app --target-triple arm64-apple-ios17.0-simulator --target-triple x86_64-apple-ios17.0-simulator --binary-file /Users/apple/Desktop/【项目的游戏】/deliveries/simplify-weather-bag-ios/build/Debug-iphonesimulator/WeatherBagCompanion.app/WeatherBagCompanion --dependency-file /Users/apple/Desktop/【项目的游戏】/deliveries/simplify-weather-bag-ios/build/WeatherBagCompanion.build/Debug-iphonesimulator/WeatherBagCompanion.build/Objects-normal/arm64/WeatherBagCompanion_dependency_info.dat --dependency-file /Users/apple/Desktop/【项目的游戏】/deliveries/simplify-weather-bag-ios/build/WeatherBagCompanion.build/Debug-iphonesimulator/WeatherBagCompanion.build/Objects-normal/x86_64/WeatherBagCompanion_dependency_info.dat --stringsdata-file /Users/apple/Desktop/【项目的游戏】/deliveries/simplify-weather-bag-ios/build/WeatherBagCompanion.build/Debug-iphonesimulator/WeatherBagCompanion.build/Objects-normal/arm64/ExtractedAppShortcutsMetadata.stringsdata --stringsdata-file /Users/apple/Desktop/【项目的游戏】/deliveries/simplify-weather-bag-ios/build/WeatherBagCompanion.build/Debug-iphonesimulator/WeatherBagCompanion.build/Objects-normal/x86_64/ExtractedAppShortcutsMetadata.stringsdata --source-file-list /Users/apple/Desktop/【项目的游戏】/deliveries/simplify-weather-bag-ios/build/WeatherBagCompanion.build/Debug-iphonesimulator/WeatherBagCompanion.build/Objects-normal/arm64/WeatherBagCompanion.SwiftFileList --source-file-list /Users/apple/Desktop/【项目的游戏】/deliveries/simplify-weather-bag-ios/build/WeatherBagCompanion.build/Debug-iphonesimulator/WeatherBagCompanion.build/Objects-normal/x86_64/WeatherBagCompanion.SwiftFileList --metadata-file-list /Users/apple/Desktop/【项目的游戏】/deliveries/simplify-weather-bag-ios/build/WeatherBagCompanion.build/Debug-iphonesimulator/WeatherBagCompanion.build/WeatherBagCompanion.DependencyMetadataFileList --static-metadata-file-list /Users/apple/Desktop/【项目的游戏】/deliveries/simplify-weather-bag-ios/build/WeatherBagCompanion.build/Debug-iphonesimulator/WeatherBagCompanion.build/WeatherBagCompanion.DependencyStaticMetadataFileList --swift-const-vals-list /Users/apple/Desktop/【项目的游戏】/deliveries/simplify-weather-bag-ios/build/WeatherBagCompanion.build/Debug-iphonesimulator/WeatherBagCompanion.build/Objects-normal/arm64/WeatherBagCompanion.SwiftConstValuesFileList --swift-const-vals-list /Users/apple/Desktop/【项目的游戏】/deliveries/simplify-weather-bag-ios/build/WeatherBagCompanion.build/Debug-iphonesimulator/WeatherBagCompanion.build/Objects-normal/x86_64/WeatherBagCompanion.SwiftConstValuesFileList --compile-time-extraction --deployment-aware-processing --validate-assistant-intents --no-app-shortcuts-localization
2026-05-11 23:38:55.712 appintentsmetadataprocessor[89249:500856] Starting appintentsmetadataprocessor export
2026-05-11 23:38:55.731 appintentsmetadataprocessor[89249:500856] warning: Metadata extraction skipped. No AppIntents.framework dependency found.

AppIntentsSSUTraining (in target 'WeatherBagCompanion' from project 'WeatherBagCompanion')
    cd /Users/apple/Desktop/【项目的游戏】/deliveries/simplify-weather-bag-ios
    /Applications/Xcode.app/Contents/Developer/Toolchains/XcodeDefault.xctoolchain/usr/bin/appintentsnltrainingprocessor --infoplist-path /Users/apple/Desktop/【项目的游戏】/deliveries/simplify-weather-bag-ios/build/Debug-iphonesimulator/WeatherBagCompanion.app/Info.plist --temp-dir-path /Users/apple/Desktop/【项目的游戏】/deliveries/simplify-weather-bag-ios/build/WeatherBagCompanion.build/Debug-iphonesimulator/WeatherBagCompanion.build/ssu --bundle-id com.openbasaka.simplify.weatherbag --product-path /Users/apple/Desktop/【项目的游戏】/deliveries/simplify-weather-bag-ios/build/Debug-iphonesimulator/WeatherBagCompanion.app --extracted-metadata-path /Users/apple/Desktop/【项目的游戏】/deliveries/simplify-weather-bag-ios/build/Debug-iphonesimulator/WeatherBagCompanion.app/Metadata.appintents --metadata-file-list /Users/apple/Desktop/【项目的游戏】/deliveries/simplify-weather-bag-ios/build/WeatherBagCompanion.build/Debug-iphonesimulator/WeatherBagCompanion.build/WeatherBagCompanion.DependencyMetadataFileList --source-file /Users/apple/Desktop/【项目的游戏】/deliveries/simplify-weather-bag-ios/build/Debug-iphonesimulator/WeatherBagCompanion.app/Info.plist --archive-ssu-assets
2026-05-11 23:38:55.781 appintentsnltrainingprocessor[89277:500896] Parsing options for appintentsnltrainingprocessor
2026-05-11 23:38:55.781 appintentsnltrainingprocessor[89277:500896] Starting AppIntents SSU YAML Generation
2026-05-11 23:38:55.793 appintentsnltrainingprocessor[89277:500896] No AppShortcuts found - Skipping.

RegisterExecutionPolicyException /Users/apple/Desktop/【项目的游戏】/deliveries/simplify-weather-bag-ios/build/Debug-iphonesimulator/WeatherBagCompanion.app (in target 'WeatherBagCompanion' from project 'WeatherBagCompanion')
    cd /Users/apple/Desktop/【项目的游戏】/deliveries/simplify-weather-bag-ios
    builtin-RegisterExecutionPolicyException /Users/apple/Desktop/【项目的游戏】/deliveries/simplify-weather-bag-ios/build/Debug-iphonesimulator/WeatherBagCompanion.app

Validate /Users/apple/Desktop/【项目的游戏】/deliveries/simplify-weather-bag-ios/build/Debug-iphonesimulator/WeatherBagCompanion.app (in target 'WeatherBagCompanion' from project 'WeatherBagCompanion')
    cd /Users/apple/Desktop/【项目的游戏】/deliveries/simplify-weather-bag-ios
    builtin-validationUtility /Users/apple/Desktop/【项目的游戏】/deliveries/simplify-weather-bag-ios/build/Debug-iphonesimulator/WeatherBagCompanion.app -shallow-bundle -infoplist-subpath Info.plist

Touch /Users/apple/Desktop/【项目的游戏】/deliveries/simplify-weather-bag-ios/build/Debug-iphonesimulator/WeatherBagCompanion.app (in target 'WeatherBagCompanion' from project 'WeatherBagCompanion')
    cd /Users/apple/Desktop/【项目的游戏】/deliveries/simplify-weather-bag-ios
    /usr/bin/touch -c /Users/apple/Desktop/【项目的游戏】/deliveries/simplify-weather-bag-ios/build/Debug-iphonesimulator/WeatherBagCompanion.app

** BUILD SUCCEEDED **


2026-05-11 23:38:43.167 xcodebuild[86905:497502] [MT] IDERunDestination: Supported platforms for the buildables in the current scheme is empty.
--- xcodebuild: WARNING: Using the first of multiple matching destinations:
{ platform:iOS Simulator, id:dvtdevice-DVTiOSDeviceSimulatorPlaceholder-iphonesimulator:placeholder, name:Any iOS Simulator Device }
{ platform:iOS Simulator, arch:arm64, id:D1794E02-86AE-41F4-8575-0EEDA8265916, OS:18.5, name:iPad (A16) }
{ platform:iOS Simulator, arch:x86_64, id:D1794E02-86AE-41F4-8575-0EEDA8265916, OS:18.5, name:iPad (A16) }
{ platform:iOS Simulator, arch:arm64, id:47321D96-FFA9-4901-9AD6-E046B8D7A1D0, OS:26.0, name:iPad (A16) }
{ platform:iOS Simulator, arch:arm64, id:87752D61-7722-4FCF-9A2E-9D9AB7B0E5D5, OS:26.4.1, name:iPad (A16) }
{ platform:iOS Simulator, arch:arm64, id:0550D3DA-A175-403A-8D83-2832E014E120, OS:18.5, name:iPad Air 11-inch (M3) }
{ platform:iOS Simulator, arch:x86_64, id:0550D3DA-A175-403A-8D83-2832E014E120, OS:18.5, name:iPad Air 11-inch (M3) }
{ platform:iOS Simulator, arch:arm64, id:CF0207BF-760B-435D-837F-4FC596465D79, OS:26.0, name:iPad Air 11-inch (M3) }
{ platform:iOS Simulator, arch:arm64, id:C327B3F5-00B1-431F-8851-38C78B702C0C, OS:26.4.1, name:iPad Air 11-inch (M4) }
{ platform:iOS Simulator, arch:arm64, id:80EDFA61-0E26-40DF-ABF2-51CA38E48388, OS:18.5, name:iPad Air 13-inch (M3) }
{ platform:iOS Simulator, arch:x86_64, id:80EDFA61-0E26-40DF-ABF2-51CA38E48388, OS:18.5, name:iPad Air 13-inch (M3) }
{ platform:iOS Simulator, arch:arm64, id:832F0D5B-35FF-47A8-A5A9-AED37D83D49C, OS:26.0, name:iPad Air 13-inch (M3) }
{ platform:iOS Simulator, arch:arm64, id:AE01B48B-16F1-465E-8B93-41AD91352BE3, OS:26.4.1, name:iPad Air 13-inch (M4) }
{ platform:iOS Simulator, arch:arm64, id:569DA267-262D-4BD3-9C8D-12250BB876AF, OS:18.5, name:iPad Pro 11-inch (M4) }
{ platform:iOS Simulator, arch:x86_64, id:569DA267-262D-4BD3-9C8D-12250BB876AF, OS:18.5, name:iPad Pro 11-inch (M4) }
{ platform:iOS Simulator, arch:arm64, id:4FECCDCF-6879-4C77-8350-668A3BEBB070, OS:26.0, name:iPad Pro 11-inch (M4) }
{ platform:iOS Simulator, arch:arm64, id:809E0A85-FE98-48CA-9683-F2B036E3DDF0, OS:26.0, name:iPad Pro 11-inch (M5) }
{ platform:iOS Simulator, arch:arm64, id:A47F1FBD-1C94-43EC-8476-F0C41AE6389E, OS:26.4.1, name:iPad Pro 11-inch (M5) }
{ platform:iOS Simulator, arch:arm64, id:5A8DA047-EEA5-4705-84AF-18FF318819DE, OS:18.5, name:iPad Pro 13-inch (M4) }
{ platform:iOS Simulator, arch:x86_64, id:5A8DA047-EEA5-4705-84AF-18FF318819DE, OS:18.5, name:iPad Pro 13-inch (M4) }
{ platform:iOS Simulator, arch:arm64, id:5CF30008-5B27-4E1A-B2DE-5F2BFB7C62BD, OS:26.0, name:iPad Pro 13-inch (M4) }
{ platform:iOS Simulator, arch:arm64, id:EF154E3C-55ED-49A5-A399-9EBA54841D18, OS:26.0, name:iPad Pro 13-inch (M5) }
{ platform:iOS Simulator, arch:arm64, id:C844D453-D846-4E75-B6B8-250A4B7EB8E0, OS:26.4.1, name:iPad Pro 13-inch (M5) }
{ platform:iOS Simulator, arch:arm64, id:4306839E-4260-47F1-9704-9C973CB1F114, OS:18.5, name:iPad mini (A17 Pro) }
{ platform:iOS Simulator, arch:x86_64, id:4306839E-4260-47F1-9704-9C973CB1F114, OS:18.5, name:iPad mini (A17 Pro) }
{ platform:iOS Simulator, arch:arm64, id:41B1274E-1C63-4B69-AF2D-12CD5CB0E1FA, OS:26.0, name:iPad mini (A17 Pro) }
{ platform:iOS Simulator, arch:arm64, id:3C0DF531-3639-4C5F-81CF-29095D4372B3, OS:26.4.1, name:iPad mini (A17 Pro) }
{ platform:iOS Simulator, arch:arm64, id:62D9E3B5-F864-4759-BB07-606FF79A1871, OS:18.5, name:iPhone 16 }
{ platform:iOS Simulator, arch:x86_64, id:62D9E3B5-F864-4759-BB07-606FF79A1871, OS:18.5, name:iPhone 16 }
{ platform:iOS Simulator, arch:arm64, id:EA4099AA-E3BC-4243-9FC2-B6652486767E, OS:26.0, name:iPhone 16 }
{ platform:iOS Simulator, arch:arm64, id:B6C9B210-E26A-421C-9337-153C71C35057, OS:18.5, name:iPhone 16 Plus }
{ platform:iOS Simulator, arch:x86_64, id:B6C9B210-E26A-421C-9337-153C71C35057, OS:18.5, name:iPhone 16 Plus }
{ platform:iOS Simulator, arch:arm64, id:A4392414-4264-45A5-9F24-06BC339EAA7F, OS:26.0, name:iPhone 16 Plus }
{ platform:iOS Simulator, arch:arm64, id:2421B689-F83C-4AC9-965C-64E68E3C1257, OS:18.5, name:iPhone 16 Pro }
{ platform:iOS Simulator, arch:x86_64, id:2421B689-F83C-4AC9-965C-64E68E3C1257, OS:18.5, name:iPhone 16 Pro }
{ platform:iOS Simulator, arch:arm64, id:0E42DB53-6C85-4225-B3D0-128FF612487F, OS:26.0, name:iPhone 16 Pro }
{ platform:iOS Simulator, arch:arm64, id:F15D7972-12AB-4A61-99DC-653E02F2C517, OS:18.5, name:iPhone 16 Pro Max }
{ platform:iOS Simulator, arch:x86_64, id:F15D7972-12AB-4A61-99DC-653E02F2C517, OS:18.5, name:iPhone 16 Pro Max }
{ platform:iOS Simulator, arch:arm64, id:7795D491-8E67-4783-A704-8442CB9CF61C, OS:26.0, name:iPhone 16 Pro Max }
{ platform:iOS Simulator, arch:arm64, id:D831F0D2-7053-4BC4-99F4-FC06280C7C98, OS:18.5, name:iPhone 16e }
{ platform:iOS Simulator, arch:x86_64, id:D831F0D2-7053-4BC4-99F4-FC06280C7C98, OS:18.5, name:iPhone 16e }
{ platform:iOS Simulator, arch:arm64, id:2353C63E-5E27-4133-9ED9-BCAD547AE571, OS:26.0, name:iPhone 16e }
{ platform:iOS Simulator, arch:arm64, id:5394862B-6523-4DF6-B518-45768AC1942C, OS:26.0, name:iPhone 17 }
{ platform:iOS Simulator, arch:arm64, id:10FCE533-E08C-404B-9D84-1CA4B89392D0, OS:26.4.1, name:iPhone 17 }
{ platform:iOS Simulator, arch:arm64, id:B4CEA852-8790-4E29-8761-211513EAFDD6, OS:26.0, name:iPhone 17 Pro }
{ platform:iOS Simulator, arch:arm64, id:ED28D495-6739-4CA7-89D6-D17036CDE6A8, OS:26.4.1, name:iPhone 17 Pro }
{ platform:iOS Simulator, arch:arm64, id:594F133C-DAE4-46DF-A4C0-4219B2D907CA, OS:26.0, name:iPhone 17 Pro Max }
{ platform:iOS Simulator, arch:arm64, id:1A663D5C-DA01-4514-9D26-47CBA1C20D89, OS:26.4.1, name:iPhone 17 Pro Max }
{ platform:iOS Simulator, arch:arm64, id:34663D60-CEBC-4089-AF04-BA6D65034404, OS:26.4.1, name:iPhone 17e }
{ platform:iOS Simulator, arch:arm64, id:ECFA8767-0A7F-47FD-AE0C-757A4641F848, OS:26.0, name:iPhone Air }
{ platform:iOS Simulator, arch:arm64, id:684526A5-E4BD-4DEC-9364-476DD992636D, OS:26.4.1, name:iPhone Air }
{ platform:visionOS Simulator, arch:arm64, variant:Designed for [iPad,iPhone], id:B319B778-F57E-422A-AD1F-1C89627190E7, OS:2.5, name:Apple Vision Pro }
{ platform:visionOS Simulator, arch:arm64, variant:Designed for [iPad,iPhone], id:1302710A-6C2A-4639-A607-58A1DCBCA388, OS:26.0, name:Apple Vision Pro }
{ platform:macOS, arch:arm64, variant:Designed for [iPad,iPhone], id:00008132-0002689C1178801C, name:My Mac }
{ platform:iOS, id:dvtdevice-DVTiPhonePlaceholder-iphoneos:placeholder, name:Any iOS Device }
{ platform:iOS, arch:arm64, id:00008150-001611D61A84401C, name:iPhone }

$ xcrun simctl list devices available -j
{
  "devices" : {
    "com.apple.CoreSimulator.SimRuntime.iOS-26-4" : [
      {
        "lastBootedAt" : "2026-04-29T19:09:52Z",
        "dataPath" : "\/Users\/apple\/Library\/Developer\/CoreSimulator\/Devices\/ED28D495-6739-4CA7-89D6-D17036CDE6A8\/data",
        "dataPathSize" : 1873866752,
        "logPath" : "\/Users\/apple\/Library\/Logs\/CoreSimulator\/ED28D495-6739-4CA7-89D6-D17036CDE6A8",
        "udid" : "ED28D495-6739-4CA7-89D6-D17036CDE6A8",
        "isAvailable" : true,
        "logPathSize" : 176128,
        "deviceTypeIdentifier" : "com.apple.CoreSimulator.SimDeviceType.iPhone-17-Pro",
        "state" : "Shutdown",
        "name" : "iPhone 17 Pro"
      },
      {
        "dataPath" : "\/Users\/apple\/Library\/Developer\/CoreSimulator\/Devices\/1A663D5C-DA01-4514-9D26-47CBA1C20D89\/data",
        "dataPathSize" : 18337792,
        "logPath" : "\/Users\/apple\/Library\/Logs\/CoreSimulator\/1A663D5C-DA01-4514-9D26-47CBA1C20D89",
        "udid" : "1A663D5C-DA01-4514-9D26-47CBA1C20D89",
        "isAvailable" : true,
        "deviceTypeIdentifier" : "com.apple.CoreSimulator.SimDeviceType.iPhone-17-Pro-Max",
        "state" : "Shutdown",
        "name" : "iPhone 17 Pro Max"
      },
      {
        "dataPath" : "\/Users\/apple\/Library\/Developer\/CoreSimulator\/Devices\/34663D60-CEBC-4089-AF04-BA6D65034404\/data",
        "dataPathSize" : 18337792,
        "logPath" : "\/Users\/apple\/Library\/Logs\/CoreSimulator\/34663D60-CEBC-4089-AF04-BA6D65034404",
        "udid" : "34663D60-CEBC-4089-AF04-BA6D65034404",
        "isAvailable" : true,
        "deviceTypeIdentifier" : "com.apple.CoreSimulator.SimDeviceType.iPhone-17e",
        "state" : "Shutdown",
        "name" : "iPhone 17e"
      },
      {
        "dataPath" : "\/Users\/apple\/Library\/Developer\/CoreSimulator\/Devices\/684526A5-E4BD-4DEC-9364-476DD992636D\/data",
        "dataPathSize" : 18337792,
        "logPath" : "\/Users\/apple\/Library\/Logs\/CoreSimulator\/684526A5-E4BD-4DEC-9364-476DD992636D",
        "udid" : "684526A5-E4BD-4DEC-9364-476DD992636D",
        "isAvailable" : true,
        "deviceTypeIdentifier" : "com.apple.CoreSimulator.SimDeviceType.iPhone-Air",
        "state" : "Shutdown",
        "name" : "iPhone Air"
      },
      {
        "dataPath" : "\/Users\/apple\/Library\/Developer\/CoreSimulator\/Devices\/10FCE533-E08C-404B-9D84-1CA4B89392D0\/data",
        "dataPathSize" : 18337792,
        "logPath" : "\/Users\/apple\/Library\/Logs\/CoreSimulator\/10FCE533-E08C-404B-9D84-1CA4B89392D0",
        "udid" : "10FCE533-E08C-404B-9D84-1CA4B89392D0",
        "isAvailable" : true,
        "deviceTypeIdentifier" : "com.apple.CoreSimulator.SimDeviceType.iPhone-17",
        "state" : "Shutdown",
        "name" : "iPhone 17"
      },
      {
        "dataPath" : "\/Users\/apple\/Library\/Developer\/CoreSimulator\/Devices\/C844D453-D846-4E75-B6B8-250A4B7EB8E0\/data",
        "dataPathSize" : 18337792,
        "logPath" : "\/Users\/apple\/Library\/Logs\/CoreSimulator\/C844D453-D846-4E75-B6B8-250A4B7EB8E0",
        "udid" : "C844D453-D846-4E75-B6B8-250A4B7EB8E0",
        "isAvailable" : true,
        "deviceTypeIdentifier" : "com.apple.CoreSimulator.SimDeviceType.iPad-Pro-13-inch-M5-12GB",
        "state" : "Shutdown",
        "name" : "iPad Pro 13-inch (M5)"
      },
      {
        "dataPath" : "\/Users\/apple\/Library\/Developer\/CoreSimulator\/Devices\/A47F1FBD-1C94-43EC-8476-F0C41AE6389E\/data",
        "dataPathSize" : 18337792,
        "logPath" : "\/Users\/apple\/Library\/Logs\/CoreSimulator\/A47F1FBD-1C94-43EC-8476-F0C41AE6389E",
        "udid" : "A47F1FBD-1C94-43EC-8476-F0C41AE6389E",
        "isAvailable" : true,
        "deviceTypeIdentifier" : "com.apple.CoreSimulator.SimDeviceType.iPad-Pro-11-inch-M5-12GB",
        "state" : "Shutdown",
        "name" : "iPad Pro 11-inch (M5)"
      },
      {
        "dataPath" : "\/Users\/apple\/Library\/Developer\/CoreSimulator\/Devices\/3C0DF531-3639-4C5F-81CF-29095D4372B3\/data",
        "dataPathSize" : 18337792,
        "logPath" : "\/Users\/apple\/Library\/Logs\/CoreSimulator\/3C0DF531-3639-4C5F-81CF-29095D4372B3",
        "udid" : "3C0DF531-3639-4C5F-81CF-29095D4372B3",
        "isAvailable" : true,
        "deviceTypeIdentifier" : "com.apple.CoreSimulator.SimDeviceType.iPad-mini-A17-Pro",
        "state" : "Shutdown",
        "name" : "iPad mini (A17 Pro)"
      },
      {
        "dataPath" : "\/Users\/apple\/Library\/Developer\/CoreSimulator\/Devices\/AE01B48B-16F1-465E-8B93-41AD91352BE3\/data",
        "dataPathSize" : 18337792,
        "logPath" : "\/Users\/apple\/Library\/Logs\/CoreSimulator\/AE01B48B-16F1-465E-8B93-41AD91352BE3",
        "udid" : "AE01B48B-16F1-465E-8B93-41AD91352BE3",
        "isAvailable" : true,
        "deviceTypeIdentifier" : "com.apple.CoreSimulator.SimDeviceType.iPad-Air-13-inch-M4",
        "state" : "Shutdown",
        "name" : "iPad Air 13-inch (M4)"
      },
      {
        "dataPath" : "\/Users\/apple\/Library\/Developer\/CoreSimulator\/Devices\/C327B3F5-00B1-431F-8851-38C78B702C0C\/data",
        "dataPathSize" : 18337792,
        "logPath" : "\/Users\/apple\/Library\/Logs\/CoreSimulator\/C327B3F5-00B1-431F-8851-38C78B702C0C",
        "udid" : "C327B3F5-00B1-431F-8851-38C78B702C0C",
        "isAvailable" : true,
        "deviceTypeIdentifier" : "com.apple.CoreSimulator.SimDeviceType.iPad-Air-11-inch-M4",
        "state" : "Shutdown",
        "name" : "iPad Air 11-inch (M4)"
      },
      {
        "dataPath" : "\/Users\/apple\/Library\/Developer\/CoreSimulator\/Devices\/87752D61-7722-4FCF-9A2E-9D9AB7B0E5D5\/data",
        "dataPathSize" : 18337792,
        "logPath" : "\/Users\/apple\/Library\/Logs\/CoreSimulator\/87752D61-7722-4FCF-9A2E-9D9AB7B0E5D5",
        "udid" : "87752D61-7722-4FCF-9A2E-9D9AB7B0E5D5",
        "isAvailable" : true,
        "deviceTypeIdentifier" : "com.apple.CoreSimulator.SimDeviceType.iPad-A16",
        "state" : "Shutdown",
        "name" : "iPad (A16)"
      }
    ],
    "com.apple.CoreSimulator.SimRuntime.xrOS-2-5" : [
      {
        "dataPath" : "\/Users\/apple\/Library\/Developer\/CoreSimulator\/Devices\/B319B778-F57E-422A-AD1F-1C89627190E7\/data",
        "dataPathSize" : 4096,
        "logPath" : "\/Users\/apple\/Library\/Logs\/CoreSimulator\/B319B778-F57E-422A-AD1F-1C89627190E7",
        "udid" : "B319B778-F57E-422A-AD1F-1C89627190E7",
        "isAvailable" : true,
        "deviceTypeIdentifier" : "com.apple.CoreSimulator.SimDeviceType.Apple-Vision-Pro",
        "state" : "Shutdown",
        "name" : "Apple Vision Pro"
      }
    ],
    "com.apple.CoreSimulator.SimRuntime.xrOS-26-0" : [
      {
        "dataPath" : "\/Users\/apple\/Library\/Developer\/CoreSimulator\/Devices\/1302710A-6C2A-4639-A607-58A1DCBCA388\/data",
        "dataPathSize" : 4096,
        "logPath" : "\/Users\/apple\/Library\/Logs\/CoreSimulator\/1302710A-6C2A-4639-A607-58A1DCBCA388",
        "udid" : "1302710A-6C2A-4639-A607-58A1DCBCA388",
        "isAvailable" : true,
        "deviceTypeIdentifier" : "com.apple.CoreSimulator.SimDeviceType.Apple-Vision-Pro-4K",
        "state" : "Shutdown",
        "name" : "Apple Vision Pro"
      }
    ],
    "com.apple.CoreSimulator.SimRuntime.iOS-18-5" : [
      {
        "lastBootedAt" : "2025-08-31T07:04:01Z",
        "dataPath" : "\/Users\/apple\/Library\/Developer\/CoreSimulator\/Devices\/2421B689-F83C-4AC9-965C-64E68E3C1257\/data",
        "dataPathSize" : 18337792,
        "logPath" : "\/Users\/apple\/Library\/Logs\/CoreSimulator\/2421B689-F83C-4AC9-965C-64E68E3C1257",
        "udid" : "2421B689-F83C-4AC9-965C-64E68E3C1257",
        "isAvailable" : true,
        "deviceTypeIdentifier" : "com.apple.CoreSimulator.SimDeviceType.iPhone-16-Pro",
        "state" : "Shutdown",
        "name" : "iPhone 16 Pro"
      },
      {
        "dataPath" : "\/Users\/apple\/Library\/Developer\/CoreSimulator\/Devices\/F15D7972-12AB-4A61-99DC-653E02F2C517\/data",
        "dataPathSize" : 18337792,
        "logPath" : "\/Users\/apple\/Library\/Logs\/CoreSimulator\/F15D7972-12AB-4A61-99DC-653E02F2C517",
        "udid" : "F15D7972-12AB-4A61-99DC-653E02F2C517",
        "isAvailable" : true,
        "deviceTypeIdentifier" : "com.apple.CoreSimulator.SimDeviceType.iPhone-16-Pro-Max",
        "state" : "Shutdown",
        "name" : "iPhone 16 Pro Max"
      },
      {
        "lastBootedAt" : "2025-09-01T12:11:19Z",
        "dataPath" : "\/Users\/apple\/Library\/Developer\/CoreSimulator\/Devices\/D831F0D2-7053-4BC4-99F4-FC06280C7C98\/data",
        "dataPathSize" : 18337792,
        "logPath" : "\/Users\/apple\/Library\/Logs\/CoreSimulator\/D831F0D2-7053-4BC4-99F4-FC06280C7C98",
        "udid" : "D831F0D2-7053-4BC4-99F4-FC06280C7C98",
        "isAvailable" : true,
        "deviceTypeIdentifier" : "com.apple.CoreSimulator.SimDeviceType.iPhone-16e",
        "state" : "Shutdown",
        "name" : "iPhone 16e"
      },
      {
        "lastBootedAt" : "2026-01-08T15:26:00Z",
        "dataPath" : "\/Users\/apple\/Library\/Developer\/CoreSimulator\/Devices\/62D9E3B5-F864-4759-BB07-606FF79A1871\/data",
        "dataPathSize" : 1829732352,
        "logPath" : "\/Users\/apple\/Library\/Logs\/CoreSimulator\/62D9E3B5-F864-4759-BB07-606FF79A1871",
        "udid" : "62D9E3B5-F864-4759-BB07-606FF79A1871",
        "isAvailable" : true,
        "logPathSize" : 270336,
        "deviceTypeIdentifier" : "com.apple.CoreSimulator.SimDeviceType.iPhone-16",
        "state" : "Shutdown",
        "name" : "iPhone 16"
      },
      {
        "dataPath" : "\/Users\/apple\/Library\/Developer\/CoreSimulator\/Devices\/B6C9B210-E26A-421C-9337-153C71C35057\/data",
        "dataPathSize" : 18337792,
        "logPath" : "\/Users\/apple\/Library\/Logs\/CoreSimulator\/B6C9B210-E26A-421C-9337-153C71C35057",
        "udid" : "B6C9B210-E26A-421C-9337-153C71C35057",
        "isAvailable" : true,
        "deviceTypeIdentifier" : "com.apple.CoreSimulator.SimDeviceType.iPhone-16-Plus",
        "state" : "Shutdown",
        "name" : "iPhone 16 Plus"
      },
      {
        "dataPath" : "\/Users\/apple\/Library\/Developer\/CoreSimulator\/Devices\/569DA267-262D-4BD3-9C8D-12250BB876AF\/data",
        "dataPathSize" : 18337792,
        "logPath" : "\/Users\/apple\/Library\/Logs\/CoreSimulator\/569DA267-262D-4BD3-9C8D-12250BB876AF",
        "udid" : "569DA267-262D-4BD3-9C8D-12250BB876AF",
        "isAvailable" : true,
        "deviceTypeIdentifier" : "com.apple.CoreSimulator.SimDeviceType.iPad-Pro-11-inch-M4-8GB",
        "state" : "Shutdown",
        "name" : "iPad Pro 11-inch (M4)"
      },
      {
        "dataPath" : "\/Users\/apple\/Library\/Developer\/CoreSimulator\/Devices\/5A8DA047-EEA5-4705-84AF-18FF318819DE\/data",
        "dataPathSize" : 18337792,
        "logPath" : "\/Users\/apple\/Library\/Logs\/CoreSimulator\/5A8DA047-EEA5-4705-84AF-18FF318819DE",
        "udid" : "5A8DA047-EEA5-4705-84AF-18FF318819DE",
        "isAvailable" : true,
        "deviceTypeIdentifier" : "com.apple.CoreSimulator.SimDeviceType.iPad-Pro-13-inch-M4-8GB",
        "state" : "Shutdown",
        "name" : "iPad Pro 13-inch (M4)"
      },
      {
        "dataPath" : "\/Users\/apple\/Library\/Developer\/CoreSimulator\/Devices\/4306839E-4260-47F1-9704-9C973CB1F114\/data",
        "dataPathSize" : 18337792,
        "logPath" : "\/Users\/apple\/Library\/Logs\/CoreSimulator\/4306839E-4260-47F1-9704-9C973CB1F114",
        "udid" : "4306839E-4260-47F1-9704-9C973CB1F114",
        "isAvailable" : true,
        "deviceTypeIdentifier" : "com.apple.CoreSimulator.SimDeviceType.iPad-mini-A17-Pro",
        "state" : "Shutdown",
        "name" : "iPad mini (A17 Pro)"
      },
      {
        "lastBootedAt" : "2025-09-05T10:22:14Z",
        "dataPath" : "\/Users\/apple\/Library\/Developer\/CoreSimulator\/Devices\/D1794E02-86AE-41F4-8575-0EEDA8265916\/data",
        "dataPathSize" : 18337792,
        "logPath" : "\/Users\/apple\/Library\/Logs\/CoreSimulator\/D1794E02-86AE-41F4-8575-0EEDA8265916",
        "udid" : "D1794E02-86AE-41F4-8575-0EEDA8265916",
        "isAvailable" : true,
        "deviceTypeIdentifier" : "com.apple.CoreSimulator.SimDeviceType.iPad-A16",
        "state" : "Shutdown",
        "name" : "iPad (A16)"
      },
      {
        "dataPath" : "\/Users\/apple\/Library\/Developer\/CoreSimulator\/Devices\/80EDFA61-0E26-40DF-ABF2-51CA38E48388\/data",
        "dataPathSize" : 18337792,
        "logPath" : "\/Users\/apple\/Library\/Logs\/CoreSimulator\/80EDFA61-0E26-40DF-ABF2-51CA38E48388",
        "udid" : "80EDFA61-0E26-40DF-ABF2-51CA38E48388",
        "isAvailable" : true,
        "deviceTypeIdentifier" : "com.apple.CoreSimulator.SimDeviceType.iPad-Air-13-inch-M3",
        "state" : "Shutdown",
        "name" : "iPad Air 13-inch (M3)"
      },
      {
        "dataPath" : "\/Users\/apple\/Library\/Developer\/CoreSimulator\/Devices\/0550D3DA-A175-403A-8D83-2832E014E120\/data",
        "dataPathSize" : 18337792,
        "logPath" : "\/Users\/apple\/Library\/Logs\/CoreSimulator\/0550D3DA-A175-403A-8D83-2832E014E120",
        "udid" : "0550D3DA-A175-403A-8D83-2832E014E120",
        "isAvailable" : true,
        "deviceTypeIdentifier" : "com.apple.CoreSimulator.SimDeviceType.iPad-Air-11-inch-M3",
        "state" : "Shutdown",
        "name" : "iPad Air 11-inch (M3)"
      }
    ],
    "com.apple.CoreSimulator.SimRuntime.tvOS-26-0" : [
      {
        "dataPath" : "\/Users\/apple\/Library\/Developer\/CoreSimulator\/Devices\/402FD4A5-3553-4A7D-A916-64B4B721F6E4\/data",
        "dataPathSize" : 4096,
        "logPath" : "\/Users\/apple\/Library\/Logs\/CoreSimulator\/402FD4A5-3553-4A7D-A916-64B4B721F6E4",
        "udid" : "402FD4A5-3553-4A7D-A916-64B4B721F6E4",
        "isAvailable" : true,
        "deviceTypeIdentifier" : "com.apple.CoreSimulator.SimDeviceType.Apple-TV-4K-3rd-generation-4K",
        "state" : "Shutdown",
        "name" : "Apple TV 4K (3rd generation)"
      },
      {
        "dataPath" : "\/Users\/apple\/Library\/Developer\/CoreSimulator\/Devices\/B29242CC-EB0E-4565-8CC3-BE682BE6A6F3\/data",
        "dataPathSize" : 4096,
        "logPath" : "\/Users\/apple\/Library\/Logs\/CoreSimulator\/B29242CC-EB0E-4565-8CC3-BE682BE6A6F3",
        "udid" : "B29242CC-EB0E-4565-8CC3-BE682BE6A6F3",
        "isAvailable" : true,
        "deviceTypeIdentifier" : "com.apple.CoreSimulator.SimDeviceType.Apple-TV-4K-3rd-generation-1080p",
        "state" : "Shutdown",
        "name" : "Apple TV 4K (3rd generation) (at 1080p)"
      },
      {
        "dataPath" : "\/Users\/apple\/Library\/Developer\/CoreSimulator\/Devices\/D219EC69-465E-45A7-9DC0-83B0C70125F9\/data",
        "dataPathSize" : 4096,
        "logPath" : "\/Users\/apple\/Library\/Logs\/CoreSimulator\/D219EC69-465E-45A7-9DC0-83B0C70125F9",
        "udid" : "D219EC69-465E-45A7-9DC0-83B0C70125F9",
        "isAvailable" : true,
        "deviceTypeIdentifier" : "com.apple.CoreSimulator.SimDeviceType.Apple-TV-1080p",
        "state" : "Shutdown",
        "name" : "Apple TV"
      }
    ],
    "com.apple.CoreSimulator.SimRuntime.iOS-26-0" : [
      {
        "lastBootedAt" : "2026-03-23T02:14:36Z",
        "dataPath" : "\/Users\/apple\/Library\/Developer\/CoreSimulator\/Devices\/B4CEA852-8790-4E29-8761-211513EAFDD6\/data",
        "dataPathSize" : 1894600704,
        "logPath" : "\/Users\/apple\/Library\/Logs\/CoreSimulator\/B4CEA852-8790-4E29-8761-211513EAFDD6",
        "udid" : "B4CEA852-8790-4E29-8761-211513EAFDD6",
        "isAvailable" : true,
        "logPathSize" : 266240,
        "deviceTypeIdentifier" : "com.apple.CoreSimulator.SimDeviceType.iPhone-17-Pro",
        "state" : "Shutdown",
        "name" : "iPhone 17 Pro"
      },
      {
        "dataPath" : "\/Users\/apple\/Library\/Developer\/CoreSimulator\/Devices\/594F133C-DAE4-46DF-A4C0-4219B2D907CA\/data",
        "dataPathSize" : 18337792,
        "logPath" : "\/Users\/apple\/Library\/Logs\/CoreSimulator\/594F133C-DAE4-46DF-A4C0-4219B2D907CA",
        "udid" : "594F133C-DAE4-46DF-A4C0-4219B2D907CA",
        "isAvailable" : true,
        "deviceTypeIdentifier" : "com.apple.CoreSimulator.SimDeviceType.iPhone-17-Pro-Max",
        "state" : "Shutdown",
        "name" : "iPhone 17 Pro Max"
      },
      {
        "lastBootedAt" : "2026-03-27T14:44:46Z",
        "dataPath" : "\/Users\/apple\/Library\/Developer\/CoreSimulator\/Devices\/ECFA8767-0A7F-47FD-AE0C-757A4641F848\/data",
        "dataPathSize" : 2413125632,
        "logPath" : "\/Users\/apple\/Library\/Logs\/CoreSimulator\/ECFA8767-0A7F-47FD-AE0C-757A4641F848",
        "udid" : "ECFA8767-0A7F-47FD-AE0C-757A4641F848",
        "isAvailable" : true,
        "logPathSize" : 356352,
        "deviceTypeIdentifier" : "com.apple.CoreSimulator.SimDeviceType.iPhone-Air",
        "state" : "Shutdown",
        "name" : "iPhone Air"
      },
      {
        "dataPath" : "\/Users\/apple\/Library\/Developer\/CoreSimulator\/Devices\/5394862B-6523-4DF6-B518-45768AC1942C\/data",
        "dataPathSize" : 18337792,
        "logPath" : "\/Users\/apple\/Library\/Logs\/CoreSimulator\/5394862B-6523-4DF6-B518-45768AC1942C",
        "udid" : "5394862B-6523-4DF6-B518-45768AC1942C",
        "isAvailable" : true,
        "deviceTypeIdentifier" : "com.apple.CoreSimulator.SimDeviceType.iPhone-17",
        "state" : "Shutdown",
        "name" : "iPhone 17"
      },
      {
        "lastBootedAt" : "2026-04-29T18:04:41Z",
        "dataPath" : "\/Users\/apple\/Library\/Developer\/CoreSimulator\/Devices\/0E42DB53-6C85-4225-B3D0-128FF612487F\/data",
        "dataPathSize" : 1950838784,
        "logPath" : "\/Users\/apple\/Library\/Logs\/CoreSimulator\/0E42DB53-6C85-4225-B3D0-128FF612487F",
        "udid" : "0E42DB53-6C85-4225-B3D0-128FF612487F",
        "isAvailable" : true,
        "logPathSize" : 389120,
        "deviceTypeIdentifier" : "com.apple.CoreSimulator.SimDeviceType.iPhone-16-Pro",
        "state" : "Shutdown",
        "name" : "iPhone 16 Pro"
      },
      {
        "dataPath" : "\/Users\/apple\/Library\/Developer\/CoreSimulator\/Devices\/7795D491-8E67-4783-A704-8442CB9CF61C\/data",
        "dataPathSize" : 18337792,
        "logPath" : "\/Users\/apple\/Library\/Logs\/CoreSimulator\/7795D491-8E67-4783-A704-8442CB9CF61C",
        "udid" : "7795D491-8E67-4783-A704-8442CB9CF61C",
        "isAvailable" : true,
        "deviceTypeIdentifier" : "com.apple.CoreSimulator.SimDeviceType.iPhone-16-Pro-Max",
        "state" : "Shutdown",
        "name" : "iPhone 16 Pro Max"
      },
      {
        "lastBootedAt" : "2025-09-20T18:07:31Z",
        "dataPath" : "\/Users\/apple\/Library\/Developer\/CoreSimulator\/Devices\/2353C63E-5E27-4133-9ED9-BCAD547AE571\/data",
        "dataPathSize" : 18337792,
        "logPath" : "\/Users\/apple\/Library\/Logs\/CoreSimulator\/2353C63E-5E27-4133-9ED9-BCAD547AE571",
        "udid" : "2353C63E-5E27-4133-9ED9-BCAD547AE571",
        "isAvailable" : true,
        "deviceTypeIdentifier" : "com.apple.CoreSimulator.SimDeviceType.iPhone-16e",
        "state" : "Shutdown",
        "name" : "iPhone 16e"
      },
      {
        "lastBootedAt" : "2025-11-01T16:54:28Z",
        "dataPath" : "\/Users\/apple\/Library\/Developer\/CoreSimulator\/Devices\/EA4099AA-E3BC-4243-9FC2-B6652486767E\/data",
        "dataPathSize" : 2051293184,
        "logPath" : "\/Users\/apple\/Library\/Logs\/CoreSimulator\/EA4099AA-E3BC-4243-9FC2-B6652486767E",
        "udid" : "EA4099AA-E3BC-4243-9FC2-B6652486767E",
        "isAvailable" : true,
        "logPathSize" : 266240,
        "deviceTypeIdentifier" : "com.apple.CoreSimulator.SimDeviceType.iPhone-16",
        "state" : "Shutdown",
        "name" : "iPhone 16"
      },
      {
        "lastBootedAt" : "2026-04-25T03:03:30Z",
        "dataPath" : "\/Users\/apple\/Library\/Developer\/CoreSimulator\/Devices\/A4392414-4264-45A5-9F24-06BC339EAA7F\/data",
        "dataPathSize" : 5010567168,
        "logPath" : "\/Users\/apple\/Library\/Logs\/CoreSimulator\/A4392414-4264-45A5-9F24-06BC339EAA7F",
        "udid" : "A4392414-4264-45A5-9F24-06BC339EAA7F",
        "isAvailable" : true,
        "logPathSize" : 720896,
        "deviceTypeIdentifier" : "com.apple.CoreSimulator.SimDeviceType.iPhone-16-Plus",
        "state" : "Shutdown",
        "name" : "iPhone 16 Plus"
      },
      {
        "dataPath" : "\/Users\/apple\/Library\/Developer\/CoreSimulator\/Devices\/EF154E3C-55ED-49A5-A399-9EBA54841D18\/data",
        "dataPathSize" : 18337792,
        "logPath" : "\/Users\/apple\/Library\/Logs\/CoreSimulator\/EF154E3C-55ED-49A5-A399-9EBA54841D18",
        "udid" : "EF154E3C-55ED-49A5-A399-9EBA54841D18",
        "isAvailable" : true,
        "deviceTypeIdentifier" : "com.apple.CoreSimulator.SimDeviceType.iPad-Pro-13-inch-M5-12GB",
        "state" : "Shutdown",
        "name" : "iPad Pro 13-inch (M5)"
      },
      {
        "dataPath" : "\/Users\/apple\/Library\/Developer\/CoreSimulator\/Devices\/809E0A85-FE98-48CA-9683-F2B036E3DDF0\/data",
        "dataPathSize" : 18337792,
        "logPath" : "\/Users\/apple\/Library\/Logs\/CoreSimulator\/809E0A85-FE98-48CA-9683-F2B036E3DDF0",
        "udid" : "809E0A85-FE98-48CA-9683-F2B036E3DDF0",
        "isAvailable" : true,
        "deviceTypeIdentifier" : "com.apple.CoreSimulator.SimDeviceType.iPad-Pro-11-inch-M5-12GB",
        "state" : "Shutdown",
        "name" : "iPad Pro 11-inch (M5)"
      },
      {
        "dataPath" : "\/Users\/apple\/Library\/Developer\/CoreSimulator\/Devices\/4FECCDCF-6879-4C77-8350-668A3BEBB070\/data",
        "dataPathSize" : 18337792,
        "logPath" : "\/Users\/apple\/Library\/Logs\/CoreSimulator\/4FECCDCF-6879-4C77-8350-668A3BEBB070",
        "udid" : "4FECCDCF-6879-4C77-8350-668A3BEBB070",
        "isAvailable" : true,
        "deviceTypeIdentifier" : "com.apple.CoreSimulator.SimDeviceType.iPad-Pro-11-inch-M4-8GB",
        "state" : "Shutdown",
        "name" : "iPad Pro 11-inch (M4)"
      },
      {
        "lastBootedAt" : "2025-08-23T03:36:38Z",
        "dataPath" : "\/Users\/apple\/Library\/Developer\/CoreSimulator\/Devices\/5CF30008-5B27-4E1A-B2DE-5F2BFB7C62BD\/data",
        "dataPathSize" : 18337792,
        "logPath" : "\/Users\/apple\/Library\/Logs\/CoreSimulator\/5CF30008-5B27-4E1A-B2DE-5F2BFB7C62BD",
        "udid" : "5CF30008-5B27-4E1A-B2DE-5F2BFB7C62BD",
        "isAvailable" : true,
        "deviceTypeIdentifier" : "com.apple.CoreSimulator.SimDeviceType.iPad-Pro-13-inch-M4-8GB",
        "state" : "Shutdown",
        "name" : "iPad Pro 13-inch (M4)"
      },
      {
        "dataPath" : "\/Users\/apple\/Library\/Developer\/CoreSimulator\/Devices\/41B1274E-1C63-4B69-AF2D-12CD5CB0E1FA\/data",
        "dataPathSize" : 18337792,
        "logPath" : "\/Users\/apple\/Library\/Logs\/CoreSimulator\/41B1274E-1C63-4B69-AF2D-12CD5CB0E1FA",
        "udid" : "41B1274E-1C63-4B69-AF2D-12CD5CB0E1FA",
        "isAvailable" : true,
        "deviceTypeIdentifier" : "com.apple.CoreSimulator.SimDeviceType.iPad-mini-A17-Pro",
        "state" : "Shutdown",
        "name" : "iPad mini (A17 Pro)"
      },
      {
        "lastBootedAt" : "2026-04-05T10:43:27Z",
        "dataPath" : "\/Users\/apple\/Library\/Developer\/CoreSimulator\/Devices\/47321D96-FFA9-4901-9AD6-E046B8D7A1D0\/data",
        "dataPathSize" : 7279927296,
        "logPath" : "\/Users\/apple\/Library\/Logs\/CoreSimulator\/47321D96-FFA9-4901-9AD6-E046B8D7A1D0",
        "udid" : "47321D96-FFA9-4901-9AD6-E046B8D7A1D0",
        "isAvailable" : true,
        "logPathSize" : 1146880,
        "deviceTypeIdentifier" : "com.apple.CoreSimulator.SimDeviceType.iPad-A16",
        "state" : "Shutdown",
        "name" : "iPad (A16)"
      },
      {
        "dataPath" : "\/Users\/apple\/Library\/Developer\/CoreSimulator\/Devices\/832F0D5B-35FF-47A8-A5A9-AED37D83D49C\/data",
        "dataPathSize" : 18337792,
        "logPath" : "\/Users\/apple\/Library\/Logs\/CoreSimulator\/832F0D5B-35FF-47A8-A5A9-AED37D83D49C",
        "udid" : "832F0D5B-35FF-47A8-A5A9-AED37D83D49C",
        "isAvailable" : true,
        "deviceTypeIdentifier" : "com.apple.CoreSimulator.SimDeviceType.iPad-Air-13-inch-M3",
        "state" : "Shutdown",
        "name" : "iPad Air 13-inch (M3)"
      },
      {
        "dataPath" : "\/Users\/apple\/Library\/Developer\/CoreSimulator\/Devices\/CF0207BF-760B-435D-837F-4FC596465D79\/data",
        "dataPathSize" : 18337792,
        "logPath" : "\/Users\/apple\/Library\/Logs\/CoreSimulator\/CF0207BF-760B-435D-837F-4FC596465D79",
        "udid" : "CF0207BF-760B-435D-837F-4FC596465D79",
        "isAvailable" : true,
        "deviceTypeIdentifier" : "com.apple.CoreSimulator.SimDeviceType.iPad-Air-11-inch-M3",
        "state" : "Shutdown",
        "name" : "iPad Air 11-inch (M3)"
      }
    ],
    "com.apple.CoreSimulator.SimRuntime.watchOS-26-0" : [
      {
        "dataPath" : "\/Users\/apple\/Library\/Developer\/CoreSimulator\/Devices\/C990033A-DA64-4EE9-816A-DFA9AC574F7F\/data",
        "dataPathSize" : 4096,
        "logPath" : "\/Users\/apple\/Library\/Logs\/CoreSimulator\/C990033A-DA64-4EE9-816A-DFA9AC574F7F",
        "udid" : "C990033A-DA64-4EE9-816A-DFA9AC574F7F",
        "isAvailable" : true,
        "deviceTypeIdentifier" : "com.apple.CoreSimulator.SimDeviceType.Apple-Watch-Series-11-46mm",
        "state" : "Shutdown",
        "name" : "Apple Watch Series 11 (46mm)"
      },
      {
        "dataPath" : "\/Users\/apple\/Library\/Developer\/CoreSimulator\/Devices\/45FFCF25-AFEA-4591-9CC8-0F5EBB7F9155\/data",
        "dataPathSize" : 4096,
        "logPath" : "\/Users\/apple\/Library\/Logs\/CoreSimulator\/45FFCF25-AFEA-4591-9CC8-0F5EBB7F9155",
        "udid" : "45FFCF25-AFEA-4591-9CC8-0F5EBB7F9155",
        "isAvailable" : true,
        "deviceTypeIdentifier" : "com.apple.CoreSimulator.SimDeviceType.Apple-Watch-Series-11-42mm",
        "state" : "Shutdown",
        "name" : "Apple Watch Series 11 (42mm)"
      },
      {
        "dataPath" : "\/Users\/apple\/Library\/Developer\/CoreSimulator\/Devices\/FA2F65D6-6EE2-4857-9413-7550591E1FF5\/data",
        "dataPathSize" : 4096,
        "logPath" : "\/Users\/apple\/Library\/Logs\/CoreSimulator\/FA2F65D6-6EE2-4857-9413-7550591E1FF5",
        "udid" : "FA2F65D6-6EE2-4857-9413-7550591E1FF5",
        "isAvailable" : true,
        "deviceTypeIdentifier" : "com.apple.CoreSimulator.SimDeviceType.Apple-Watch-Series-10-46mm",
        "state" : "Shutdown",
        "name" : "Apple Watch Series 10 (46mm)"
      },
      {
        "dataPath" : "\/Users\/apple\/Library\/Developer\/CoreSimulator\/Devices\/0367E82B-CCEB-4F87-A99E-EA6E7BC07C1F\/data",
        "dataPathSize" : 4096,
        "logPath" : "\/Users\/apple\/Library\/Logs\/CoreSimulator\/0367E82B-CCEB-4F87-A99E-EA6E7BC07C1F",
        "udid" : "0367E82B-CCEB-4F87-A99E-EA6E7BC07C1F",
        "isAvailable" : true,
        "deviceTypeIdentifier" : "com.apple.CoreSimulator.SimDeviceType.Apple-Watch-Series-10-42mm",
        "state" : "Shutdown",
        "name" : "Apple Watch Series 10 (42mm)"
      },
      {
        "dataPath" : "\/Users\/apple\/Library\/Developer\/CoreSimulator\/Devices\/928541C1-DB92-456B-85C0-FD67D72E6408\/data",
        "dataPathSize" : 4096,
        "logPath" : "\/Users\/apple\/Library\/Logs\/CoreSimulator\/928541C1-DB92-456B-85C0-FD67D72E6408",
        "udid" : "928541C1-DB92-456B-85C0-FD67D72E6408",
        "isAvailable" : true,
        "deviceTypeIdentifier" : "com.apple.CoreSimulator.SimDeviceType.Apple-Watch-Ultra-3-49mm",
        "state" : "Shutdown",
        "name" : "Apple Watch Ultra 3 (49mm)"
      },
      {
        "dataPath" : "\/Users\/apple\/Library\/Developer\/CoreSimulator\/Devices\/92E80710-00F0-432A-A625-DAE37AF5EB04\/data",
        "dataPathSize" : 4096,
        "logPath" : "\/Users\/apple\/Library\/Logs\/CoreSimulator\/92E80710-00F0-432A-A625-DAE37AF5EB04",
        "udid" : "92E80710-00F0-432A-A625-DAE37AF5EB04",
        "isAvailable" : true,
        "deviceTypeIdentifier" : "com.apple.CoreSimulator.SimDeviceType.Apple-Watch-Ultra-2-49mm",
        "state" : "Shutdown",
        "name" : "Apple Watch Ultra 2 (49mm)"
      },
      {
        "dataPath" : "\/Users\/apple\/Library\/Developer\/CoreSimulator\/Devices\/DBDCAA3B-ECA4-4F75-A527-63F8B31FCE0F\/data",
        "dataPathSize" : 4096,
        "logPath" : "\/Users\/apple\/Library\/Logs\/CoreSimulator\/DBDCAA3B-ECA4-4F75-A527-63F8B31FCE0F",
        "udid" : "DBDCAA3B-ECA4-4F75-A527-63F8B31FCE0F",
        "isAvailable" : true,
        "deviceTypeIdentifier" : "com.apple.CoreSimulator.SimDeviceType.Apple-Watch-SE-3-44mm",
        "state" : "Shutdown",
        "name" : "Apple Watch SE 3 (44mm)"
      },
      {
        "dataPath" : "\/Users\/apple\/Library\/Developer\/CoreSimulator\/Devices\/CC8CE103-F76A-428D-A845-ED8D171C6114\/data",
        "dataPathSize" : 4096,
        "logPath" : "\/Users\/apple\/Library\/Logs\/CoreSimulator\/CC8CE103-F76A-428D-A845-ED8D171C6114",
        "udid" : "CC8CE103-F76A-428D-A845-ED8D171C6114",
        "isAvailable" : true,
        "deviceTypeIdentifier" : "com.apple.CoreSimulator.SimDeviceType.Apple-Watch-SE-3-40mm",
        "state" : "Shutdown",
        "name" : "Apple Watch SE 3 (40mm)"
      },
      {
        "dataPath" : "\/Users\/apple\/Library\/Developer\/CoreSimulator\/Devices\/DB89879D-B7D6-4E6C-8789-FF8512F5898F\/data",
        "dataPathSize" : 4096,
        "logPath" : "\/Users\/apple\/Library\/Logs\/CoreSimulator\/DB89879D-B7D6-4E6C-8789-FF8512F5898F",
        "udid" : "DB89879D-B7D6-4E6C-8789-FF8512F5898F",
        "isAvailable" : true,
        "deviceTypeIdentifier" : "com.apple.CoreSimulator.SimDeviceType.Apple-Watch-SE-44mm-2nd-generation",
        "state" : "Shutdown",
        "name" : "Apple Watch SE (44mm) (2nd generation)"
      },
      {
        "dataPath" : "\/Users\/apple\/Library\/Developer\/CoreSimulator\/Devices\/E503BF68-DFB1-4607-8A20-9BA952F4424C\/data",
        "dataPathSize" : 4096,
        "logPath" : "\/Users\/apple\/Library\/Logs\/CoreSimulator\/E503BF68-DFB1-4607-8A20-9BA952F4424C",
        "udid" : "E503BF68-DFB1-4607-8A20-9BA952F4424C",
        "isAvailable" : true,
        "deviceTypeIdentifier" : "com.apple.CoreSimulator.SimDeviceType.Apple-Watch-SE-40mm-2nd-generation",
        "state" : "Shutdown",
        "name" : "Apple Watch SE (40mm) (2nd generation)"
      }
    ],
    "com.apple.CoreSimulator.SimRuntime.watchOS-11-5" : [
      {
        "dataPath" : "\/Users\/apple\/Library\/Developer\/CoreSimulator\/Devices\/DB0C164A-C993-4591-8471-BD4035572D1B\/data",
        "dataPathSize" : 4096,
        "logPath" : "\/Users\/apple\/Library\/Logs\/CoreSimulator\/DB0C164A-C993-4591-8471-BD4035572D1B",
        "udid" : "DB0C164A-C993-4591-8471-BD4035572D1B",
        "isAvailable" : true,
        "deviceTypeIdentifier" : "com.apple.CoreSimulator.SimDeviceType.Apple-Watch-Series-10-46mm",
        "state" : "Shutdown",
        "name" : "Apple Watch Series 10 (46mm)"
      },
      {
        "dataPath" : "\/Users\/apple\/Library\/Developer\/CoreSimulator\/Devices\/8D8CF13A-F5BB-4966-8275-CFE3D069143C\/data",
        "dataPathSize" : 4096,
        "logPath" : "\/Users\/apple\/Library\/Logs\/CoreSimulator\/8D8CF13A-F5BB-4966-8275-CFE3D069143C",
        "udid" : "8D8CF13A-F5BB-4966-8275-CFE3D069143C",
        "isAvailable" : true,
        "deviceTypeIdentifier" : "com.apple.CoreSimulator.SimDeviceType.Apple-Watch-Series-10-42mm",
        "state" : "Shutdown",
        "name" : "Apple Watch Series 10 (42mm)"
      },
      {
        "dataPath" : "\/Users\/apple\/Library\/Developer\/CoreSimulator\/Devices\/72C2D438-7B9F-45E6-8D48-B2DAA542AB9F\/data",
        "dataPathSize" : 4096,
        "logPath" : "\/Users\/apple\/Library\/Logs\/CoreSimulator\/72C2D438-7B9F-45E6-8D48-B2DAA542AB9F",
        "udid" : "72C2D438-7B9F-45E6-8D48-B2DAA542AB9F",
        "isAvailable" : true,
        "deviceTypeIdentifier" : "com.apple.CoreSimulator.SimDeviceType.Apple-Watch-Ultra-2-49mm",
        "state" : "Shutdown",
        "name" : "Apple Watch Ultra 2 (49mm)"
      },
      {
        "dataPath" : "\/Users\/apple\/Library\/Developer\/CoreSimulator\/Devices\/70C97011-75B9-4C8B-9721-2A7D090E66A0\/data",
        "dataPathSize" : 4096,
        "logPath" : "\/Users\/apple\/Library\/Logs\/CoreSimulator\/70C97011-75B9-4C8B-9721-2A7D090E66A0",
        "udid" : "70C97011-75B9-4C8B-9721-2A7D090E66A0",
        "isAvailable" : true,
        "deviceTypeIdentifier" : "com.apple.CoreSimulator.SimDeviceType.Apple-Watch-SE-44mm-2nd-generation",
        "state" : "Shutdown",
        "name" : "Apple Watch SE (44mm) (2nd generation)"
      },
      {
        "dataPath" : "\/Users\/apple\/Library\/Developer\/CoreSimulator\/Devices\/CA306834-516E-4298-86FC-A59C8BAFCC62\/data",
        "dataPathSize" : 4096,
        "logPath" : "\/Users\/apple\/Library\/Logs\/CoreSimulator\/CA306834-516E-4298-86FC-A59C8BAFCC62",
        "udid" : "CA306834-516E-4298-86FC-A59C8BAFCC62",
        "isAvailable" : true,
        "deviceTypeIdentifier" : "com.apple.CoreSimulator.SimDeviceType.Apple-Watch-SE-40mm-2nd-generation",
        "state" : "Shutdown",
        "name" : "Apple Watch SE (40mm) (2nd generation)"
      }
    ]
  }
}

$ xcrun simctl boot ED28D495-6739-4CA7-89D6-D17036CDE6A8
$ xcrun simctl bootstatus ED28D495-6739-4CA7-89D6-D17036CDE6A8 -b
Monitoring boot status for iPhone 17 Pro (ED28D495-6739-4CA7-89D6-D17036CDE6A8).
[2026-05-11 15:39:07 +0000] Status=1, isTerminal=NO, Elapsed=00:08.
	Waiting on BackBoard

[2026-05-11 15:39:09 +0000] Status=4, isTerminal=NO, Elapsed=00:09.
	Waiting on System App

[2026-05-11 15:39:09 +0000] Status=4, isTerminal=NO, Elapsed=00:10.
	Waiting on System App

[2026-05-11 15:39:10 +0000] Status=4, isTerminal=NO, Elapsed=00:11.
	Waiting on System App

[2026-05-11 15:39:11 +0000] Status=4, isTerminal=NO, Elapsed=00:11.
	Waiting on System App

[2026-05-11 15:39:12 +0000] Status=4, isTerminal=NO, Elapsed=00:12.
	Waiting on System App

[2026-05-11 15:39:13 +0000] Status=4, isTerminal=NO, Elapsed=00:14.
	Waiting on System App

[2026-05-11 15:39:16 +0000] Status=4294967295, isTerminal=YES, Elapsed=00:16.
	Finished


$ xcrun simctl install ED28D495-6739-4CA7-89D6-D17036CDE6A8 /Users/apple/Desktop/【项目的游戏】/deliveries/simplify-weather-bag-ios/build/Debug-iphonesimulator/WeatherBagCompanion.app
$ xcrun simctl launch ED28D495-6739-4CA7-89D6-D17036CDE6A8 com.openbasaka.simplify.weatherbag
com.openbasaka.simplify.weatherbag: 93722

$ xcrun simctl io ED28D495-6739-4CA7-89D6-D17036CDE6A8 screenshot /Users/apple/Desktop/【项目的游戏】/deliveries/simplify-weather-bag-ios/artifacts/weather-bag-simulator.png
Detected file type from extension: PNG
Note: No display specified. Defaulting to display: 084A3B98-16E9-4BDB-97AB-5A85013CC782 (screenID: 1, name: LCD)
Wrote screenshot to: /Users/apple/Desktop/【项目的游戏】/deliveries/simplify-weather-bag-ios/artifacts/weather-bag-simulator.png

