$ xcrun simctl list devices available -j
{
  "devices" : {
    "com.apple.CoreSimulator.SimRuntime.iOS-26-4" : [
      {
        "lastBootedAt" : "2026-05-11T15:38:59Z",
        "dataPath" : "\/Users\/apple\/Library\/Developer\/CoreSimulator\/Devices\/ED28D495-6739-4CA7-89D6-D17036CDE6A8\/data",
        "dataPathSize" : 1937997824,
        "logPath" : "\/Users\/apple\/Library\/Logs\/CoreSimulator\/ED28D495-6739-4CA7-89D6-D17036CDE6A8",
        "udid" : "ED28D495-6739-4CA7-89D6-D17036CDE6A8",
        "isAvailable" : true,
        "logPathSize" : 270336,
        "deviceTypeIdentifier" : "com.apple.CoreSimulator.SimDeviceType.iPhone-17-Pro",
        "state" : "Shutdown",
        "name" : "iPhone 17 Pro"
      },
      {
        "lastBootedAt" : "2026-05-14T17:49:09Z",
        "dataPath" : "\/Users\/apple\/Library\/Developer\/CoreSimulator\/Devices\/1A663D5C-DA01-4514-9D26-47CBA1C20D89\/data",
        "dataPathSize" : 1602879488,
        "logPath" : "\/Users\/apple\/Library\/Logs\/CoreSimulator\/1A663D5C-DA01-4514-9D26-47CBA1C20D89",
        "udid" : "1A663D5C-DA01-4514-9D26-47CBA1C20D89",
        "isAvailable" : true,
        "logPathSize" : 253952,
        "deviceTypeIdentifier" : "com.apple.CoreSimulator.SimDeviceType.iPhone-17-Pro-Max",
        "state" : "Booted",
        "name" : "iPhone 17 Pro Max"
      },
      {
        "dataPath" : "\/Users\/apple\/Library\/Developer\/CoreSimulator\/Devices\/34663D60-CEBC-4089-AF04-BA6D65034404\/data",
        "dataPathSize" : 18337792,
        "logPath" : "\/Users\/apple\/Library\/Logs\/CoreSimulator\/34663D60-CEBC-4089-AF04-BA6D65034404",
        "udid" : "34663D60-CEBC-4089-AF04-BA6D65034404",
        "isAvailable" : true,
        "deviceTypeIdentifier" : "com.apple.CoreSimulator.SimDeviceType.iPhone-17e",
        "state" : "Shutdown",
        "name" : "iPhone 17e"
      },
      {
        "dataPath" : "\/Users\/apple\/Library\/Developer\/CoreSimulator\/Devices\/684526A5-E4BD-4DEC-9364-476DD992636D\/data",
        "dataPathSize" : 18337792,
        "logPath" : "\/Users\/apple\/Library\/Logs\/CoreSimulator\/684526A5-E4BD-4DEC-9364-476DD992636D",
        "udid" : "684526A5-E4BD-4DEC-9364-476DD992636D",
        "isAvailable" : true,
        "deviceTypeIdentifier" : "com.apple.CoreSimulator.SimDeviceType.iPhone-Air",
        "state" : "Shutdown",
        "name" : "iPhone Air"
      },
      {
        "dataPath" : "\/Users\/apple\/Library\/Developer\/CoreSimulator\/Devices\/10FCE533-E08C-404B-9D84-1CA4B89392D0\/data",
        "dataPathSize" : 18337792,
        "logPath" : "\/Users\/apple\/Library\/Logs\/CoreSimulator\/10FCE533-E08C-404B-9D84-1CA4B89392D0",
        "udid" : "10FCE533-E08C-404B-9D84-1CA4B89392D0",
        "isAvailable" : true,
        "deviceTypeIdentifier" : "com.apple.CoreSimulator.SimDeviceType.iPhone-17",
        "state" : "Shutdown",
        "name" : "iPhone 17"
      },
      {
        "dataPath" : "\/Users\/apple\/Library\/Developer\/CoreSimulator\/Devices\/C844D453-D846-4E75-B6B8-250A4B7EB8E0\/data",
        "dataPathSize" : 18337792,
        "logPath" : "\/Users\/apple\/Library\/Logs\/CoreSimulator\/C844D453-D846-4E75-B6B8-250A4B7EB8E0",
        "udid" : "C844D453-D846-4E75-B6B8-250A4B7EB8E0",
        "isAvailable" : true,
        "deviceTypeIdentifier" : "com.apple.CoreSimulator.SimDeviceType.iPad-Pro-13-inch-M5-12GB",
        "state" : "Shutdown",
        "name" : "iPad Pro 13-inch (M5)"
      },
      {
        "dataPath" : "\/Users\/apple\/Library\/Developer\/CoreSimulator\/Devices\/A47F1FBD-1C94-43EC-8476-F0C41AE6389E\/data",
        "dataPathSize" : 18337792,
        "logPath" : "\/Users\/apple\/Library\/Logs\/CoreSimulator\/A47F1FBD-1C94-43EC-8476-F0C41AE6389E",
        "udid" : "A47F1FBD-1C94-43EC-8476-F0C41AE6389E",
        "isAvailable" : true,
        "deviceTypeIdentifier" : "com.apple.CoreSimulator.SimDeviceType.iPad-Pro-11-inch-M5-12GB",
        "state" : "Shutdown",
        "name" : "iPad Pro 11-inch (M5)"
      },
      {
        "dataPath" : "\/Users\/apple\/Library\/Developer\/CoreSimulator\/Devices\/3C0DF531-3639-4C5F-81CF-29095D4372B3\/data",
        "dataPathSize" : 18337792,
        "logPath" : "\/Users\/apple\/Library\/Logs\/CoreSimulator\/3C0DF531-3639-4C5F-81CF-29095D4372B3",
        "udid" : "3C0DF531-3639-4C5F-81CF-29095D4372B3",
        "isAvailable" : true,
        "deviceTypeIdentifier" : "com.apple.CoreSimulator.SimDeviceType.iPad-mini-A17-Pro",
        "state" : "Shutdown",
        "name" : "iPad mini (A17 Pro)"
      },
      {
        "dataPath" : "\/Users\/apple\/Library\/Developer\/CoreSimulator\/Devices\/AE01B48B-16F1-465E-8B93-41AD91352BE3\/data",
        "dataPathSize" : 18337792,
        "logPath" : "\/Users\/apple\/Library\/Logs\/CoreSimulator\/AE01B48B-16F1-465E-8B93-41AD91352BE3",
        "udid" : "AE01B48B-16F1-465E-8B93-41AD91352BE3",
        "isAvailable" : true,
        "deviceTypeIdentifier" : "com.apple.CoreSimulator.SimDeviceType.iPad-Air-13-inch-M4",
        "state" : "Shutdown",
        "name" : "iPad Air 13-inch (M4)"
      },
      {
        "dataPath" : "\/Users\/apple\/Library\/Developer\/CoreSimulator\/Devices\/C327B3F5-00B1-431F-8851-38C78B702C0C\/data",
        "dataPathSize" : 18337792,
        "logPath" : "\/Users\/apple\/Library\/Logs\/CoreSimulator\/C327B3F5-00B1-431F-8851-38C78B702C0C",
        "udid" : "C327B3F5-00B1-431F-8851-38C78B702C0C",
        "isAvailable" : true,
        "deviceTypeIdentifier" : "com.apple.CoreSimulator.SimDeviceType.iPad-Air-11-inch-M4",
        "state" : "Shutdown",
        "name" : "iPad Air 11-inch (M4)"
      },
      {
        "dataPath" : "\/Users\/apple\/Library\/Developer\/CoreSimulator\/Devices\/87752D61-7722-4FCF-9A2E-9D9AB7B0E5D5\/data",
        "dataPathSize" : 18337792,
        "logPath" : "\/Users\/apple\/Library\/Logs\/CoreSimulator\/87752D61-7722-4FCF-9A2E-9D9AB7B0E5D5",
        "udid" : "87752D61-7722-4FCF-9A2E-9D9AB7B0E5D5",
        "isAvailable" : true,
        "deviceTypeIdentifier" : "com.apple.CoreSimulator.SimDeviceType.iPad-A16",
        "state" : "Shutdown",
        "name" : "iPad (A16)"
      }
    ],
    "com.apple.CoreSimulator.SimRuntime.xrOS-2-5" : [
      {
        "dataPath" : "\/Users\/apple\/Library\/Developer\/CoreSimulator\/Devices\/B319B778-F57E-422A-AD1F-1C89627190E7\/data",
        "dataPathSize" : 4096,
        "logPath" : "\/Users\/apple\/Library\/Logs\/CoreSimulator\/B319B778-F57E-422A-AD1F-1C89627190E7",
        "udid" : "B319B778-F57E-422A-AD1F-1C89627190E7",
        "isAvailable" : true,
        "deviceTypeIdentifier" : "com.apple.CoreSimulator.SimDeviceType.Apple-Vision-Pro",
        "state" : "Shutdown",
        "name" : "Apple Vision Pro"
      }
    ],
    "com.apple.CoreSimulator.SimRuntime.xrOS-26-0" : [
      {
        "dataPath" : "\/Users\/apple\/Library\/Developer\/CoreSimulator\/Devices\/1302710A-6C2A-4639-A607-58A1DCBCA388\/data",
        "dataPathSize" : 4096,
        "logPath" : "\/Users\/apple\/Library\/Logs\/CoreSimulator\/1302710A-6C2A-4639-A607-58A1DCBCA388",
        "udid" : "1302710A-6C2A-4639-A607-58A1DCBCA388",
        "isAvailable" : true,
        "deviceTypeIdentifier" : "com.apple.CoreSimulator.SimDeviceType.Apple-Vision-Pro-4K",
        "state" : "Shutdown",
        "name" : "Apple Vision Pro"
      }
    ],
    "com.apple.CoreSimulator.SimRuntime.iOS-18-5" : [
      {
        "lastBootedAt" : "2025-08-31T07:04:01Z",
        "dataPath" : "\/Users\/apple\/Library\/Developer\/CoreSimulator\/Devices\/2421B689-F83C-4AC9-965C-64E68E3C1257\/data",
        "dataPathSize" : 18337792,
        "logPath" : "\/Users\/apple\/Library\/Logs\/CoreSimulator\/2421B689-F83C-4AC9-965C-64E68E3C1257",
        "udid" : "2421B689-F83C-4AC9-965C-64E68E3C1257",
        "isAvailable" : true,
        "deviceTypeIdentifier" : "com.apple.CoreSimulator.SimDeviceType.iPhone-16-Pro",
        "state" : "Shutdown",
        "name" : "iPhone 16 Pro"
      },
      {
        "dataPath" : "\/Users\/apple\/Library\/Developer\/CoreSimulator\/Devices\/F15D7972-12AB-4A61-99DC-653E02F2C517\/data",
        "dataPathSize" : 18337792,
        "logPath" : "\/Users\/apple\/Library\/Logs\/CoreSimulator\/F15D7972-12AB-4A61-99DC-653E02F2C517",
        "udid" : "F15D7972-12AB-4A61-99DC-653E02F2C517",
        "isAvailable" : true,
        "deviceTypeIdentifier" : "com.apple.CoreSimulator.SimDeviceType.iPhone-16-Pro-Max",
        "state" : "Shutdown",
        "name" : "iPhone 16 Pro Max"
      },
      {
        "lastBootedAt" : "2025-09-01T12:11:19Z",
        "dataPath" : "\/Users\/apple\/Library\/Developer\/CoreSimulator\/Devices\/D831F0D2-7053-4BC4-99F4-FC06280C7C98\/data",
        "dataPathSize" : 18337792,
        "logPath" : "\/Users\/apple\/Library\/Logs\/CoreSimulator\/D831F0D2-7053-4BC4-99F4-FC06280C7C98",
        "udid" : "D831F0D2-7053-4BC4-99F4-FC06280C7C98",
        "isAvailable" : true,
        "deviceTypeIdentifier" : "com.apple.CoreSimulator.SimDeviceType.iPhone-16e",
        "state" : "Shutdown",
        "name" : "iPhone 16e"
      },
      {
        "lastBootedAt" : "2026-01-08T15:26:00Z",
        "dataPath" : "\/Users\/apple\/Library\/Developer\/CoreSimulator\/Devices\/62D9E3B5-F864-4759-BB07-606FF79A1871\/data",
        "dataPathSize" : 1829732352,
        "logPath" : "\/Users\/apple\/Library\/Logs\/CoreSimulator\/62D9E3B5-F864-4759-BB07-606FF79A1871",
        "udid" : "62D9E3B5-F864-4759-BB07-606FF79A1871",
        "isAvailable" : true,
        "logPathSize" : 270336,
        "deviceTypeIdentifier" : "com.apple.CoreSimulator.SimDeviceType.iPhone-16",
        "state" : "Shutdown",
        "name" : "iPhone 16"
      },
      {
        "dataPath" : "\/Users\/apple\/Library\/Developer\/CoreSimulator\/Devices\/B6C9B210-E26A-421C-9337-153C71C35057\/data",
        "dataPathSize" : 18337792,
        "logPath" : "\/Users\/apple\/Library\/Logs\/CoreSimulator\/B6C9B210-E26A-421C-9337-153C71C35057",
        "udid" : "B6C9B210-E26A-421C-9337-153C71C35057",
        "isAvailable" : true,
        "deviceTypeIdentifier" : "com.apple.CoreSimulator.SimDeviceType.iPhone-16-Plus",
        "state" : "Shutdown",
        "name" : "iPhone 16 Plus"
      },
      {
        "dataPath" : "\/Users\/apple\/Library\/Developer\/CoreSimulator\/Devices\/569DA267-262D-4BD3-9C8D-12250BB876AF\/data",
        "dataPathSize" : 18337792,
        "logPath" : "\/Users\/apple\/Library\/Logs\/CoreSimulator\/569DA267-262D-4BD3-9C8D-12250BB876AF",
        "udid" : "569DA267-262D-4BD3-9C8D-12250BB876AF",
        "isAvailable" : true,
        "deviceTypeIdentifier" : "com.apple.CoreSimulator.SimDeviceType.iPad-Pro-11-inch-M4-8GB",
        "state" : "Shutdown",
        "name" : "iPad Pro 11-inch (M4)"
      },
      {
        "dataPath" : "\/Users\/apple\/Library\/Developer\/CoreSimulator\/Devices\/5A8DA047-EEA5-4705-84AF-18FF318819DE\/data",
        "dataPathSize" : 18337792,
        "logPath" : "\/Users\/apple\/Library\/Logs\/CoreSimulator\/5A8DA047-EEA5-4705-84AF-18FF318819DE",
        "udid" : "5A8DA047-EEA5-4705-84AF-18FF318819DE",
        "isAvailable" : true,
        "deviceTypeIdentifier" : "com.apple.CoreSimulator.SimDeviceType.iPad-Pro-13-inch-M4-8GB",
        "state" : "Shutdown",
        "name" : "iPad Pro 13-inch (M4)"
      },
      {
        "dataPath" : "\/Users\/apple\/Library\/Developer\/CoreSimulator\/Devices\/4306839E-4260-47F1-9704-9C973CB1F114\/data",
        "dataPathSize" : 18337792,
        "logPath" : "\/Users\/apple\/Library\/Logs\/CoreSimulator\/4306839E-4260-47F1-9704-9C973CB1F114",
        "udid" : "4306839E-4260-47F1-9704-9C973CB1F114",
        "isAvailable" : true,
        "deviceTypeIdentifier" : "com.apple.CoreSimulator.SimDeviceType.iPad-mini-A17-Pro",
        "state" : "Shutdown",
        "name" : "iPad mini (A17 Pro)"
      },
      {
        "lastBootedAt" : "2025-09-05T10:22:14Z",
        "dataPath" : "\/Users\/apple\/Library\/Developer\/CoreSimulator\/Devices\/D1794E02-86AE-41F4-8575-0EEDA8265916\/data",
        "dataPathSize" : 18337792,
        "logPath" : "\/Users\/apple\/Library\/Logs\/CoreSimulator\/D1794E02-86AE-41F4-8575-0EEDA8265916",
        "udid" : "D1794E02-86AE-41F4-8575-0EEDA8265916",
        "isAvailable" : true,
        "deviceTypeIdentifier" : "com.apple.CoreSimulator.SimDeviceType.iPad-A16",
        "state" : "Shutdown",
        "name" : "iPad (A16)"
      },
      {
        "dataPath" : "\/Users\/apple\/Library\/Developer\/CoreSimulator\/Devices\/80EDFA61-0E26-40DF-ABF2-51CA38E48388\/data",
        "dataPathSize" : 18337792,
        "logPath" : "\/Users\/apple\/Library\/Logs\/CoreSimulator\/80EDFA61-0E26-40DF-ABF2-51CA38E48388",
        "udid" : "80EDFA61-0E26-40DF-ABF2-51CA38E48388",
        "isAvailable" : true,
        "deviceTypeIdentifier" : "com.apple.CoreSimulator.SimDeviceType.iPad-Air-13-inch-M3",
        "state" : "Shutdown",
        "name" : "iPad Air 13-inch (M3)"
      },
      {
        "dataPath" : "\/Users\/apple\/Library\/Developer\/CoreSimulator\/Devices\/0550D3DA-A175-403A-8D83-2832E014E120\/data",
        "dataPathSize" : 18337792,
        "logPath" : "\/Users\/apple\/Library\/Logs\/CoreSimulator\/0550D3DA-A175-403A-8D83-2832E014E120",
        "udid" : "0550D3DA-A175-403A-8D83-2832E014E120",
        "isAvailable" : true,
        "deviceTypeIdentifier" : "com.apple.CoreSimulator.SimDeviceType.iPad-Air-11-inch-M3",
        "state" : "Shutdown",
        "name" : "iPad Air 11-inch (M3)"
      }
    ],
    "com.apple.CoreSimulator.SimRuntime.tvOS-26-0" : [
      {
        "dataPath" : "\/Users\/apple\/Library\/Developer\/CoreSimulator\/Devices\/402FD4A5-3553-4A7D-A916-64B4B721F6E4\/data",
        "dataPathSize" : 4096,
        "logPath" : "\/Users\/apple\/Library\/Logs\/CoreSimulator\/402FD4A5-3553-4A7D-A916-64B4B721F6E4",
        "udid" : "402FD4A5-3553-4A7D-A916-64B4B721F6E4",
        "isAvailable" : true,
        "deviceTypeIdentifier" : "com.apple.CoreSimulator.SimDeviceType.Apple-TV-4K-3rd-generation-4K",
        "state" : "Shutdown",
        "name" : "Apple TV 4K (3rd generation)"
      },
      {
        "dataPath" : "\/Users\/apple\/Library\/Developer\/CoreSimulator\/Devices\/B29242CC-EB0E-4565-8CC3-BE682BE6A6F3\/data",
        "dataPathSize" : 4096,
        "logPath" : "\/Users\/apple\/Library\/Logs\/CoreSimulator\/B29242CC-EB0E-4565-8CC3-BE682BE6A6F3",
        "udid" : "B29242CC-EB0E-4565-8CC3-BE682BE6A6F3",
        "isAvailable" : true,
        "deviceTypeIdentifier" : "com.apple.CoreSimulator.SimDeviceType.Apple-TV-4K-3rd-generation-1080p",
        "state" : "Shutdown",
        "name" : "Apple TV 4K (3rd generation) (at 1080p)"
      },
      {
        "dataPath" : "\/Users\/apple\/Library\/Developer\/CoreSimulator\/Devices\/D219EC69-465E-45A7-9DC0-83B0C70125F9\/data",
        "dataPathSize" : 4096,
        "logPath" : "\/Users\/apple\/Library\/Logs\/CoreSimulator\/D219EC69-465E-45A7-9DC0-83B0C70125F9",
        "udid" : "D219EC69-465E-45A7-9DC0-83B0C70125F9",
        "isAvailable" : true,
        "deviceTypeIdentifier" : "com.apple.CoreSimulator.SimDeviceType.Apple-TV-1080p",
        "state" : "Shutdown",
        "name" : "Apple TV"
      }
    ],
    "com.apple.CoreSimulator.SimRuntime.iOS-26-0" : [
      {
        "lastBootedAt" : "2026-03-23T02:14:36Z",
        "dataPath" : "\/Users\/apple\/Library\/Developer\/CoreSimulator\/Devices\/B4CEA852-8790-4E29-8761-211513EAFDD6\/data",
        "dataPathSize" : 1894600704,
        "logPath" : "\/Users\/apple\/Library\/Logs\/CoreSimulator\/B4CEA852-8790-4E29-8761-211513EAFDD6",
        "udid" : "B4CEA852-8790-4E29-8761-211513EAFDD6",
        "isAvailable" : true,
        "logPathSize" : 266240,
        "deviceTypeIdentifier" : "com.apple.CoreSimulator.SimDeviceType.iPhone-17-Pro",
        "state" : "Shutdown",
        "name" : "iPhone 17 Pro"
      },
      {
        "lastBootedAt" : "2026-05-12T04:32:30Z",
        "dataPath" : "\/Users\/apple\/Library\/Developer\/CoreSimulator\/Devices\/594F133C-DAE4-46DF-A4C0-4219B2D907CA\/data",
        "dataPathSize" : 1745649664,
        "logPath" : "\/Users\/apple\/Library\/Logs\/CoreSimulator\/594F133C-DAE4-46DF-A4C0-4219B2D907CA",
        "udid" : "594F133C-DAE4-46DF-A4C0-4219B2D907CA",
        "isAvailable" : true,
        "logPathSize" : 413696,
        "deviceTypeIdentifier" : "com.apple.CoreSimulator.SimDeviceType.iPhone-17-Pro-Max",
        "state" : "Shutdown",
        "name" : "iPhone 17 Pro Max"
      },
      {
        "lastBootedAt" : "2026-03-27T14:44:46Z",
        "dataPath" : "\/Users\/apple\/Library\/Developer\/CoreSimulator\/Devices\/ECFA8767-0A7F-47FD-AE0C-757A4641F848\/data",
        "dataPathSize" : 2413125632,
        "logPath" : "\/Users\/apple\/Library\/Logs\/CoreSimulator\/ECFA8767-0A7F-47FD-AE0C-757A4641F848",
        "udid" : "ECFA8767-0A7F-47FD-AE0C-757A4641F848",
        "isAvailable" : true,
        "logPathSize" : 356352,
        "deviceTypeIdentifier" : "com.apple.CoreSimulator.SimDeviceType.iPhone-Air",
        "state" : "Shutdown",
        "name" : "iPhone Air"
      },
      {
        "dataPath" : "\/Users\/apple\/Library\/Developer\/CoreSimulator\/Devices\/5394862B-6523-4DF6-B518-45768AC1942C\/data",
        "dataPathSize" : 18337792,
        "logPath" : "\/Users\/apple\/Library\/Logs\/CoreSimulator\/5394862B-6523-4DF6-B518-45768AC1942C",
        "udid" : "5394862B-6523-4DF6-B518-45768AC1942C",
        "isAvailable" : true,
        "deviceTypeIdentifier" : "com.apple.CoreSimulator.SimDeviceType.iPhone-17",
        "state" : "Shutdown",
        "name" : "iPhone 17"
      },
      {
        "lastBootedAt" : "2026-04-29T18:04:41Z",
        "dataPath" : "\/Users\/apple\/Library\/Developer\/CoreSimulator\/Devices\/0E42DB53-6C85-4225-B3D0-128FF612487F\/data",
        "dataPathSize" : 1950838784,
        "logPath" : "\/Users\/apple\/Library\/Logs\/CoreSimulator\/0E42DB53-6C85-4225-B3D0-128FF612487F",
        "udid" : "0E42DB53-6C85-4225-B3D0-128FF612487F",
        "isAvailable" : true,
        "logPathSize" : 389120,
        "deviceTypeIdentifier" : "com.apple.CoreSimulator.SimDeviceType.iPhone-16-Pro",
        "state" : "Shutdown",
        "name" : "iPhone 16 Pro"
      },
      {
        "dataPath" : "\/Users\/apple\/Library\/Developer\/CoreSimulator\/Devices\/7795D491-8E67-4783-A704-8442CB9CF61C\/data",
        "dataPathSize" : 18337792,
        "logPath" : "\/Users\/apple\/Library\/Logs\/CoreSimulator\/7795D491-8E67-4783-A704-8442CB9CF61C",
        "udid" : "7795D491-8E67-4783-A704-8442CB9CF61C",
        "isAvailable" : true,
        "deviceTypeIdentifier" : "com.apple.CoreSimulator.SimDeviceType.iPhone-16-Pro-Max",
        "state" : "Shutdown",
        "name" : "iPhone 16 Pro Max"
      },
      {
        "lastBootedAt" : "2025-09-20T18:07:31Z",
        "dataPath" : "\/Users\/apple\/Library\/Developer\/CoreSimulator\/Devices\/2353C63E-5E27-4133-9ED9-BCAD547AE571\/data",
        "dataPathSize" : 18337792,
        "logPath" : "\/Users\/apple\/Library\/Logs\/CoreSimulator\/2353C63E-5E27-4133-9ED9-BCAD547AE571",
        "udid" : "2353C63E-5E27-4133-9ED9-BCAD547AE571",
        "isAvailable" : true,
        "deviceTypeIdentifier" : "com.apple.CoreSimulator.SimDeviceType.iPhone-16e",
        "state" : "Shutdown",
        "name" : "iPhone 16e"
      },
      {
        "lastBootedAt" : "2025-11-01T16:54:28Z",
        "dataPath" : "\/Users\/apple\/Library\/Developer\/CoreSimulator\/Devices\/EA4099AA-E3BC-4243-9FC2-B6652486767E\/data",
        "dataPathSize" : 2051293184,
        "logPath" : "\/Users\/apple\/Library\/Logs\/CoreSimulator\/EA4099AA-E3BC-4243-9FC2-B6652486767E",
        "udid" : "EA4099AA-E3BC-4243-9FC2-B6652486767E",
        "isAvailable" : true,
        "logPathSize" : 266240,
        "deviceTypeIdentifier" : "com.apple.CoreSimulator.SimDeviceType.iPhone-16",
        "state" : "Shutdown",
        "name" : "iPhone 16"
      },
      {
        "lastBootedAt" : "2026-05-11T17:30:49Z",
        "dataPath" : "\/Users\/apple\/Library\/Developer\/CoreSimulator\/Devices\/A4392414-4264-45A5-9F24-06BC339EAA7F\/data",
        "dataPathSize" : 5104508928,
        "logPath" : "\/Users\/apple\/Library\/Logs\/CoreSimulator\/A4392414-4264-45A5-9F24-06BC339EAA7F",
        "udid" : "A4392414-4264-45A5-9F24-06BC339EAA7F",
        "isAvailable" : true,
        "logPathSize" : 884736,
        "deviceTypeIdentifier" : "com.apple.CoreSimulator.SimDeviceType.iPhone-16-Plus",
        "state" : "Shutdown",
        "name" : "iPhone 16 Plus"
      },
      {
        "dataPath" : "\/Users\/apple\/Library\/Developer\/CoreSimulator\/Devices\/EF154E3C-55ED-49A5-A399-9EBA54841D18\/data",
        "dataPathSize" : 18337792,
        "logPath" : "\/Users\/apple\/Library\/Logs\/CoreSimulator\/EF154E3C-55ED-49A5-A399-9EBA54841D18",
        "udid" : "EF154E3C-55ED-49A5-A399-9EBA54841D18",
        "isAvailable" : true,
        "deviceTypeIdentifier" : "com.apple.CoreSimulator.SimDeviceType.iPad-Pro-13-inch-M5-12GB",
        "state" : "Shutdown",
        "name" : "iPad Pro 13-inch (M5)"
      },
      {
        "dataPath" : "\/Users\/apple\/Library\/Developer\/CoreSimulator\/Devices\/809E0A85-FE98-48CA-9683-F2B036E3DDF0\/data",
        "dataPathSize" : 18337792,
        "logPath" : "\/Users\/apple\/Library\/Logs\/CoreSimulator\/809E0A85-FE98-48CA-9683-F2B036E3DDF0",
        "udid" : "809E0A85-FE98-48CA-9683-F2B036E3DDF0",
        "isAvailable" : true,
        "deviceTypeIdentifier" : "com.apple.CoreSimulator.SimDeviceType.iPad-Pro-11-inch-M5-12GB",
        "state" : "Shutdown",
        "name" : "iPad Pro 11-inch (M5)"
      },
      {
        "dataPath" : "\/Users\/apple\/Library\/Developer\/CoreSimulator\/Devices\/4FECCDCF-6879-4C77-8350-668A3BEBB070\/data",
        "dataPathSize" : 18337792,
        "logPath" : "\/Users\/apple\/Library\/Logs\/CoreSimulator\/4FECCDCF-6879-4C77-8350-668A3BEBB070",
        "udid" : "4FECCDCF-6879-4C77-8350-668A3BEBB070",
        "isAvailable" : true,
        "deviceTypeIdentifier" : "com.apple.CoreSimulator.SimDeviceType.iPad-Pro-11-inch-M4-8GB",
        "state" : "Shutdown",
        "name" : "iPad Pro 11-inch (M4)"
      },
      {
        "lastBootedAt" : "2025-08-23T03:36:38Z",
        "dataPath" : "\/Users\/apple\/Library\/Developer\/CoreSimulator\/Devices\/5CF30008-5B27-4E1A-B2DE-5F2BFB7C62BD\/data",
        "dataPathSize" : 18337792,
        "logPath" : "\/Users\/apple\/Library\/Logs\/CoreSimulator\/5CF30008-5B27-4E1A-B2DE-5F2BFB7C62BD",
        "udid" : "5CF30008-5B27-4E1A-B2DE-5F2BFB7C62BD",
        "isAvailable" : true,
        "deviceTypeIdentifier" : "com.apple.CoreSimulator.SimDeviceType.iPad-Pro-13-inch-M4-8GB",
        "state" : "Shutdown",
        "name" : "iPad Pro 13-inch (M4)"
      },
      {
        "dataPath" : "\/Users\/apple\/Library\/Developer\/CoreSimulator\/Devices\/41B1274E-1C63-4B69-AF2D-12CD5CB0E1FA\/data",
        "dataPathSize" : 18337792,
        "logPath" : "\/Users\/apple\/Library\/Logs\/CoreSimulator\/41B1274E-1C63-4B69-AF2D-12CD5CB0E1FA",
        "udid" : "41B1274E-1C63-4B69-AF2D-12CD5CB0E1FA",
        "isAvailable" : true,
        "deviceTypeIdentifier" : "com.apple.CoreSimulator.SimDeviceType.iPad-mini-A17-Pro",
        "state" : "Shutdown",
        "name" : "iPad mini (A17 Pro)"
      },
      {
        "lastBootedAt" : "2026-04-05T10:43:27Z",
        "dataPath" : "\/Users\/apple\/Library\/Developer\/CoreSimulator\/Devices\/47321D96-FFA9-4901-9AD6-E046B8D7A1D0\/data",
        "dataPathSize" : 7279927296,
        "logPath" : "\/Users\/apple\/Library\/Logs\/CoreSimulator\/47321D96-FFA9-4901-9AD6-E046B8D7A1D0",
        "udid" : "47321D96-FFA9-4901-9AD6-E046B8D7A1D0",
        "isAvailable" : true,
        "logPathSize" : 1146880,
        "deviceTypeIdentifier" : "com.apple.CoreSimulator.SimDeviceType.iPad-A16",
        "state" : "Shutdown",
        "name" : "iPad (A16)"
      },
      {
        "dataPath" : "\/Users\/apple\/Library\/Developer\/CoreSimulator\/Devices\/832F0D5B-35FF-47A8-A5A9-AED37D83D49C\/data",
        "dataPathSize" : 18337792,
        "logPath" : "\/Users\/apple\/Library\/Logs\/CoreSimulator\/832F0D5B-35FF-47A8-A5A9-AED37D83D49C",
        "udid" : "832F0D5B-35FF-47A8-A5A9-AED37D83D49C",
        "isAvailable" : true,
        "deviceTypeIdentifier" : "com.apple.CoreSimulator.SimDeviceType.iPad-Air-13-inch-M3",
        "state" : "Shutdown",
        "name" : "iPad Air 13-inch (M3)"
      },
      {
        "dataPath" : "\/Users\/apple\/Library\/Developer\/CoreSimulator\/Devices\/CF0207BF-760B-435D-837F-4FC596465D79\/data",
        "dataPathSize" : 18337792,
        "logPath" : "\/Users\/apple\/Library\/Logs\/CoreSimulator\/CF0207BF-760B-435D-837F-4FC596465D79",
        "udid" : "CF0207BF-760B-435D-837F-4FC596465D79",
        "isAvailable" : true,
        "deviceTypeIdentifier" : "com.apple.CoreSimulator.SimDeviceType.iPad-Air-11-inch-M3",
        "state" : "Shutdown",
        "name" : "iPad Air 11-inch (M3)"
      }
    ],
    "com.apple.CoreSimulator.SimRuntime.watchOS-26-0" : [
      {
        "dataPath" : "\/Users\/apple\/Library\/Developer\/CoreSimulator\/Devices\/C990033A-DA64-4EE9-816A-DFA9AC574F7F\/data",
        "dataPathSize" : 4096,
        "logPath" : "\/Users\/apple\/Library\/Logs\/CoreSimulator\/C990033A-DA64-4EE9-816A-DFA9AC574F7F",
        "udid" : "C990033A-DA64-4EE9-816A-DFA9AC574F7F",
        "isAvailable" : true,
        "deviceTypeIdentifier" : "com.apple.CoreSimulator.SimDeviceType.Apple-Watch-Series-11-46mm",
        "state" : "Shutdown",
        "name" : "Apple Watch Series 11 (46mm)"
      },
      {
        "dataPath" : "\/Users\/apple\/Library\/Developer\/CoreSimulator\/Devices\/45FFCF25-AFEA-4591-9CC8-0F5EBB7F9155\/data",
        "dataPathSize" : 4096,
        "logPath" : "\/Users\/apple\/Library\/Logs\/CoreSimulator\/45FFCF25-AFEA-4591-9CC8-0F5EBB7F9155",
        "udid" : "45FFCF25-AFEA-4591-9CC8-0F5EBB7F9155",
        "isAvailable" : true,
        "deviceTypeIdentifier" : "com.apple.CoreSimulator.SimDeviceType.Apple-Watch-Series-11-42mm",
        "state" : "Shutdown",
        "name" : "Apple Watch Series 11 (42mm)"
      },
      {
        "dataPath" : "\/Users\/apple\/Library\/Developer\/CoreSimulator\/Devices\/FA2F65D6-6EE2-4857-9413-7550591E1FF5\/data",
        "dataPathSize" : 4096,
        "logPath" : "\/Users\/apple\/Library\/Logs\/CoreSimulator\/FA2F65D6-6EE2-4857-9413-7550591E1FF5",
        "udid" : "FA2F65D6-6EE2-4857-9413-7550591E1FF5",
        "isAvailable" : true,
        "deviceTypeIdentifier" : "com.apple.CoreSimulator.SimDeviceType.Apple-Watch-Series-10-46mm",
        "state" : "Shutdown",
        "name" : "Apple Watch Series 10 (46mm)"
      },
      {
        "dataPath" : "\/Users\/apple\/Library\/Developer\/CoreSimulator\/Devices\/0367E82B-CCEB-4F87-A99E-EA6E7BC07C1F\/data",
        "dataPathSize" : 4096,
        "logPath" : "\/Users\/apple\/Library\/Logs\/CoreSimulator\/0367E82B-CCEB-4F87-A99E-EA6E7BC07C1F",
        "udid" : "0367E82B-CCEB-4F87-A99E-EA6E7BC07C1F",
        "isAvailable" : true,
        "deviceTypeIdentifier" : "com.apple.CoreSimulator.SimDeviceType.Apple-Watch-Series-10-42mm",
        "state" : "Shutdown",
        "name" : "Apple Watch Series 10 (42mm)"
      },
      {
        "dataPath" : "\/Users\/apple\/Library\/Developer\/CoreSimulator\/Devices\/928541C1-DB92-456B-85C0-FD67D72E6408\/data",
        "dataPathSize" : 4096,
        "logPath" : "\/Users\/apple\/Library\/Logs\/CoreSimulator\/928541C1-DB92-456B-85C0-FD67D72E6408",
        "udid" : "928541C1-DB92-456B-85C0-FD67D72E6408",
        "isAvailable" : true,
        "deviceTypeIdentifier" : "com.apple.CoreSimulator.SimDeviceType.Apple-Watch-Ultra-3-49mm",
        "state" : "Shutdown",
        "name" : "Apple Watch Ultra 3 (49mm)"
      },
      {
        "dataPath" : "\/Users\/apple\/Library\/Developer\/CoreSimulator\/Devices\/92E80710-00F0-432A-A625-DAE37AF5EB04\/data",
        "dataPathSize" : 4096,
        "logPath" : "\/Users\/apple\/Library\/Logs\/CoreSimulator\/92E80710-00F0-432A-A625-DAE37AF5EB04",
        "udid" : "92E80710-00F0-432A-A625-DAE37AF5EB04",
        "isAvailable" : true,
        "deviceTypeIdentifier" : "com.apple.CoreSimulator.SimDeviceType.Apple-Watch-Ultra-2-49mm",
        "state" : "Shutdown",
        "name" : "Apple Watch Ultra 2 (49mm)"
      },
      {
        "dataPath" : "\/Users\/apple\/Library\/Developer\/CoreSimulator\/Devices\/DBDCAA3B-ECA4-4F75-A527-63F8B31FCE0F\/data",
        "dataPathSize" : 4096,
        "logPath" : "\/Users\/apple\/Library\/Logs\/CoreSimulator\/DBDCAA3B-ECA4-4F75-A527-63F8B31FCE0F",
        "udid" : "DBDCAA3B-ECA4-4F75-A527-63F8B31FCE0F",
        "isAvailable" : true,
        "deviceTypeIdentifier" : "com.apple.CoreSimulator.SimDeviceType.Apple-Watch-SE-3-44mm",
        "state" : "Shutdown",
        "name" : "Apple Watch SE 3 (44mm)"
      },
      {
        "dataPath" : "\/Users\/apple\/Library\/Developer\/CoreSimulator\/Devices\/CC8CE103-F76A-428D-A845-ED8D171C6114\/data",
        "dataPathSize" : 4096,
        "logPath" : "\/Users\/apple\/Library\/Logs\/CoreSimulator\/CC8CE103-F76A-428D-A845-ED8D171C6114",
        "udid" : "CC8CE103-F76A-428D-A845-ED8D171C6114",
        "isAvailable" : true,
        "deviceTypeIdentifier" : "com.apple.CoreSimulator.SimDeviceType.Apple-Watch-SE-3-40mm",
        "state" : "Shutdown",
        "name" : "Apple Watch SE 3 (40mm)"
      },
      {
        "dataPath" : "\/Users\/apple\/Library\/Developer\/CoreSimulator\/Devices\/DB89879D-B7D6-4E6C-8789-FF8512F5898F\/data",
        "dataPathSize" : 4096,
        "logPath" : "\/Users\/apple\/Library\/Logs\/CoreSimulator\/DB89879D-B7D6-4E6C-8789-FF8512F5898F",
        "udid" : "DB89879D-B7D6-4E6C-8789-FF8512F5898F",
        "isAvailable" : true,
        "deviceTypeIdentifier" : "com.apple.CoreSimulator.SimDeviceType.Apple-Watch-SE-44mm-2nd-generation",
        "state" : "Shutdown",
        "name" : "Apple Watch SE (44mm) (2nd generation)"
      },
      {
        "dataPath" : "\/Users\/apple\/Library\/Developer\/CoreSimulator\/Devices\/E503BF68-DFB1-4607-8A20-9BA952F4424C\/data",
        "dataPathSize" : 4096,
        "logPath" : "\/Users\/apple\/Library\/Logs\/CoreSimulator\/E503BF68-DFB1-4607-8A20-9BA952F4424C",
        "udid" : "E503BF68-DFB1-4607-8A20-9BA952F4424C",
        "isAvailable" : true,
        "deviceTypeIdentifier" : "com.apple.CoreSimulator.SimDeviceType.Apple-Watch-SE-40mm-2nd-generation",
        "state" : "Shutdown",
        "name" : "Apple Watch SE (40mm) (2nd generation)"
      }
    ],
    "com.apple.CoreSimulator.SimRuntime.watchOS-11-5" : [
      {
        "dataPath" : "\/Users\/apple\/Library\/Developer\/CoreSimulator\/Devices\/DB0C164A-C993-4591-8471-BD4035572D1B\/data",
        "dataPathSize" : 4096,
        "logPath" : "\/Users\/apple\/Library\/Logs\/CoreSimulator\/DB0C164A-C993-4591-8471-BD4035572D1B",
        "udid" : "DB0C164A-C993-4591-8471-BD4035572D1B",
        "isAvailable" : true,
        "deviceTypeIdentifier" : "com.apple.CoreSimulator.SimDeviceType.Apple-Watch-Series-10-46mm",
        "state" : "Shutdown",
        "name" : "Apple Watch Series 10 (46mm)"
      },
      {
        "dataPath" : "\/Users\/apple\/Library\/Developer\/CoreSimulator\/Devices\/8D8CF13A-F5BB-4966-8275-CFE3D069143C\/data",
        "dataPathSize" : 4096,
        "logPath" : "\/Users\/apple\/Library\/Logs\/CoreSimulator\/8D8CF13A-F5BB-4966-8275-CFE3D069143C",
        "udid" : "8D8CF13A-F5BB-4966-8275-CFE3D069143C",
        "isAvailable" : true,
        "deviceTypeIdentifier" : "com.apple.CoreSimulator.SimDeviceType.Apple-Watch-Series-10-42mm",
        "state" : "Shutdown",
        "name" : "Apple Watch Series 10 (42mm)"
      },
      {
        "dataPath" : "\/Users\/apple\/Library\/Developer\/CoreSimulator\/Devices\/72C2D438-7B9F-45E6-8D48-B2DAA542AB9F\/data",
        "dataPathSize" : 4096,
        "logPath" : "\/Users\/apple\/Library\/Logs\/CoreSimulator\/72C2D438-7B9F-45E6-8D48-B2DAA542AB9F",
        "udid" : "72C2D438-7B9F-45E6-8D48-B2DAA542AB9F",
        "isAvailable" : true,
        "deviceTypeIdentifier" : "com.apple.CoreSimulator.SimDeviceType.Apple-Watch-Ultra-2-49mm",
        "state" : "Shutdown",
        "name" : "Apple Watch Ultra 2 (49mm)"
      },
      {
        "dataPath" : "\/Users\/apple\/Library\/Developer\/CoreSimulator\/Devices\/70C97011-75B9-4C8B-9721-2A7D090E66A0\/data",
        "dataPathSize" : 4096,
        "logPath" : "\/Users\/apple\/Library\/Logs\/CoreSimulator\/70C97011-75B9-4C8B-9721-2A7D090E66A0",
        "udid" : "70C97011-75B9-4C8B-9721-2A7D090E66A0",
        "isAvailable" : true,
        "deviceTypeIdentifier" : "com.apple.CoreSimulator.SimDeviceType.Apple-Watch-SE-44mm-2nd-generation",
        "state" : "Shutdown",
        "name" : "Apple Watch SE (44mm) (2nd generation)"
      },
      {
        "dataPath" : "\/Users\/apple\/Library\/Developer\/CoreSimulator\/Devices\/CA306834-516E-4298-86FC-A59C8BAFCC62\/data",
        "dataPathSize" : 4096,
        "logPath" : "\/Users\/apple\/Library\/Logs\/CoreSimulator\/CA306834-516E-4298-86FC-A59C8BAFCC62",
        "udid" : "CA306834-516E-4298-86FC-A59C8BAFCC62",
        "isAvailable" : true,
        "deviceTypeIdentifier" : "com.apple.CoreSimulator.SimDeviceType.Apple-Watch-SE-40mm-2nd-generation",
        "state" : "Shutdown",
        "name" : "Apple Watch SE (40mm) (2nd generation)"
      }
    ]
  }
}

$ xcodebuild -project /Users/apple/Desktop/【项目的游戏】/deliveries/obr_n_1778783313507_afbqdj/ios-app/LumaSense.xcodeproj -target LumaSense -sdk iphonesimulator -configuration Debug CODE_SIGNING_ALLOWED=NO SYMROOT=/Users/apple/Desktop/【项目的游戏】/deliveries/obr_n_1778783313507_afbqdj/ios-app/build OBJROOT=/Users/apple/Desktop/【项目的游戏】/deliveries/obr_n_1778783313507_afbqdj/ios-app/build build
Command line invocation:
    /Applications/Xcode.app/Contents/Developer/usr/bin/xcodebuild -project "/Users/apple/Desktop/【项目的游戏】/deliveries/obr_n_1778783313507_afbqdj/ios-app/LumaSense.xcodeproj" -target LumaSense -sdk iphonesimulator -configuration Debug CODE_SIGNING_ALLOWED=NO "SYMROOT=/Users/apple/Desktop/【项目的游戏】/deliveries/obr_n_1778783313507_afbqdj/ios-app/build" "OBJROOT=/Users/apple/Desktop/【项目的游戏】/deliveries/obr_n_1778783313507_afbqdj/ios-app/build" build

Build settings from command line:
    CODE_SIGNING_ALLOWED = NO
    OBJROOT = /Users/apple/Desktop/【项目的游戏】/deliveries/obr_n_1778783313507_afbqdj/ios-app/build
    SDKROOT = iphonesimulator26.4
    SYMROOT = /Users/apple/Desktop/【项目的游戏】/deliveries/obr_n_1778783313507_afbqdj/ios-app/build

ComputePackagePrebuildTargetDependencyGraph

Prepare packages

CreateBuildRequest

SendProjectDescription

CreateBuildOperation

ComputeTargetDependencyGraph
note: Building targets in dependency order
note: Target dependency graph (1 target)
    Target 'LumaSense' in project 'LumaSense' (no dependencies)

GatherProvisioningInputs

CreateBuildDescription

ExecuteExternalTool /Applications/Xcode.app/Contents/Developer/Toolchains/XcodeDefault.xctoolchain/usr/bin/clang -v -E -dM -isysroot /Applications/Xcode.app/Contents/Developer/Platforms/iPhoneSimulator.platform/Developer/SDKs/iPhoneSimulator26.4.sdk -x c -c /dev/null

ExecuteExternalTool /Applications/Xcode.app/Contents/Developer/usr/bin/actool --print-asset-tag-combinations --output-format xml1 /Users/apple/Desktop/【项目的游戏】/deliveries/obr_n_1778783313507_afbqdj/ios-app/LumaSense/Assets.xcassets

ExecuteExternalTool /Applications/Xcode.app/Contents/Developer/usr/bin/ibtool --version --output-format xml1

ExecuteExternalTool /Applications/Xcode.app/Contents/Developer/usr/bin/actool --version --output-format xml1

ExecuteExternalTool /Applications/Xcode.app/Contents/Developer/Toolchains/XcodeDefault.xctoolchain/usr/bin/swiftc --version

ExecuteExternalTool /Applications/Xcode.app/Contents/Developer/Toolchains/XcodeDefault.xctoolchain/usr/bin/ld -version_details

Build description signature: a5d4ee13dd6c426bc18bd9b4741ee04c
Build description path: /Users/apple/Desktop/【项目的游戏】/deliveries/obr_n_1778783313507_afbqdj/ios-app/build/XCBuildData/a5d4ee13dd6c426bc18bd9b4741ee04c.xcbuilddata
ClangStatCache /Applications/Xcode.app/Contents/Developer/Toolchains/XcodeDefault.xctoolchain/usr/bin/clang-stat-cache /Applications/Xcode.app/Contents/Developer/Platforms/iPhoneSimulator.platform/Developer/SDKs/iPhoneSimulator26.4.sdk /var/folders/mc/h01_nd994qd7n0c83d8z536c0000gn/C/com.apple.DeveloperTools/26.4.1-17E202/Xcode/SDKStatCaches.noindex/iphonesimulator26.4-23E252-686eebb5dc1d8ecb277353a59184f4aa.sdkstatcache
    cd /Users/apple/Desktop/【项目的游戏】/deliveries/obr_n_1778783313507_afbqdj/ios-app/LumaSense.xcodeproj
    /Applications/Xcode.app/Contents/Developer/Toolchains/XcodeDefault.xctoolchain/usr/bin/clang-stat-cache /Applications/Xcode.app/Contents/Developer/Platforms/iPhoneSimulator.platform/Developer/SDKs/iPhoneSimulator26.4.sdk -o /var/folders/mc/h01_nd994qd7n0c83d8z536c0000gn/C/com.apple.DeveloperTools/26.4.1-17E202/Xcode/SDKStatCaches.noindex/iphonesimulator26.4-23E252-686eebb5dc1d8ecb277353a59184f4aa.sdkstatcache

CreateBuildDirectory /Users/apple/Desktop/【项目的游戏】/deliveries/obr_n_1778783313507_afbqdj/ios-app/build
    cd /Users/apple/Desktop/【项目的游戏】/deliveries/obr_n_1778783313507_afbqdj/ios-app/LumaSense.xcodeproj
    builtin-create-build-directory /Users/apple/Desktop/【项目的游戏】/deliveries/obr_n_1778783313507_afbqdj/ios-app/build

CreateBuildDirectory /Users/apple/Desktop/【项目的游戏】/deliveries/obr_n_1778783313507_afbqdj/ios-app/build/SwiftExplicitPrecompiledModules
    cd /Users/apple/Desktop/【项目的游戏】/deliveries/obr_n_1778783313507_afbqdj/ios-app/LumaSense.xcodeproj
    builtin-create-build-directory /Users/apple/Desktop/【项目的游戏】/deliveries/obr_n_1778783313507_afbqdj/ios-app/build/SwiftExplicitPrecompiledModules

CreateBuildDirectory /Users/apple/Desktop/【项目的游戏】/deliveries/obr_n_1778783313507_afbqdj/ios-app/build/ExplicitPrecompiledModules
    cd /Users/apple/Desktop/【项目的游戏】/deliveries/obr_n_1778783313507_afbqdj/ios-app/LumaSense.xcodeproj
    builtin-create-build-directory /Users/apple/Desktop/【项目的游戏】/deliveries/obr_n_1778783313507_afbqdj/ios-app/build/ExplicitPrecompiledModules

CreateBuildDirectory /Users/apple/Desktop/【项目的游戏】/deliveries/obr_n_1778783313507_afbqdj/ios-app/build/Debug-iphonesimulator
    cd /Users/apple/Desktop/【项目的游戏】/deliveries/obr_n_1778783313507_afbqdj/ios-app/LumaSense.xcodeproj
    builtin-create-build-directory /Users/apple/Desktop/【项目的游戏】/deliveries/obr_n_1778783313507_afbqdj/ios-app/build/Debug-iphonesimulator

CreateBuildDirectory /Users/apple/Desktop/【项目的游戏】/deliveries/obr_n_1778783313507_afbqdj/ios-app/build/EagerLinkingTBDs/Debug-iphonesimulator
    cd /Users/apple/Desktop/【项目的游戏】/deliveries/obr_n_1778783313507_afbqdj/ios-app/LumaSense.xcodeproj
    builtin-create-build-directory /Users/apple/Desktop/【项目的游戏】/deliveries/obr_n_1778783313507_afbqdj/ios-app/build/EagerLinkingTBDs/Debug-iphonesimulator

WriteAuxiliaryFile /Users/apple/Desktop/【项目的游戏】/deliveries/obr_n_1778783313507_afbqdj/ios-app/build/LumaSense.build/Debug-iphonesimulator/LumaSense-7125c56239c2564a135719a5c891455e-VFS-iphonesimulator/all-product-headers.yaml
    cd /Users/apple/Desktop/【项目的游戏】/deliveries/obr_n_1778783313507_afbqdj/ios-app/LumaSense.xcodeproj
    write-file /Users/apple/Desktop/【项目的游戏】/deliveries/obr_n_1778783313507_afbqdj/ios-app/build/LumaSense.build/Debug-iphonesimulator/LumaSense-7125c56239c2564a135719a5c891455e-VFS-iphonesimulator/all-product-headers.yaml

WriteAuxiliaryFile /Users/apple/Desktop/【项目的游戏】/deliveries/obr_n_1778783313507_afbqdj/ios-app/build/LumaSense.build/Debug-iphonesimulator/LumaSense.build/empty-LumaSense.plist (in target 'LumaSense' from project 'LumaSense')
    cd /Users/apple/Desktop/【项目的游戏】/deliveries/obr_n_1778783313507_afbqdj/ios-app
    write-file /Users/apple/Desktop/【项目的游戏】/deliveries/obr_n_1778783313507_afbqdj/ios-app/build/LumaSense.build/Debug-iphonesimulator/LumaSense.build/empty-LumaSense.plist

WriteAuxiliaryFile /Users/apple/Desktop/【项目的游戏】/deliveries/obr_n_1778783313507_afbqdj/ios-app/build/LumaSense.build/Debug-iphonesimulator/LumaSense.build/Objects-normal/arm64/LumaSense.SwiftConstValuesFileList (in target 'LumaSense' from project 'LumaSense')
    cd /Users/apple/Desktop/【项目的游戏】/deliveries/obr_n_1778783313507_afbqdj/ios-app
    write-file /Users/apple/Desktop/【项目的游戏】/deliveries/obr_n_1778783313507_afbqdj/ios-app/build/LumaSense.build/Debug-iphonesimulator/LumaSense.build/Objects-normal/arm64/LumaSense.SwiftConstValuesFileList

WriteAuxiliaryFile /Users/apple/Desktop/【项目的游戏】/deliveries/obr_n_1778783313507_afbqdj/ios-app/build/LumaSense.build/Debug-iphonesimulator/LumaSense.build/Objects-normal/arm64/LumaSense.SwiftFileList (in target 'LumaSense' from project 'LumaSense')
    cd /Users/apple/Desktop/【项目的游戏】/deliveries/obr_n_1778783313507_afbqdj/ios-app
    write-file /Users/apple/Desktop/【项目的游戏】/deliveries/obr_n_1778783313507_afbqdj/ios-app/build/LumaSense.build/Debug-iphonesimulator/LumaSense.build/Objects-normal/arm64/LumaSense.SwiftFileList

WriteAuxiliaryFile /Users/apple/Desktop/【项目的游戏】/deliveries/obr_n_1778783313507_afbqdj/ios-app/build/LumaSense.build/Debug-iphonesimulator/LumaSense.build/Objects-normal/x86_64/LumaSense.LinkFileList (in target 'LumaSense' from project 'LumaSense')
    cd /Users/apple/Desktop/【项目的游戏】/deliveries/obr_n_1778783313507_afbqdj/ios-app
    write-file /Users/apple/Desktop/【项目的游戏】/deliveries/obr_n_1778783313507_afbqdj/ios-app/build/LumaSense.build/Debug-iphonesimulator/LumaSense.build/Objects-normal/x86_64/LumaSense.LinkFileList

WriteAuxiliaryFile /Users/apple/Desktop/【项目的游戏】/deliveries/obr_n_1778783313507_afbqdj/ios-app/build/LumaSense.build/Debug-iphonesimulator/LumaSense.build/Objects-normal/x86_64/LumaSense.SwiftConstValuesFileList (in target 'LumaSense' from project 'LumaSense')
    cd /Users/apple/Desktop/【项目的游戏】/deliveries/obr_n_1778783313507_afbqdj/ios-app
    write-file /Users/apple/Desktop/【项目的游戏】/deliveries/obr_n_1778783313507_afbqdj/ios-app/build/LumaSense.build/Debug-iphonesimulator/LumaSense.build/Objects-normal/x86_64/LumaSense.SwiftConstValuesFileList

WriteAuxiliaryFile /Users/apple/Desktop/【项目的游戏】/deliveries/obr_n_1778783313507_afbqdj/ios-app/build/LumaSense.build/Debug-iphonesimulator/LumaSense.build/Objects-normal/arm64/LumaSense_const_extract_protocols.json (in target 'LumaSense' from project 'LumaSense')
    cd /Users/apple/Desktop/【项目的游戏】/deliveries/obr_n_1778783313507_afbqdj/ios-app
    write-file /Users/apple/Desktop/【项目的游戏】/deliveries/obr_n_1778783313507_afbqdj/ios-app/build/LumaSense.build/Debug-iphonesimulator/LumaSense.build/Objects-normal/arm64/LumaSense_const_extract_protocols.json

WriteAuxiliaryFile /Users/apple/Desktop/【项目的游戏】/deliveries/obr_n_1778783313507_afbqdj/ios-app/build/LumaSense.build/Debug-iphonesimulator/LumaSense.build/Objects-normal/x86_64/LumaSense_const_extract_protocols.json (in target 'LumaSense' from project 'LumaSense')
    cd /Users/apple/Desktop/【项目的游戏】/deliveries/obr_n_1778783313507_afbqdj/ios-app
    write-file /Users/apple/Desktop/【项目的游戏】/deliveries/obr_n_1778783313507_afbqdj/ios-app/build/LumaSense.build/Debug-iphonesimulator/LumaSense.build/Objects-normal/x86_64/LumaSense_const_extract_protocols.json

WriteAuxiliaryFile /Users/apple/Desktop/【项目的游戏】/deliveries/obr_n_1778783313507_afbqdj/ios-app/build/LumaSense.build/Debug-iphonesimulator/LumaSense.build/Objects-normal/x86_64/LumaSense-OutputFileMap.json (in target 'LumaSense' from project 'LumaSense')
    cd /Users/apple/Desktop/【项目的游戏】/deliveries/obr_n_1778783313507_afbqdj/ios-app
    write-file /Users/apple/Desktop/【项目的游戏】/deliveries/obr_n_1778783313507_afbqdj/ios-app/build/LumaSense.build/Debug-iphonesimulator/LumaSense.build/Objects-normal/x86_64/LumaSense-OutputFileMap.json

WriteAuxiliaryFile /Users/apple/Desktop/【项目的游戏】/deliveries/obr_n_1778783313507_afbqdj/ios-app/build/LumaSense.build/Debug-iphonesimulator/LumaSense.build/Objects-normal/x86_64/LumaSense.SwiftFileList (in target 'LumaSense' from project 'LumaSense')
    cd /Users/apple/Desktop/【项目的游戏】/deliveries/obr_n_1778783313507_afbqdj/ios-app
    write-file /Users/apple/Desktop/【项目的游戏】/deliveries/obr_n_1778783313507_afbqdj/ios-app/build/LumaSense.build/Debug-iphonesimulator/LumaSense.build/Objects-normal/x86_64/LumaSense.SwiftFileList

WriteAuxiliaryFile /Users/apple/Desktop/【项目的游戏】/deliveries/obr_n_1778783313507_afbqdj/ios-app/build/LumaSense.build/Debug-iphonesimulator/LumaSense.build/Objects-normal/arm64/LumaSense.LinkFileList (in target 'LumaSense' from project 'LumaSense')
    cd /Users/apple/Desktop/【项目的游戏】/deliveries/obr_n_1778783313507_afbqdj/ios-app
    write-file /Users/apple/Desktop/【项目的游戏】/deliveries/obr_n_1778783313507_afbqdj/ios-app/build/LumaSense.build/Debug-iphonesimulator/LumaSense.build/Objects-normal/arm64/LumaSense.LinkFileList

WriteAuxiliaryFile /Users/apple/Desktop/【项目的游戏】/deliveries/obr_n_1778783313507_afbqdj/ios-app/build/LumaSense.build/Debug-iphonesimulator/LumaSense.build/Objects-normal/arm64/LumaSense-OutputFileMap.json (in target 'LumaSense' from project 'LumaSense')
    cd /Users/apple/Desktop/【项目的游戏】/deliveries/obr_n_1778783313507_afbqdj/ios-app
    write-file /Users/apple/Desktop/【项目的游戏】/deliveries/obr_n_1778783313507_afbqdj/ios-app/build/LumaSense.build/Debug-iphonesimulator/LumaSense.build/Objects-normal/arm64/LumaSense-OutputFileMap.json

WriteAuxiliaryFile /Users/apple/Desktop/【项目的游戏】/deliveries/obr_n_1778783313507_afbqdj/ios-app/build/LumaSense.build/Debug-iphonesimulator/LumaSense.build/LumaSense.hmap (in target 'LumaSense' from project 'LumaSense')
    cd /Users/apple/Desktop/【项目的游戏】/deliveries/obr_n_1778783313507_afbqdj/ios-app
    write-file /Users/apple/Desktop/【项目的游戏】/deliveries/obr_n_1778783313507_afbqdj/ios-app/build/LumaSense.build/Debug-iphonesimulator/LumaSense.build/LumaSense.hmap

WriteAuxiliaryFile /Users/apple/Desktop/【项目的游戏】/deliveries/obr_n_1778783313507_afbqdj/ios-app/build/LumaSense.build/Debug-iphonesimulator/LumaSense.build/LumaSense.DependencyStaticMetadataFileList (in target 'LumaSense' from project 'LumaSense')
    cd /Users/apple/Desktop/【项目的游戏】/deliveries/obr_n_1778783313507_afbqdj/ios-app
    write-file /Users/apple/Desktop/【项目的游戏】/deliveries/obr_n_1778783313507_afbqdj/ios-app/build/LumaSense.build/Debug-iphonesimulator/LumaSense.build/LumaSense.DependencyStaticMetadataFileList

WriteAuxiliaryFile /Users/apple/Desktop/【项目的游戏】/deliveries/obr_n_1778783313507_afbqdj/ios-app/build/LumaSense.build/Debug-iphonesimulator/LumaSense.build/LumaSense.DependencyMetadataFileList (in target 'LumaSense' from project 'LumaSense')
    cd /Users/apple/Desktop/【项目的游戏】/deliveries/obr_n_1778783313507_afbqdj/ios-app
    write-file /Users/apple/Desktop/【项目的游戏】/deliveries/obr_n_1778783313507_afbqdj/ios-app/build/LumaSense.build/Debug-iphonesimulator/LumaSense.build/LumaSense.DependencyMetadataFileList

WriteAuxiliaryFile /Users/apple/Desktop/【项目的游戏】/deliveries/obr_n_1778783313507_afbqdj/ios-app/build/LumaSense.build/Debug-iphonesimulator/LumaSense.build/LumaSense-project-headers.hmap (in target 'LumaSense' from project 'LumaSense')
    cd /Users/apple/Desktop/【项目的游戏】/deliveries/obr_n_1778783313507_afbqdj/ios-app
    write-file /Users/apple/Desktop/【项目的游戏】/deliveries/obr_n_1778783313507_afbqdj/ios-app/build/LumaSense.build/Debug-iphonesimulator/LumaSense.build/LumaSense-project-headers.hmap

WriteAuxiliaryFile /Users/apple/Desktop/【项目的游戏】/deliveries/obr_n_1778783313507_afbqdj/ios-app/build/LumaSense.build/Debug-iphonesimulator/LumaSense.build/LumaSense-own-target-headers.hmap (in target 'LumaSense' from project 'LumaSense')
    cd /Users/apple/Desktop/【项目的游戏】/deliveries/obr_n_1778783313507_afbqdj/ios-app
    write-file /Users/apple/Desktop/【项目的游戏】/deliveries/obr_n_1778783313507_afbqdj/ios-app/build/LumaSense.build/Debug-iphonesimulator/LumaSense.build/LumaSense-own-target-headers.hmap

WriteAuxiliaryFile /Users/apple/Desktop/【项目的游戏】/deliveries/obr_n_1778783313507_afbqdj/ios-app/build/LumaSense.build/Debug-iphonesimulator/LumaSense.build/LumaSense-generated-files.hmap (in target 'LumaSense' from project 'LumaSense')
    cd /Users/apple/Desktop/【项目的游戏】/deliveries/obr_n_1778783313507_afbqdj/ios-app
    write-file /Users/apple/Desktop/【项目的游戏】/deliveries/obr_n_1778783313507_afbqdj/ios-app/build/LumaSense.build/Debug-iphonesimulator/LumaSense.build/LumaSense-generated-files.hmap

WriteAuxiliaryFile /Users/apple/Desktop/【项目的游戏】/deliveries/obr_n_1778783313507_afbqdj/ios-app/build/LumaSense.build/Debug-iphonesimulator/LumaSense.build/LumaSense-all-target-headers.hmap (in target 'LumaSense' from project 'LumaSense')
    cd /Users/apple/Desktop/【项目的游戏】/deliveries/obr_n_1778783313507_afbqdj/ios-app
    write-file /Users/apple/Desktop/【项目的游戏】/deliveries/obr_n_1778783313507_afbqdj/ios-app/build/LumaSense.build/Debug-iphonesimulator/LumaSense.build/LumaSense-all-target-headers.hmap

WriteAuxiliaryFile /Users/apple/Desktop/【项目的游戏】/deliveries/obr_n_1778783313507_afbqdj/ios-app/build/LumaSense.build/Debug-iphonesimulator/LumaSense.build/LumaSense-all-non-framework-target-headers.hmap (in target 'LumaSense' from project 'LumaSense')
    cd /Users/apple/Desktop/【项目的游戏】/deliveries/obr_n_1778783313507_afbqdj/ios-app
    write-file /Users/apple/Desktop/【项目的游戏】/deliveries/obr_n_1778783313507_afbqdj/ios-app/build/LumaSense.build/Debug-iphonesimulator/LumaSense.build/LumaSense-all-non-framework-target-headers.hmap

MkDir /Users/apple/Desktop/【项目的游戏】/deliveries/obr_n_1778783313507_afbqdj/ios-app/build/Debug-iphonesimulator/LumaSense.app (in target 'LumaSense' from project 'LumaSense')
    cd /Users/apple/Desktop/【项目的游戏】/deliveries/obr_n_1778783313507_afbqdj/ios-app
    /bin/mkdir -p /Users/apple/Desktop/【项目的游戏】/deliveries/obr_n_1778783313507_afbqdj/ios-app/build/Debug-iphonesimulator/LumaSense.app

MkDir /Users/apple/Desktop/【项目的游戏】/deliveries/obr_n_1778783313507_afbqdj/ios-app/build/LumaSense.build/Debug-iphonesimulator/LumaSense.build/assetcatalog_output/unthinned (in target 'LumaSense' from project 'LumaSense')
    cd /Users/apple/Desktop/【项目的游戏】/deliveries/obr_n_1778783313507_afbqdj/ios-app
    /bin/mkdir -p /Users/apple/Desktop/【项目的游戏】/deliveries/obr_n_1778783313507_afbqdj/ios-app/build/LumaSense.build/Debug-iphonesimulator/LumaSense.build/assetcatalog_output/unthinned

MkDir /Users/apple/Desktop/【项目的游戏】/deliveries/obr_n_1778783313507_afbqdj/ios-app/build/LumaSense.build/Debug-iphonesimulator/LumaSense.build/assetcatalog_output/thinned (in target 'LumaSense' from project 'LumaSense')
    cd /Users/apple/Desktop/【项目的游戏】/deliveries/obr_n_1778783313507_afbqdj/ios-app
    /bin/mkdir -p /Users/apple/Desktop/【项目的游戏】/deliveries/obr_n_1778783313507_afbqdj/ios-app/build/LumaSense.build/Debug-iphonesimulator/LumaSense.build/assetcatalog_output/thinned

CompileStoryboard /Users/apple/Desktop/【项目的游戏】/deliveries/obr_n_1778783313507_afbqdj/ios-app/LumaSense/LaunchScreen.storyboard (in target 'LumaSense' from project 'LumaSense')
    cd /Users/apple/Desktop/【项目的游戏】/deliveries/obr_n_1778783313507_afbqdj/ios-app
    /Applications/Xcode.app/Contents/Developer/usr/bin/ibtool --errors --warnings --notices --module LumaSense --output-partial-info-plist /Users/apple/Desktop/【项目的游戏】/deliveries/obr_n_1778783313507_afbqdj/ios-app/build/LumaSense.build/Debug-iphonesimulator/LumaSense.build/LaunchScreen-SBPartialInfo.plist --auto-activate-custom-fonts --target-device iphone --minimum-deployment-target 17.0 --output-format human-readable-text /Users/apple/Desktop/【项目的游戏】/deliveries/obr_n_1778783313507_afbqdj/ios-app/LumaSense/LaunchScreen.storyboard --compilation-directory /Users/apple/Desktop/【项目的游戏】/deliveries/obr_n_1778783313507_afbqdj/ios-app/build/LumaSense.build/Debug-iphonesimulator/LumaSense.build

GenerateAssetSymbols /Users/apple/Desktop/【项目的游戏】/deliveries/obr_n_1778783313507_afbqdj/ios-app/LumaSense/Assets.xcassets (in target 'LumaSense' from project 'LumaSense')
    cd /Users/apple/Desktop/【项目的游戏】/deliveries/obr_n_1778783313507_afbqdj/ios-app
    /Applications/Xcode.app/Contents/Developer/usr/bin/actool /Users/apple/Desktop/【项目的游戏】/deliveries/obr_n_1778783313507_afbqdj/ios-app/LumaSense/Assets.xcassets --compile /Users/apple/Desktop/【项目的游戏】/deliveries/obr_n_1778783313507_afbqdj/ios-app/build/Debug-iphonesimulator/LumaSense.app --output-format human-readable-text --notices --warnings --export-dependency-info /Users/apple/Desktop/【项目的游戏】/deliveries/obr_n_1778783313507_afbqdj/ios-app/build/LumaSense.build/Debug-iphonesimulator/LumaSense.build/assetcatalog_dependencies --output-partial-info-plist /Users/apple/Desktop/【项目的游戏】/deliveries/obr_n_1778783313507_afbqdj/ios-app/build/LumaSense.build/Debug-iphonesimulator/LumaSense.build/assetcatalog_generated_info.plist --app-icon AppIcon --accent-color AccentColor --compress-pngs --enable-on-demand-resources YES --development-region en --target-device iphone --minimum-deployment-target 17.0 --platform iphonesimulator --bundle-identifier com.openbasaka.simplify.83313507afbqdj --generate-swift-asset-symbol-extensions NO --generate-swift-asset-symbols /Users/apple/Desktop/【项目的游戏】/deliveries/obr_n_1778783313507_afbqdj/ios-app/build/LumaSense.build/Debug-iphonesimulator/LumaSense.build/DerivedSources/GeneratedAssetSymbols.swift --generate-objc-asset-symbols /Users/apple/Desktop/【项目的游戏】/deliveries/obr_n_1778783313507_afbqdj/ios-app/build/LumaSense.build/Debug-iphonesimulator/LumaSense.build/DerivedSources/GeneratedAssetSymbols.h --generate-asset-symbol-index /Users/apple/Desktop/【项目的游戏】/deliveries/obr_n_1778783313507_afbqdj/ios-app/build/LumaSense.build/Debug-iphonesimulator/LumaSense.build/DerivedSources/GeneratedAssetSymbols-Index.plist
/* com.apple.actool.compilation-results */
/Users/apple/Desktop/【项目的游戏】/deliveries/obr_n_1778783313507_afbqdj/ios-app/build/LumaSense.build/Debug-iphonesimulator/LumaSense.build/DerivedSources/GeneratedAssetSymbols-Index.plist
/Users/apple/Desktop/【项目的游戏】/deliveries/obr_n_1778783313507_afbqdj/ios-app/build/LumaSense.build/Debug-iphonesimulator/LumaSense.build/DerivedSources/GeneratedAssetSymbols.h
/Users/apple/Desktop/【项目的游戏】/deliveries/obr_n_1778783313507_afbqdj/ios-app/build/LumaSense.build/Debug-iphonesimulator/LumaSense.build/DerivedSources/GeneratedAssetSymbols.swift


CompileAssetCatalogVariant thinned /Users/apple/Desktop/【项目的游戏】/deliveries/obr_n_1778783313507_afbqdj/ios-app/build/Debug-iphonesimulator/LumaSense.app /Users/apple/Desktop/【项目的游戏】/deliveries/obr_n_1778783313507_afbqdj/ios-app/LumaSense/Assets.xcassets (in target 'LumaSense' from project 'LumaSense')
    cd /Users/apple/Desktop/【项目的游戏】/deliveries/obr_n_1778783313507_afbqdj/ios-app
    /Applications/Xcode.app/Contents/Developer/usr/bin/actool /Users/apple/Desktop/【项目的游戏】/deliveries/obr_n_1778783313507_afbqdj/ios-app/LumaSense/Assets.xcassets --compile /Users/apple/Desktop/【项目的游戏】/deliveries/obr_n_1778783313507_afbqdj/ios-app/build/LumaSense.build/Debug-iphonesimulator/LumaSense.build/assetcatalog_output/thinned --output-format human-readable-text --notices --warnings --export-dependency-info /Users/apple/Desktop/【项目的游戏】/deliveries/obr_n_1778783313507_afbqdj/ios-app/build/LumaSense.build/Debug-iphonesimulator/LumaSense.build/assetcatalog_dependencies_thinned --output-partial-info-plist /Users/apple/Desktop/【项目的游戏】/deliveries/obr_n_1778783313507_afbqdj/ios-app/build/LumaSense.build/Debug-iphonesimulator/LumaSense.build/assetcatalog_generated_info.plist_thinned --app-icon AppIcon --accent-color AccentColor --compress-pngs --enable-on-demand-resources YES --development-region en --target-device iphone --minimum-deployment-target 17.0 --platform iphonesimulator
/* com.apple.actool.compilation-results */
/Users/apple/Desktop/【项目的游戏】/deliveries/obr_n_1778783313507_afbqdj/ios-app/build/LumaSense.build/Debug-iphonesimulator/LumaSense.build/assetcatalog_generated_info.plist_thinned
/Users/apple/Desktop/【项目的游戏】/deliveries/obr_n_1778783313507_afbqdj/ios-app/build/LumaSense.build/Debug-iphonesimulator/LumaSense.build/assetcatalog_output/thinned/Assets.car


SwiftDriver LumaSense normal arm64 com.apple.xcode.tools.swift.compiler (in target 'LumaSense' from project 'LumaSense')
    cd /Users/apple/Desktop/【项目的游戏】/deliveries/obr_n_1778783313507_afbqdj/ios-app
    builtin-SwiftDriver -- /Applications/Xcode.app/Contents/Developer/Toolchains/XcodeDefault.xctoolchain/usr/bin/swiftc -module-name LumaSense -Onone @/Users/apple/Desktop/【项目的游戏】/deliveries/obr_n_1778783313507_afbqdj/ios-app/build/LumaSense.build/Debug-iphonesimulator/LumaSense.build/Objects-normal/arm64/LumaSense.SwiftFileList -DDEBUG -enable-bare-slash-regex -enable-experimental-feature DebugDescriptionMacro -sdk /Applications/Xcode.app/Contents/Developer/Platforms/iPhoneSimulator.platform/Developer/SDKs/iPhoneSimulator26.4.sdk -target arm64-apple-ios17.0-simulator -g -Xfrontend -serialize-debugging-options -enable-testing -Xcc -D_LIBCPP_HARDENING_MODE\=_LIBCPP_HARDENING_MODE_DEBUG -swift-version 5 -I /Users/apple/Desktop/【项目的游戏】/deliveries/obr_n_1778783313507_afbqdj/ios-app/build/Debug-iphonesimulator -F /Users/apple/Desktop/【项目的游戏】/deliveries/obr_n_1778783313507_afbqdj/ios-app/build/Debug-iphonesimulator -emit-localized-strings -emit-localized-strings-path /Users/apple/Desktop/【项目的游戏】/deliveries/obr_n_1778783313507_afbqdj/ios-app/build/LumaSense.build/Debug-iphonesimulator/LumaSense.build/Objects-normal/arm64 -c -j10 -enable-batch-mode -incremental -Xcc -ivfsstatcache -Xcc /var/folders/mc/h01_nd994qd7n0c83d8z536c0000gn/C/com.apple.DeveloperTools/26.4.1-17E202/Xcode/SDKStatCaches.noindex/iphonesimulator26.4-23E252-686eebb5dc1d8ecb277353a59184f4aa.sdkstatcache -output-file-map /Users/apple/Desktop/【项目的游戏】/deliveries/obr_n_1778783313507_afbqdj/ios-app/build/LumaSense.build/Debug-iphonesimulator/LumaSense.build/Objects-normal/arm64/LumaSense-OutputFileMap.json -use-frontend-parseable-output -save-temps -no-color-diagnostics -explicit-module-build -module-cache-path /Users/apple/Desktop/【项目的游戏】/deliveries/obr_n_1778783313507_afbqdj/ios-app/build/SwiftExplicitPrecompiledModules -serialize-diagnostics -emit-dependencies -emit-module -emit-module-path /Users/apple/Desktop/【项目的游戏】/deliveries/obr_n_1778783313507_afbqdj/ios-app/build/LumaSense.build/Debug-iphonesimulator/LumaSense.build/Objects-normal/arm64/LumaSense.swiftmodule -validate-clang-modules-once -clang-build-session-file /var/folders/mc/h01_nd994qd7n0c83d8z536c0000gn/C/org.llvm.clang/ModuleCache.noindex/Session.modulevalidation -Xcc -I/Users/apple/Desktop/【项目的游戏】/deliveries/obr_n_1778783313507_afbqdj/ios-app/build/LumaSense.build/Debug-iphonesimulator/LumaSense.build/swift-overrides.hmap -emit-const-values -Xfrontend -const-gather-protocols-file -Xfrontend /Users/apple/Desktop/【项目的游戏】/deliveries/obr_n_1778783313507_afbqdj/ios-app/build/LumaSense.build/Debug-iphonesimulator/LumaSense.build/Objects-normal/arm64/LumaSense_const_extract_protocols.json -Xcc -iquote -Xcc /Users/apple/Desktop/【项目的游戏】/deliveries/obr_n_1778783313507_afbqdj/ios-app/build/LumaSense.build/Debug-iphonesimulator/LumaSense.build/LumaSense-generated-files.hmap -Xcc -I/Users/apple/Desktop/【项目的游戏】/deliveries/obr_n_1778783313507_afbqdj/ios-app/build/LumaSense.build/Debug-iphonesimulator/LumaSense.build/LumaSense-own-target-headers.hmap -Xcc -I/Users/apple/Desktop/【项目的游戏】/deliveries/obr_n_1778783313507_afbqdj/ios-app/build/LumaSense.build/Debug-iphonesimulator/LumaSense.build/LumaSense-all-target-headers.hmap -Xcc -iquote -Xcc /Users/apple/Desktop/【项目的游戏】/deliveries/obr_n_1778783313507_afbqdj/ios-app/build/LumaSense.build/Debug-iphonesimulator/LumaSense.build/LumaSense-project-headers.hmap -Xcc -I/Users/apple/Desktop/【项目的游戏】/deliveries/obr_n_1778783313507_afbqdj/ios-app/build/Debug-iphonesimulator/include -Xcc -I/Users/apple/Desktop/【项目的游戏】/deliveries/obr_n_1778783313507_afbqdj/ios-app/build/LumaSense.build/Debug-iphonesimulator/LumaSense.build/DerivedSources-normal/arm64 -Xcc -I/Users/apple/Desktop/【项目的游戏】/deliveries/obr_n_1778783313507_afbqdj/ios-app/build/LumaSense.build/Debug-iphonesimulator/LumaSense.build/DerivedSources/arm64 -Xcc -I/Users/apple/Desktop/【项目的游戏】/deliveries/obr_n_1778783313507_afbqdj/ios-app/build/LumaSense.build/Debug-iphonesimulator/LumaSense.build/DerivedSources -Xcc -DDEBUG\=1 -emit-objc-header -emit-objc-header-path /Users/apple/Desktop/【项目的游戏】/deliveries/obr_n_1778783313507_afbqdj/ios-app/build/LumaSense.build/Debug-iphonesimulator/LumaSense.build/Objects-normal/arm64/LumaSense-Swift.h -working-directory /Users/apple/Desktop/【项目的游戏】/deliveries/obr_n_1778783313507_afbqdj/ios-app -experimental-emit-module-separately -disable-cmo

SwiftDriver LumaSense normal x86_64 com.apple.xcode.tools.swift.compiler (in target 'LumaSense' from project 'LumaSense')
    cd /Users/apple/Desktop/【项目的游戏】/deliveries/obr_n_1778783313507_afbqdj/ios-app
    builtin-SwiftDriver -- /Applications/Xcode.app/Contents/Developer/Toolchains/XcodeDefault.xctoolchain/usr/bin/swiftc -module-name LumaSense -Onone @/Users/apple/Desktop/【项目的游戏】/deliveries/obr_n_1778783313507_afbqdj/ios-app/build/LumaSense.build/Debug-iphonesimulator/LumaSense.build/Objects-normal/x86_64/LumaSense.SwiftFileList -DDEBUG -enable-bare-slash-regex -enable-experimental-feature DebugDescriptionMacro -sdk /Applications/Xcode.app/Contents/Developer/Platforms/iPhoneSimulator.platform/Developer/SDKs/iPhoneSimulator26.4.sdk -target x86_64-apple-ios17.0-simulator -g -Xfrontend -serialize-debugging-options -enable-testing -Xcc -D_LIBCPP_HARDENING_MODE\=_LIBCPP_HARDENING_MODE_DEBUG -swift-version 5 -I /Users/apple/Desktop/【项目的游戏】/deliveries/obr_n_1778783313507_afbqdj/ios-app/build/Debug-iphonesimulator -F /Users/apple/Desktop/【项目的游戏】/deliveries/obr_n_1778783313507_afbqdj/ios-app/build/Debug-iphonesimulator -emit-localized-strings -emit-localized-strings-path /Users/apple/Desktop/【项目的游戏】/deliveries/obr_n_1778783313507_afbqdj/ios-app/build/LumaSense.build/Debug-iphonesimulator/LumaSense.build/Objects-normal/x86_64 -c -j10 -enable-batch-mode -incremental -Xcc -ivfsstatcache -Xcc /var/folders/mc/h01_nd994qd7n0c83d8z536c0000gn/C/com.apple.DeveloperTools/26.4.1-17E202/Xcode/SDKStatCaches.noindex/iphonesimulator26.4-23E252-686eebb5dc1d8ecb277353a59184f4aa.sdkstatcache -output-file-map /Users/apple/Desktop/【项目的游戏】/deliveries/obr_n_1778783313507_afbqdj/ios-app/build/LumaSense.build/Debug-iphonesimulator/LumaSense.build/Objects-normal/x86_64/LumaSense-OutputFileMap.json -use-frontend-parseable-output -save-temps -no-color-diagnostics -explicit-module-build -module-cache-path /Users/apple/Desktop/【项目的游戏】/deliveries/obr_n_1778783313507_afbqdj/ios-app/build/SwiftExplicitPrecompiledModules -serialize-diagnostics -emit-dependencies -emit-module -emit-module-path /Users/apple/Desktop/【项目的游戏】/deliveries/obr_n_1778783313507_afbqdj/ios-app/build/LumaSense.build/Debug-iphonesimulator/LumaSense.build/Objects-normal/x86_64/LumaSense.swiftmodule -validate-clang-modules-once -clang-build-session-file /var/folders/mc/h01_nd994qd7n0c83d8z536c0000gn/C/org.llvm.clang/ModuleCache.noindex/Session.modulevalidation -Xcc -I/Users/apple/Desktop/【项目的游戏】/deliveries/obr_n_1778783313507_afbqdj/ios-app/build/LumaSense.build/Debug-iphonesimulator/LumaSense.build/swift-overrides.hmap -emit-const-values -Xfrontend -const-gather-protocols-file -Xfrontend /Users/apple/Desktop/【项目的游戏】/deliveries/obr_n_1778783313507_afbqdj/ios-app/build/LumaSense.build/Debug-iphonesimulator/LumaSense.build/Objects-normal/x86_64/LumaSense_const_extract_protocols.json -Xcc -iquote -Xcc /Users/apple/Desktop/【项目的游戏】/deliveries/obr_n_1778783313507_afbqdj/ios-app/build/LumaSense.build/Debug-iphonesimulator/LumaSense.build/LumaSense-generated-files.hmap -Xcc -I/Users/apple/Desktop/【项目的游戏】/deliveries/obr_n_1778783313507_afbqdj/ios-app/build/LumaSense.build/Debug-iphonesimulator/LumaSense.build/LumaSense-own-target-headers.hmap -Xcc -I/Users/apple/Desktop/【项目的游戏】/deliveries/obr_n_1778783313507_afbqdj/ios-app/build/LumaSense.build/Debug-iphonesimulator/LumaSense.build/LumaSense-all-target-headers.hmap -Xcc -iquote -Xcc /Users/apple/Desktop/【项目的游戏】/deliveries/obr_n_1778783313507_afbqdj/ios-app/build/LumaSense.build/Debug-iphonesimulator/LumaSense.build/LumaSense-project-headers.hmap -Xcc -I/Users/apple/Desktop/【项目的游戏】/deliveries/obr_n_1778783313507_afbqdj/ios-app/build/Debug-iphonesimulator/include -Xcc -I/Users/apple/Desktop/【项目的游戏】/deliveries/obr_n_1778783313507_afbqdj/ios-app/build/LumaSense.build/Debug-iphonesimulator/LumaSense.build/DerivedSources-normal/x86_64 -Xcc -I/Users/apple/Desktop/【项目的游戏】/deliveries/obr_n_1778783313507_afbqdj/ios-app/build/LumaSense.build/Debug-iphonesimulator/LumaSense.build/DerivedSources/x86_64 -Xcc -I/Users/apple/Desktop/【项目的游戏】/deliveries/obr_n_1778783313507_afbqdj/ios-app/build/LumaSense.build/Debug-iphonesimulator/LumaSense.build/DerivedSources -Xcc -DDEBUG\=1 -emit-objc-header -emit-objc-header-path /Users/apple/Desktop/【项目的游戏】/deliveries/obr_n_1778783313507_afbqdj/ios-app/build/LumaSense.build/Debug-iphonesimulator/LumaSense.build/Objects-normal/x86_64/LumaSense-Swift.h -working-directory /Users/apple/Desktop/【项目的游戏】/deliveries/obr_n_1778783313507_afbqdj/ios-app -experimental-emit-module-separately -disable-cmo

SwiftExplicitDependencyGeneratePcm arm64 /Users/apple/Desktop/【项目的游戏】/deliveries/obr_n_1778783313507_afbqdj/ios-app/build/SwiftExplicitPrecompiledModules/_Builtin_stdarg-1VVWIULAOSNG3V5G6U23FR5TG.pcm

SwiftExplicitDependencyGeneratePcm arm64 /Users/apple/Desktop/【项目的游戏】/deliveries/obr_n_1778783313507_afbqdj/ios-app/build/SwiftExplicitPrecompiledModules/_Builtin_stddef-BWNZ6GC2OGQTLZZ8B63B2HEJN.pcm

SwiftExplicitDependencyGeneratePcm x86_64 /Users/apple/Desktop/【项目的游戏】/deliveries/obr_n_1778783313507_afbqdj/ios-app/build/SwiftExplicitPrecompiledModules/_Builtin_stdbool-13KISVGRW9WVWQ6VU5A02WK9L.pcm

SwiftExplicitDependencyGeneratePcm x86_64 /Users/apple/Desktop/【项目的游戏】/deliveries/obr_n_1778783313507_afbqdj/ios-app/build/SwiftExplicitPrecompiledModules/SwiftShims-AT6TA4C28KWCM5A806RE3FP8F.pcm

SwiftExplicitDependencyGeneratePcm arm64 /Users/apple/Desktop/【项目的游戏】/deliveries/obr_n_1778783313507_afbqdj/ios-app/build/SwiftExplicitPrecompiledModules/_Builtin_stdbool-67C8MBQ4PVHBJNRPLE8LMEOBR.pcm

SwiftExplicitDependencyGeneratePcm arm64 /Users/apple/Desktop/【项目的游戏】/deliveries/obr_n_1778783313507_afbqdj/ios-app/build/SwiftExplicitPrecompiledModules/ptrauth-9ZEPA3NEP3WZ7U5C4S3C28AZQ.pcm

SwiftExplicitDependencyGeneratePcm arm64 /Users/apple/Desktop/【项目的游戏】/deliveries/obr_n_1778783313507_afbqdj/ios-app/build/SwiftExplicitPrecompiledModules/SwiftShims-LJL8MYB0L1KGB3WJG4TI1KA4.pcm

SwiftExplicitDependencyGeneratePcm x86_64 /Users/apple/Desktop/【项目的游戏】/deliveries/obr_n_1778783313507_afbqdj/ios-app/build/SwiftExplicitPrecompiledModules/_Builtin_float-9XP1PDO9EUJEQGZFWZHQM2S0K.pcm

SwiftExplicitDependencyGeneratePcm x86_64 /Users/apple/Desktop/【项目的游戏】/deliveries/obr_n_1778783313507_afbqdj/ios-app/build/SwiftExplicitPrecompiledModules/ptrauth-BZJ13BMEZM5W65BD4SFTRXTZQ.pcm

SwiftExplicitDependencyGeneratePcm x86_64 /Users/apple/Desktop/【项目的游戏】/deliveries/obr_n_1778783313507_afbqdj/ios-app/build/SwiftExplicitPrecompiledModules/_Builtin_stddef-CB6OQLUKYNGB03VOEFACR261C.pcm

SwiftExplicitDependencyGeneratePcm x86_64 /Users/apple/Desktop/【项目的游戏】/deliveries/obr_n_1778783313507_afbqdj/ios-app/build/SwiftExplicitPrecompiledModules/DeveloperToolsSupport-A8FVETT9GBFWVA4OHIIDEFZB7.pcm

SwiftExplicitDependencyGeneratePcm arm64 /Users/apple/Desktop/【项目的游戏】/deliveries/obr_n_1778783313507_afbqdj/ios-app/build/SwiftExplicitPrecompiledModules/_AvailabilityInternal-4TO37R2EBXR60YQS16UVE5MBQ.pcm

SwiftExplicitDependencyGeneratePcm x86_64 /Users/apple/Desktop/【项目的游戏】/deliveries/obr_n_1778783313507_afbqdj/ios-app/build/SwiftExplicitPrecompiledModules/_SwiftConcurrencyShims-322LHB8TFT2JCB3UUIK3OEQAM.pcm

SwiftExplicitDependencyGeneratePcm x86_64 /Users/apple/Desktop/【项目的游戏】/deliveries/obr_n_1778783313507_afbqdj/ios-app/build/SwiftExplicitPrecompiledModules/_AvailabilityInternal-6RT0590CCABMF2SC8Z820JKB1.pcm

SwiftExplicitDependencyGeneratePcm x86_64 /Users/apple/Desktop/【项目的游戏】/deliveries/obr_n_1778783313507_afbqdj/ios-app/build/SwiftExplicitPrecompiledModules/_Builtin_stdarg-7N1BWSTQ43HJL2S4OUM93PBF4.pcm

SwiftExplicitDependencyGeneratePcm arm64 /Users/apple/Desktop/【项目的游戏】/deliveries/obr_n_1778783313507_afbqdj/ios-app/build/SwiftExplicitPrecompiledModules/_Builtin_float-DIHKE2X6QR616JBFYWUN6A2QA.pcm

SwiftExplicitDependencyGeneratePcm arm64 /Users/apple/Desktop/【项目的游戏】/deliveries/obr_n_1778783313507_afbqdj/ios-app/build/SwiftExplicitPrecompiledModules/ptrcheck-BX3SUMMPNSTJ15DZNQSRSFBDO.pcm

SwiftExplicitDependencyGeneratePcm arm64 /Users/apple/Desktop/【项目的游戏】/deliveries/obr_n_1778783313507_afbqdj/ios-app/build/SwiftExplicitPrecompiledModules/DeveloperToolsSupport-E5275H45AFFA8SO2NC78H5EAJ.pcm

SwiftExplicitDependencyGeneratePcm x86_64 /Users/apple/Desktop/【项目的游戏】/deliveries/obr_n_1778783313507_afbqdj/ios-app/build/SwiftExplicitPrecompiledModules/ptrcheck-4FCTT3EKF50KMJGXF8FX80JZ6.pcm

SwiftExplicitDependencyGeneratePcm arm64 /Users/apple/Desktop/【项目的游戏】/deliveries/obr_n_1778783313507_afbqdj/ios-app/build/SwiftExplicitPrecompiledModules/_SwiftConcurrencyShims-DOBYIAC2WQ50XH72BRBO5EO8R.pcm

SwiftExplicitDependencyGeneratePcm arm64 /Users/apple/Desktop/【项目的游戏】/deliveries/obr_n_1778783313507_afbqdj/ios-app/build/SwiftExplicitPrecompiledModules/_DarwinFoundation1-6AVP60LQLTB9FUMZOA5R8FQJ8.pcm

SwiftExplicitDependencyGeneratePcm x86_64 /Users/apple/Desktop/【项目的游戏】/deliveries/obr_n_1778783313507_afbqdj/ios-app/build/SwiftExplicitPrecompiledModules/_DarwinFoundation1-A5AFB88F288SHJ8NL79IFV2S0.pcm

SwiftExplicitDependencyGeneratePcm x86_64 /Users/apple/Desktop/【项目的游戏】/deliveries/obr_n_1778783313507_afbqdj/ios-app/build/SwiftExplicitPrecompiledModules/_Builtin_limits-3DW2ISXGLL7NBWEMPMCASDNWH.pcm

SwiftExplicitDependencyGeneratePcm x86_64 /Users/apple/Desktop/【项目的游戏】/deliveries/obr_n_1778783313507_afbqdj/ios-app/build/SwiftExplicitPrecompiledModules/_DarwinFoundation2-894U91MY25JKPI4GHANLKW5YF.pcm

SwiftExplicitDependencyGeneratePcm arm64 /Users/apple/Desktop/【项目的游戏】/deliveries/obr_n_1778783313507_afbqdj/ios-app/build/SwiftExplicitPrecompiledModules/_DarwinFoundation2-L1ORWXU7PODRMY19A9TJ6E62.pcm

SwiftExplicitDependencyGeneratePcm arm64 /Users/apple/Desktop/【项目的游戏】/deliveries/obr_n_1778783313507_afbqdj/ios-app/build/SwiftExplicitPrecompiledModules/_Builtin_limits-2YFY38JYG8NS7X2Y7AEONVKZE.pcm

SwiftExplicitDependencyGeneratePcm x86_64 /Users/apple/Desktop/【项目的游戏】/deliveries/obr_n_1778783313507_afbqdj/ios-app/build/SwiftExplicitPrecompiledModules/_Builtin_tgmath-DYRHAES8IWTLPFI8TKFR0149N.pcm

SwiftExplicitDependencyGeneratePcm x86_64 /Users/apple/Desktop/【项目的游戏】/deliveries/obr_n_1778783313507_afbqdj/ios-app/build/SwiftExplicitPrecompiledModules/_Builtin_stdint-U8X4CCNIMLUA175XNZS0XII0.pcm

SwiftExplicitDependencyGeneratePcm x86_64 /Users/apple/Desktop/【项目的游戏】/deliveries/obr_n_1778783313507_afbqdj/ios-app/build/SwiftExplicitPrecompiledModules/sys_types-75MWQOQ952ZF0RJ5CP72VCWO2.pcm

SwiftExplicitDependencyGeneratePcm arm64 /Users/apple/Desktop/【项目的游戏】/deliveries/obr_n_1778783313507_afbqdj/ios-app/build/SwiftExplicitPrecompiledModules/_Builtin_stdint-89Q62C1HXCX4N6WWI1FXPS1UM.pcm

SwiftExplicitDependencyGeneratePcm arm64 /Users/apple/Desktop/【项目的游戏】/deliveries/obr_n_1778783313507_afbqdj/ios-app/build/SwiftExplicitPrecompiledModules/sys_types-1D7PECW4ZNTHX9T0KZ0GH6CVE.pcm

SwiftExplicitDependencyGeneratePcm arm64 /Users/apple/Desktop/【项目的游戏】/deliveries/obr_n_1778783313507_afbqdj/ios-app/build/SwiftExplicitPrecompiledModules/_Builtin_tgmath-2H1RX43TVONEXLDB6GSYWBHTK.pcm

SwiftExplicitDependencyGeneratePcm arm64 /Users/apple/Desktop/【项目的游戏】/deliveries/obr_n_1778783313507_afbqdj/ios-app/build/SwiftExplicitPrecompiledModules/_Builtin_intrinsics-7QEWN5UTTFH96B2AP1J1N5Y2D.pcm

SwiftExplicitDependencyGeneratePcm arm64 /Users/apple/Desktop/【项目的游戏】/deliveries/obr_n_1778783313507_afbqdj/ios-app/build/SwiftExplicitPrecompiledModules/_Builtin_stdatomic-1UR3KSKIEJZK6TRSHTQPMY16X.pcm

SwiftExplicitDependencyGeneratePcm arm64 /Users/apple/Desktop/【项目的游戏】/deliveries/obr_n_1778783313507_afbqdj/ios-app/build/SwiftExplicitPrecompiledModules/_DarwinFoundation3-4CZPXZIADJQP3M523L1VW6P4Y.pcm

SwiftExplicitDependencyGeneratePcm x86_64 /Users/apple/Desktop/【项目的游戏】/deliveries/obr_n_1778783313507_afbqdj/ios-app/build/SwiftExplicitPrecompiledModules/_Builtin_stdatomic-C03KVPDFY2LTR9YJBME0S8H9A.pcm

SwiftExplicitDependencyGeneratePcm x86_64 /Users/apple/Desktop/【项目的游戏】/deliveries/obr_n_1778783313507_afbqdj/ios-app/build/SwiftExplicitPrecompiledModules/_DarwinFoundation3-A4SOHRBMVHHTEZWP5BY6T31GF.pcm

SwiftExplicitDependencyGeneratePcm x86_64 /Users/apple/Desktop/【项目的游戏】/deliveries/obr_n_1778783313507_afbqdj/ios-app/build/SwiftExplicitPrecompiledModules/_Builtin_intrinsics-9QK4WLTTNKG5A147SIG7XTFIX.pcm

SwiftExplicitDependencyGeneratePcm x86_64 /Users/apple/Desktop/【项目的游戏】/deliveries/obr_n_1778783313507_afbqdj/ios-app/build/SwiftExplicitPrecompiledModules/_Builtin_inttypes-V9HHE4PWJJHO5GOLW0OUAQH7.pcm

SwiftExplicitDependencyGeneratePcm arm64 /Users/apple/Desktop/【项目的游戏】/deliveries/obr_n_1778783313507_afbqdj/ios-app/build/SwiftExplicitPrecompiledModules/_Builtin_inttypes-APT6IVDI624SZA1AVE12ZGGQP.pcm

SwiftExplicitDependencyGeneratePcm x86_64 /Users/apple/Desktop/【项目的游戏】/deliveries/obr_n_1778783313507_afbqdj/ios-app/build/SwiftExplicitPrecompiledModules/Darwin-5PFC4MYG3AL9XMID6ZU2DPI06.pcm

SwiftExplicitDependencyGeneratePcm arm64 /Users/apple/Desktop/【项目的游戏】/deliveries/obr_n_1778783313507_afbqdj/ios-app/build/SwiftExplicitPrecompiledModules/Darwin-2LXX83OQU777ADNJAEGA8RG7X.pcm

SwiftExplicitDependencyGeneratePcm arm64 /Users/apple/Desktop/【项目的游戏】/deliveries/obr_n_1778783313507_afbqdj/ios-app/build/SwiftExplicitPrecompiledModules/simd-4JVNSFADRKKYCA13ZYYQO6F3L.pcm

SwiftExplicitDependencyGeneratePcm x86_64 /Users/apple/Desktop/【项目的游戏】/deliveries/obr_n_1778783313507_afbqdj/ios-app/build/SwiftExplicitPrecompiledModules/MachO-54H9OP6CN5PQJZNTE8SJDG9SM.pcm

SwiftExplicitDependencyGeneratePcm x86_64 /Users/apple/Desktop/【项目的游戏】/deliveries/obr_n_1778783313507_afbqdj/ios-app/build/SwiftExplicitPrecompiledModules/ObjectiveC-7MJNY6PMRATXWJRCEDE9RDHS4.pcm

SwiftExplicitDependencyGeneratePcm arm64 /Users/apple/Desktop/【项目的游戏】/deliveries/obr_n_1778783313507_afbqdj/ios-app/build/SwiftExplicitPrecompiledModules/ObjectiveC-7DVZ7N7CFVC5KQKTLL6FGJNM6.pcm

SwiftExplicitDependencyGeneratePcm arm64 /Users/apple/Desktop/【项目的游戏】/deliveries/obr_n_1778783313507_afbqdj/ios-app/build/SwiftExplicitPrecompiledModules/MachO-2POR5CEG0N6SAEYOKYYWFC81D.pcm

SwiftExplicitDependencyGeneratePcm x86_64 /Users/apple/Desktop/【项目的游戏】/deliveries/obr_n_1778783313507_afbqdj/ios-app/build/SwiftExplicitPrecompiledModules/simd-CEEGEUZ2JUJBV6ZG1T3VC7S6H.pcm

SwiftExplicitDependencyGeneratePcm x86_64 /Users/apple/Desktop/【项目的游戏】/deliveries/obr_n_1778783313507_afbqdj/ios-app/build/SwiftExplicitPrecompiledModules/os_object-8BH8DEBI28VNEEYYPLVTKMKEX.pcm

SwiftExplicitDependencyGeneratePcm arm64 /Users/apple/Desktop/【项目的游戏】/deliveries/obr_n_1778783313507_afbqdj/ios-app/build/SwiftExplicitPrecompiledModules/os_object-E9BS2LVNE7X33P0I5UHW3OL92.pcm

SwiftExplicitDependencyGeneratePcm x86_64 /Users/apple/Desktop/【项目的游戏】/deliveries/obr_n_1778783313507_afbqdj/ios-app/build/SwiftExplicitPrecompiledModules/os_workgroup-8XLY1ZL4K6UU1QRHACBTZUWTJ.pcm

SwiftExplicitDependencyGeneratePcm arm64 /Users/apple/Desktop/【项目的游戏】/deliveries/obr_n_1778783313507_afbqdj/ios-app/build/SwiftExplicitPrecompiledModules/os_workgroup-E38UJUM22ZWJZQCS965NC02EY.pcm

SwiftExplicitDependencyGeneratePcm arm64 /Users/apple/Desktop/【项目的游戏】/deliveries/obr_n_1778783313507_afbqdj/ios-app/build/SwiftExplicitPrecompiledModules/Spatial-E9F96CP015C1Y67XZ5999A6TR.pcm

SwiftExplicitDependencyGeneratePcm x86_64 /Users/apple/Desktop/【项目的游戏】/deliveries/obr_n_1778783313507_afbqdj/ios-app/build/SwiftExplicitPrecompiledModules/Dispatch-CQ6J5YGKU6FZZVFY52UZL5YY.pcm

SwiftExplicitDependencyGeneratePcm arm64 /Users/apple/Desktop/【项目的游戏】/deliveries/obr_n_1778783313507_afbqdj/ios-app/build/SwiftExplicitPrecompiledModules/Dispatch-I71X17ZJCUW0UDTM9MCVSKOI.pcm

SwiftExplicitDependencyGeneratePcm x86_64 /Users/apple/Desktop/【项目的游戏】/deliveries/obr_n_1778783313507_afbqdj/ios-app/build/SwiftExplicitPrecompiledModules/XPC-657HIA0PAYOJRABCA56NXW160.pcm

SwiftExplicitDependencyGeneratePcm x86_64 /Users/apple/Desktop/【项目的游戏】/deliveries/obr_n_1778783313507_afbqdj/ios-app/build/SwiftExplicitPrecompiledModules/CoreFoundation-1TA0L188BUDZUNRTKF53Z2RC6.pcm

SwiftExplicitDependencyGeneratePcm arm64 /Users/apple/Desktop/【项目的游戏】/deliveries/obr_n_1778783313507_afbqdj/ios-app/build/SwiftExplicitPrecompiledModules/XPC-2MAM75MLMMFX79FS71DDAD3FZ.pcm

SwiftExplicitDependencyGeneratePcm arm64 /Users/apple/Desktop/【项目的游戏】/deliveries/obr_n_1778783313507_afbqdj/ios-app/build/SwiftExplicitPrecompiledModules/CoreFoundation-O2MPIGPUFCKPT77M3HU2VN2R.pcm

SwiftExplicitDependencyGeneratePcm x86_64 /Users/apple/Desktop/【项目的游戏】/deliveries/obr_n_1778783313507_afbqdj/ios-app/build/SwiftExplicitPrecompiledModules/os-9PWU72NHZBPX4ZMXKR26BAKQP.pcm

SwiftExplicitDependencyGeneratePcm arm64 /Users/apple/Desktop/【项目的游戏】/deliveries/obr_n_1778783313507_afbqdj/ios-app/build/SwiftExplicitPrecompiledModules/os-AUCBOK7KPJQPIRTGPBLUBW1P2.pcm

SwiftExplicitDependencyGeneratePcm x86_64 /Users/apple/Desktop/【项目的游戏】/deliveries/obr_n_1778783313507_afbqdj/ios-app/build/SwiftExplicitPrecompiledModules/Security-2W0EOSTHGJ85ECU85D1ARSVBH.pcm

SwiftExplicitDependencyGeneratePcm x86_64 /Users/apple/Desktop/【项目的游戏】/deliveries/obr_n_1778783313507_afbqdj/ios-app/build/SwiftExplicitPrecompiledModules/CoreGraphics-DHELQ5PITQBUF4GQ6JNMG7I0E.pcm

SwiftExplicitDependencyGeneratePcm x86_64 /Users/apple/Desktop/【项目的游戏】/deliveries/obr_n_1778783313507_afbqdj/ios-app/build/SwiftExplicitPrecompiledModules/CFNetwork-E2WYSVG6Z00F1QYTWLTEL72DD.pcm

SwiftExplicitDependencyGeneratePcm x86_64 /Users/apple/Desktop/【项目的游戏】/deliveries/obr_n_1778783313507_afbqdj/ios-app/build/SwiftExplicitPrecompiledModules/Spatial-5U1R2ROZLC7FX0O4THOR979H6.pcm

SwiftExplicitDependencyGeneratePcm arm64 /Users/apple/Desktop/【项目的游戏】/deliveries/obr_n_1778783313507_afbqdj/ios-app/build/SwiftExplicitPrecompiledModules/CoreGraphics-70TOTDNZDRH2SHINBITM1LHFZ.pcm

SwiftExplicitDependencyGeneratePcm arm64 /Users/apple/Desktop/【项目的游戏】/deliveries/obr_n_1778783313507_afbqdj/ios-app/build/SwiftExplicitPrecompiledModules/CFNetwork-N4YKWMJR6WTHRTHYR6ZRY8YJ.pcm

SwiftExplicitDependencyGeneratePcm arm64 /Users/apple/Desktop/【项目的游戏】/deliveries/obr_n_1778783313507_afbqdj/ios-app/build/SwiftExplicitPrecompiledModules/Security-95B4LTO1WL2R3OF7ONGH8KI3W.pcm

SwiftExplicitDependencyGeneratePcm x86_64 /Users/apple/Desktop/【项目的游戏】/deliveries/obr_n_1778783313507_afbqdj/ios-app/build/SwiftExplicitPrecompiledModules/Foundation-26XBV93FA6MSCN6J6JPE0LOS1.pcm

SwiftExplicitDependencyGeneratePcm x86_64 /Users/apple/Desktop/【项目的游戏】/deliveries/obr_n_1778783313507_afbqdj/ios-app/build/SwiftExplicitPrecompiledModules/ImageIO-BN7TSBHUQM24B92YSLMYG0NWS.pcm

SwiftExplicitDependencyGeneratePcm x86_64 /Users/apple/Desktop/【项目的游戏】/deliveries/obr_n_1778783313507_afbqdj/ios-app/build/SwiftExplicitPrecompiledModules/CoreText-3WIICDT6IEGTVB4BGXNGUBSRO.pcm

SwiftExplicitDependencyGeneratePcm arm64 /Users/apple/Desktop/【项目的游戏】/deliveries/obr_n_1778783313507_afbqdj/ios-app/build/SwiftExplicitPrecompiledModules/ImageIO-542XDTHX1B0IR2V1ACQU0LI9O.pcm

SwiftExplicitDependencyGeneratePcm arm64 /Users/apple/Desktop/【项目的游戏】/deliveries/obr_n_1778783313507_afbqdj/ios-app/build/SwiftExplicitPrecompiledModules/CoreText-B1GCXC6RHBL2WON2UWTIJ90KC.pcm

SwiftExplicitDependencyGeneratePcm arm64 /Users/apple/Desktop/【项目的游戏】/deliveries/obr_n_1778783313507_afbqdj/ios-app/build/SwiftExplicitPrecompiledModules/Foundation-25P9EX2O7JF6GTLDJRA1REG66.pcm

SwiftExplicitDependencyGeneratePcm x86_64 /Users/apple/Desktop/【项目的游戏】/deliveries/obr_n_1778783313507_afbqdj/ios-app/build/SwiftExplicitPrecompiledModules/CoreData-CPKBZ9K9PHMORMHKEOZ9OBHFH.pcm

SwiftExplicitDependencyGeneratePcm x86_64 /Users/apple/Desktop/【项目的游戏】/deliveries/obr_n_1778783313507_afbqdj/ios-app/build/SwiftExplicitPrecompiledModules/UIUtilities-7CIU7ZKTT6PHIHOGZ1OV4HDD7.pcm

SwiftExplicitDependencyGeneratePcm x86_64 /Users/apple/Desktop/【项目的游戏】/deliveries/obr_n_1778783313507_afbqdj/ios-app/build/SwiftExplicitPrecompiledModules/OSLog-BAH48ZZN00RRKY7HY7S4X3BJ2.pcm

SwiftExplicitDependencyGeneratePcm x86_64 /Users/apple/Desktop/【项目的游戏】/deliveries/obr_n_1778783313507_afbqdj/ios-app/build/SwiftExplicitPrecompiledModules/UserNotifications-6FWM2XFI1RHNYWGK2HG6GEU6V.pcm

SwiftExplicitDependencyGeneratePcm x86_64 /Users/apple/Desktop/【项目的游戏】/deliveries/obr_n_1778783313507_afbqdj/ios-app/build/SwiftExplicitPrecompiledModules/Symbols-1X9ZNMAFOFWMPC78J6QTEXDMA.pcm

SwiftExplicitDependencyGeneratePcm x86_64 /Users/apple/Desktop/【项目的游戏】/deliveries/obr_n_1778783313507_afbqdj/ios-app/build/SwiftExplicitPrecompiledModules/Accessibility-D15H5T57POEW21FRQXVNCAPBM.pcm

SwiftExplicitDependencyGeneratePcm x86_64 /Users/apple/Desktop/【项目的游戏】/deliveries/obr_n_1778783313507_afbqdj/ios-app/build/SwiftExplicitPrecompiledModules/DataDetection-9BM2FFFM9V3011G6T4SY2DKBE.pcm

SwiftExplicitDependencyGeneratePcm x86_64 /Users/apple/Desktop/【项目的游戏】/deliveries/obr_n_1778783313507_afbqdj/ios-app/build/SwiftExplicitPrecompiledModules/UniformTypeIdentifiers-1A0HWUQZCNE8I4SA604WN41KQ.pcm

SwiftExplicitDependencyGeneratePcm arm64 /Users/apple/Desktop/【项目的游戏】/deliveries/obr_n_1778783313507_afbqdj/ios-app/build/SwiftExplicitPrecompiledModules/CoreData-85KYPSFDL7YG5MOMCGR0U8L6Q.pcm

SwiftExplicitDependencyGeneratePcm arm64 /Users/apple/Desktop/【项目的游戏】/deliveries/obr_n_1778783313507_afbqdj/ios-app/build/SwiftExplicitPrecompiledModules/UniformTypeIdentifiers-B77TV75TNYIN08T3PUSTCSTKM.pcm

SwiftExplicitDependencyGeneratePcm arm64 /Users/apple/Desktop/【项目的游戏】/deliveries/obr_n_1778783313507_afbqdj/ios-app/build/SwiftExplicitPrecompiledModules/UIUtilities-3WLABY44OINEX8GZN35WWS7RO.pcm

SwiftExplicitDependencyGeneratePcm arm64 /Users/apple/Desktop/【项目的游戏】/deliveries/obr_n_1778783313507_afbqdj/ios-app/build/SwiftExplicitPrecompiledModules/IOSurface-5APM0OJBCQJO15Q9YVS27C1ZS.pcm

SwiftExplicitDependencyGeneratePcm arm64 /Users/apple/Desktop/【项目的游戏】/deliveries/obr_n_1778783313507_afbqdj/ios-app/build/SwiftExplicitPrecompiledModules/Symbols-CO9H78Q7MV136HGS5SK8982A7.pcm

SwiftExplicitDependencyGeneratePcm x86_64 /Users/apple/Desktop/【项目的游戏】/deliveries/obr_n_1778783313507_afbqdj/ios-app/build/SwiftExplicitPrecompiledModules/FileProvider-LN7RAMJ17ZBUK2VWFQ446VYG.pcm

SwiftExplicitDependencyGeneratePcm arm64 /Users/apple/Desktop/【项目的游戏】/deliveries/obr_n_1778783313507_afbqdj/ios-app/build/SwiftExplicitPrecompiledModules/FileProvider-2AL14APFETVQF4EHCNLHV2UXK.pcm

SwiftExplicitDependencyGeneratePcm arm64 /Users/apple/Desktop/【项目的游戏】/deliveries/obr_n_1778783313507_afbqdj/ios-app/build/SwiftExplicitPrecompiledModules/Accessibility-E07DZZOBSE9J3E0Q1C7CDFSK.pcm

SwiftExplicitDependencyGeneratePcm arm64 /Users/apple/Desktop/【项目的游戏】/deliveries/obr_n_1778783313507_afbqdj/ios-app/build/SwiftExplicitPrecompiledModules/DataDetection-2XL4N8827QT8K08B1JCS48P0C.pcm

SwiftExplicitDependencyGeneratePcm x86_64 /Users/apple/Desktop/【项目的游戏】/deliveries/obr_n_1778783313507_afbqdj/ios-app/build/SwiftExplicitPrecompiledModules/OpenGLES-F32FYPOPCV5RIV2BNO72K73NF.pcm

SwiftExplicitDependencyGeneratePcm arm64 /Users/apple/Desktop/【项目的游戏】/deliveries/obr_n_1778783313507_afbqdj/ios-app/build/SwiftExplicitPrecompiledModules/UserNotifications-5DFKTVS8D1HYNEHYQARXPL8KE.pcm

SwiftExplicitDependencyGeneratePcm arm64 /Users/apple/Desktop/【项目的游戏】/deliveries/obr_n_1778783313507_afbqdj/ios-app/build/SwiftExplicitPrecompiledModules/OSLog-670S73HNXGZRWBNVBJ0J0MAU7.pcm

SwiftExplicitDependencyGeneratePcm arm64 /Users/apple/Desktop/【项目的游戏】/deliveries/obr_n_1778783313507_afbqdj/ios-app/build/SwiftExplicitPrecompiledModules/Metal-AICBL0LDD5ZVYWK555QX2ZCT0.pcm

SwiftExplicitDependencyGeneratePcm x86_64 /Users/apple/Desktop/【项目的游戏】/deliveries/obr_n_1778783313507_afbqdj/ios-app/build/SwiftExplicitPrecompiledModules/IOSurface-8BCTSUPUW5KHQBLTOEGZGLVEI.pcm

SwiftExplicitDependencyGeneratePcm arm64 /Users/apple/Desktop/【项目的游戏】/deliveries/obr_n_1778783313507_afbqdj/ios-app/build/SwiftExplicitPrecompiledModules/CoreTransferable-818GPV6TH74726UHFJUFG7O45.pcm

SwiftExplicitDependencyGeneratePcm x86_64 /Users/apple/Desktop/【项目的游戏】/deliveries/obr_n_1778783313507_afbqdj/ios-app/build/SwiftExplicitPrecompiledModules/CoreTransferable-9ZYRDEPCV24Y9BJE237J5IE70.pcm

SwiftExplicitDependencyGeneratePcm arm64 /Users/apple/Desktop/【项目的游戏】/deliveries/obr_n_1778783313507_afbqdj/ios-app/build/SwiftExplicitPrecompiledModules/OpenGLES-41ZIIP2HSHTRI3BK4VK6OSUK2.pcm

SwiftExplicitDependencyGeneratePcm x86_64 /Users/apple/Desktop/【项目的游戏】/deliveries/obr_n_1778783313507_afbqdj/ios-app/build/SwiftExplicitPrecompiledModules/Metal-1PZTDC3UX1R4JE4JWA2SJDN3M.pcm

SwiftExplicitDependencyGeneratePcm arm64 /Users/apple/Desktop/【项目的游戏】/deliveries/obr_n_1778783313507_afbqdj/ios-app/build/SwiftExplicitPrecompiledModules/CoreVideo-3HBK9Z16N1HKZI095AUAW08WC.pcm

SwiftExplicitDependencyGeneratePcm arm64 /Users/apple/Desktop/【项目的游戏】/deliveries/obr_n_1778783313507_afbqdj/ios-app/build/SwiftExplicitPrecompiledModules/CoreImage-B8SHZL5DNLI7CNV8LN5SYV2TF.pcm

SwiftExplicitDependencyGeneratePcm arm64 /Users/apple/Desktop/【项目的游戏】/deliveries/obr_n_1778783313507_afbqdj/ios-app/build/SwiftExplicitPrecompiledModules/QuartzCore-62KYOXHKK92LXCXN622SY9BWZ.pcm

SwiftExplicitDependencyGeneratePcm x86_64 /Users/apple/Desktop/【项目的游戏】/deliveries/obr_n_1778783313507_afbqdj/ios-app/build/SwiftExplicitPrecompiledModules/CoreVideo-CH2J2T8W4ZFTA4HLGTDJX23XZ.pcm

SwiftExplicitDependencyGeneratePcm arm64 /Users/apple/Desktop/【项目的游戏】/deliveries/obr_n_1778783313507_afbqdj/ios-app/build/SwiftExplicitPrecompiledModules/SwiftUICore-C0KMLH27NL3HTKO8NSDKQQTZT.pcm

SwiftExplicitDependencyGeneratePcm arm64 /Users/apple/Desktop/【项目的游戏】/deliveries/obr_n_1778783313507_afbqdj/ios-app/build/SwiftExplicitPrecompiledModules/UIKit-6CL8EHGJST3O1IHQ4OMYLBWTV.pcm

SwiftExplicitDependencyGeneratePcm x86_64 /Users/apple/Desktop/【项目的游戏】/deliveries/obr_n_1778783313507_afbqdj/ios-app/build/SwiftExplicitPrecompiledModules/QuartzCore-10JSWH5REBSTW3HAH8AGQCRX3.pcm

SwiftExplicitDependencyGeneratePcm x86_64 /Users/apple/Desktop/【项目的游戏】/deliveries/obr_n_1778783313507_afbqdj/ios-app/build/SwiftExplicitPrecompiledModules/CoreImage-AWR22GJ5OI62B12NP9J9SRF31.pcm

LinkStoryboards (in target 'LumaSense' from project 'LumaSense')
    cd /Users/apple/Desktop/【项目的游戏】/deliveries/obr_n_1778783313507_afbqdj/ios-app
    /Applications/Xcode.app/Contents/Developer/usr/bin/ibtool --errors --warnings --notices --module LumaSense --target-device iphone --minimum-deployment-target 17.0 --output-format human-readable-text --link /Users/apple/Desktop/【项目的游戏】/deliveries/obr_n_1778783313507_afbqdj/ios-app/build/Debug-iphonesimulator/LumaSense.app /Users/apple/Desktop/【项目的游戏】/deliveries/obr_n_1778783313507_afbqdj/ios-app/build/LumaSense.build/Debug-iphonesimulator/LumaSense.build/LaunchScreen.storyboardc

SwiftExplicitDependencyGeneratePcm x86_64 /Users/apple/Desktop/【项目的游戏】/deliveries/obr_n_1778783313507_afbqdj/ios-app/build/SwiftExplicitPrecompiledModules/SwiftUICore-2JVR58L6JNY5W5AKDCBFINJIQ.pcm

SwiftExplicitDependencyGeneratePcm x86_64 /Users/apple/Desktop/【项目的游戏】/deliveries/obr_n_1778783313507_afbqdj/ios-app/build/SwiftExplicitPrecompiledModules/UIKit-4A1AGX3XB2JJKEU27I4AAQX3F.pcm

SwiftExplicitDependencyGeneratePcm arm64 /Users/apple/Desktop/【项目的游戏】/deliveries/obr_n_1778783313507_afbqdj/ios-app/build/SwiftExplicitPrecompiledModules/SwiftUI-C3545JS3H0QJ27BMSQPDX1KCQ.pcm

SwiftEmitModule normal arm64 Emitting\ module\ for\ LumaSense (in target 'LumaSense' from project 'LumaSense')

EmitSwiftModule normal arm64 (in target 'LumaSense' from project 'LumaSense')
    cd /Users/apple/Desktop/【项目的游戏】/deliveries/obr_n_1778783313507_afbqdj/ios-app
    

SwiftCompile normal arm64 Compiling\ WorkflowPlan.swift /Users/apple/Desktop/【项目的游戏】/deliveries/obr_n_1778783313507_afbqdj/ios-app/LumaSense/Features/WorkflowPlan.swift (in target 'LumaSense' from project 'LumaSense')

SwiftCompile normal arm64 /Users/apple/Desktop/【项目的游戏】/deliveries/obr_n_1778783313507_afbqdj/ios-app/LumaSense/Features/WorkflowPlan.swift (in target 'LumaSense' from project 'LumaSense')
    cd /Users/apple/Desktop/【项目的游戏】/deliveries/obr_n_1778783313507_afbqdj/ios-app
    

SwiftCompile normal arm64 Compiling\ GeneratedAssetSymbols.swift /Users/apple/Desktop/【项目的游戏】/deliveries/obr_n_1778783313507_afbqdj/ios-app/build/LumaSense.build/Debug-iphonesimulator/LumaSense.build/DerivedSources/GeneratedAssetSymbols.swift (in target 'LumaSense' from project 'LumaSense')

SwiftCompile normal arm64 /Users/apple/Desktop/【项目的游戏】/deliveries/obr_n_1778783313507_afbqdj/ios-app/build/LumaSense.build/Debug-iphonesimulator/LumaSense.build/DerivedSources/GeneratedAssetSymbols.swift (in target 'LumaSense' from project 'LumaSense')
    cd /Users/apple/Desktop/【项目的游戏】/deliveries/obr_n_1778783313507_afbqdj/ios-app
    

SwiftCompile normal arm64 Compiling\ LumaSenseApp.swift /Users/apple/Desktop/【项目的游戏】/deliveries/obr_n_1778783313507_afbqdj/ios-app/LumaSense/LumaSenseApp.swift (in target 'LumaSense' from project 'LumaSense')

SwiftCompile normal arm64 /Users/apple/Desktop/【项目的游戏】/deliveries/obr_n_1778783313507_afbqdj/ios-app/LumaSense/LumaSenseApp.swift (in target 'LumaSense' from project 'LumaSense')
    cd /Users/apple/Desktop/【项目的游戏】/deliveries/obr_n_1778783313507_afbqdj/ios-app
    

SwiftCompile normal arm64 Compiling\ ContentView.swift /Users/apple/Desktop/【项目的游戏】/deliveries/obr_n_1778783313507_afbqdj/ios-app/LumaSense/ContentView.swift (in target 'LumaSense' from project 'LumaSense')
SwiftCompile normal arm64 /Users/apple/Desktop/【项目的游戏】/deliveries/obr_n_1778783313507_afbqdj/ios-app/LumaSense/ContentView.swift (in target 'LumaSense' from project 'LumaSense')
    cd /Users/apple/Desktop/【项目的游戏】/deliveries/obr_n_1778783313507_afbqdj/ios-app
    

SwiftExplicitDependencyGeneratePcm x86_64 /Users/apple/Desktop/【项目的游戏】/deliveries/obr_n_1778783313507_afbqdj/ios-app/build/SwiftExplicitPrecompiledModules/SwiftUI-81QICLZGMUPPQTFIURK5YLJDK.pcm

SwiftEmitModule normal x86_64 Emitting\ module\ for\ LumaSense (in target 'LumaSense' from project 'LumaSense')

EmitSwiftModule normal x86_64 (in target 'LumaSense' from project 'LumaSense')
    cd /Users/apple/Desktop/【项目的游戏】/deliveries/obr_n_1778783313507_afbqdj/ios-app
    

SwiftCompile normal x86_64 Compiling\ WorkflowPlan.swift /Users/apple/Desktop/【项目的游戏】/deliveries/obr_n_1778783313507_afbqdj/ios-app/LumaSense/Features/WorkflowPlan.swift (in target 'LumaSense' from project 'LumaSense')

SwiftCompile normal x86_64 /Users/apple/Desktop/【项目的游戏】/deliveries/obr_n_1778783313507_afbqdj/ios-app/LumaSense/Features/WorkflowPlan.swift (in target 'LumaSense' from project 'LumaSense')
    cd /Users/apple/Desktop/【项目的游戏】/deliveries/obr_n_1778783313507_afbqdj/ios-app
    

SwiftCompile normal x86_64 Compiling\ GeneratedAssetSymbols.swift /Users/apple/Desktop/【项目的游戏】/deliveries/obr_n_1778783313507_afbqdj/ios-app/build/LumaSense.build/Debug-iphonesimulator/LumaSense.build/DerivedSources/GeneratedAssetSymbols.swift (in target 'LumaSense' from project 'LumaSense')

SwiftCompile normal x86_64 /Users/apple/Desktop/【项目的游戏】/deliveries/obr_n_1778783313507_afbqdj/ios-app/build/LumaSense.build/Debug-iphonesimulator/LumaSense.build/DerivedSources/GeneratedAssetSymbols.swift (in target 'LumaSense' from project 'LumaSense')
    cd /Users/apple/Desktop/【项目的游戏】/deliveries/obr_n_1778783313507_afbqdj/ios-app
    

SwiftCompile normal x86_64 Compiling\ LumaSenseApp.swift /Users/apple/Desktop/【项目的游戏】/deliveries/obr_n_1778783313507_afbqdj/ios-app/LumaSense/LumaSenseApp.swift (in target 'LumaSense' from project 'LumaSense')

SwiftCompile normal x86_64 /Users/apple/Desktop/【项目的游戏】/deliveries/obr_n_1778783313507_afbqdj/ios-app/LumaSense/LumaSenseApp.swift (in target 'LumaSense' from project 'LumaSense')
    cd /Users/apple/Desktop/【项目的游戏】/deliveries/obr_n_1778783313507_afbqdj/ios-app
    

SwiftCompile normal x86_64 Compiling\ ContentView.swift /Users/apple/Desktop/【项目的游戏】/deliveries/obr_n_1778783313507_afbqdj/ios-app/LumaSense/ContentView.swift (in target 'LumaSense' from project 'LumaSense')
SwiftCompile normal x86_64 /Users/apple/Desktop/【项目的游戏】/deliveries/obr_n_1778783313507_afbqdj/ios-app/LumaSense/ContentView.swift (in target 'LumaSense' from project 'LumaSense')
    cd /Users/apple/Desktop/【项目的游戏】/deliveries/obr_n_1778783313507_afbqdj/ios-app
    

SwiftDriverJobDiscovery normal arm64 Compiling LumaSenseApp.swift (in target 'LumaSense' from project 'LumaSense')

SwiftDriverJobDiscovery normal arm64 Compiling GeneratedAssetSymbols.swift (in target 'LumaSense' from project 'LumaSense')

SwiftDriverJobDiscovery normal arm64 Compiling WorkflowPlan.swift (in target 'LumaSense' from project 'LumaSense')

SwiftDriverJobDiscovery normal x86_64 Compiling GeneratedAssetSymbols.swift (in target 'LumaSense' from project 'LumaSense')

SwiftDriverJobDiscovery normal x86_64 Compiling WorkflowPlan.swift (in target 'LumaSense' from project 'LumaSense')

SwiftDriverJobDiscovery normal x86_64 Compiling LumaSenseApp.swift (in target 'LumaSense' from project 'LumaSense')

SwiftDriverJobDiscovery normal arm64 Emitting module for LumaSense (in target 'LumaSense' from project 'LumaSense')

SwiftDriver\ Compilation\ Requirements LumaSense normal arm64 com.apple.xcode.tools.swift.compiler (in target 'LumaSense' from project 'LumaSense')
    cd /Users/apple/Desktop/【项目的游戏】/deliveries/obr_n_1778783313507_afbqdj/ios-app
    builtin-Swift-Compilation-Requirements -- /Applications/Xcode.app/Contents/Developer/Toolchains/XcodeDefault.xctoolchain/usr/bin/swiftc -module-name LumaSense -Onone @/Users/apple/Desktop/【项目的游戏】/deliveries/obr_n_1778783313507_afbqdj/ios-app/build/LumaSense.build/Debug-iphonesimulator/LumaSense.build/Objects-normal/arm64/LumaSense.SwiftFileList -DDEBUG -enable-bare-slash-regex -enable-experimental-feature DebugDescriptionMacro -sdk /Applications/Xcode.app/Contents/Developer/Platforms/iPhoneSimulator.platform/Developer/SDKs/iPhoneSimulator26.4.sdk -target arm64-apple-ios17.0-simulator -g -Xfrontend -serialize-debugging-options -enable-testing -Xcc -D_LIBCPP_HARDENING_MODE\=_LIBCPP_HARDENING_MODE_DEBUG -swift-version 5 -I /Users/apple/Desktop/【项目的游戏】/deliveries/obr_n_1778783313507_afbqdj/ios-app/build/Debug-iphonesimulator -F /Users/apple/Desktop/【项目的游戏】/deliveries/obr_n_1778783313507_afbqdj/ios-app/build/Debug-iphonesimulator -emit-localized-strings -emit-localized-strings-path /Users/apple/Desktop/【项目的游戏】/deliveries/obr_n_1778783313507_afbqdj/ios-app/build/LumaSense.build/Debug-iphonesimulator/LumaSense.build/Objects-normal/arm64 -c -j10 -enable-batch-mode -incremental -Xcc -ivfsstatcache -Xcc /var/folders/mc/h01_nd994qd7n0c83d8z536c0000gn/C/com.apple.DeveloperTools/26.4.1-17E202/Xcode/SDKStatCaches.noindex/iphonesimulator26.4-23E252-686eebb5dc1d8ecb277353a59184f4aa.sdkstatcache -output-file-map /Users/apple/Desktop/【项目的游戏】/deliveries/obr_n_1778783313507_afbqdj/ios-app/build/LumaSense.build/Debug-iphonesimulator/LumaSense.build/Objects-normal/arm64/LumaSense-OutputFileMap.json -use-frontend-parseable-output -save-temps -no-color-diagnostics -explicit-module-build -module-cache-path /Users/apple/Desktop/【项目的游戏】/deliveries/obr_n_1778783313507_afbqdj/ios-app/build/SwiftExplicitPrecompiledModules -serialize-diagnostics -emit-dependencies -emit-module -emit-module-path /Users/apple/Desktop/【项目的游戏】/deliveries/obr_n_1778783313507_afbqdj/ios-app/build/LumaSense.build/Debug-iphonesimulator/LumaSense.build/Objects-normal/arm64/LumaSense.swiftmodule -validate-clang-modules-once -clang-build-session-file /var/folders/mc/h01_nd994qd7n0c83d8z536c0000gn/C/org.llvm.clang/ModuleCache.noindex/Session.modulevalidation -Xcc -I/Users/apple/Desktop/【项目的游戏】/deliveries/obr_n_1778783313507_afbqdj/ios-app/build/LumaSense.build/Debug-iphonesimulator/LumaSense.build/swift-overrides.hmap -emit-const-values -Xfrontend -const-gather-protocols-file -Xfrontend /Users/apple/Desktop/【项目的游戏】/deliveries/obr_n_1778783313507_afbqdj/ios-app/build/LumaSense.build/Debug-iphonesimulator/LumaSense.build/Objects-normal/arm64/LumaSense_const_extract_protocols.json -Xcc -iquote -Xcc /Users/apple/Desktop/【项目的游戏】/deliveries/obr_n_1778783313507_afbqdj/ios-app/build/LumaSense.build/Debug-iphonesimulator/LumaSense.build/LumaSense-generated-files.hmap -Xcc -I/Users/apple/Desktop/【项目的游戏】/deliveries/obr_n_1778783313507_afbqdj/ios-app/build/LumaSense.build/Debug-iphonesimulator/LumaSense.build/LumaSense-own-target-headers.hmap -Xcc -I/Users/apple/Desktop/【项目的游戏】/deliveries/obr_n_1778783313507_afbqdj/ios-app/build/LumaSense.build/Debug-iphonesimulator/LumaSense.build/LumaSense-all-target-headers.hmap -Xcc -iquote -Xcc /Users/apple/Desktop/【项目的游戏】/deliveries/obr_n_1778783313507_afbqdj/ios-app/build/LumaSense.build/Debug-iphonesimulator/LumaSense.build/LumaSense-project-headers.hmap -Xcc -I/Users/apple/Desktop/【项目的游戏】/deliveries/obr_n_1778783313507_afbqdj/ios-app/build/Debug-iphonesimulator/include -Xcc -I/Users/apple/Desktop/【项目的游戏】/deliveries/obr_n_1778783313507_afbqdj/ios-app/build/LumaSense.build/Debug-iphonesimulator/LumaSense.build/DerivedSources-normal/arm64 -Xcc -I/Users/apple/Desktop/【项目的游戏】/deliveries/obr_n_1778783313507_afbqdj/ios-app/build/LumaSense.build/Debug-iphonesimulator/LumaSense.build/DerivedSources/arm64 -Xcc -I/Users/apple/Desktop/【项目的游戏】/deliveries/obr_n_1778783313507_afbqdj/ios-app/build/LumaSense.build/Debug-iphonesimulator/LumaSense.build/DerivedSources -Xcc -DDEBUG\=1 -emit-objc-header -emit-objc-header-path /Users/apple/Desktop/【项目的游戏】/deliveries/obr_n_1778783313507_afbqdj/ios-app/build/LumaSense.build/Debug-iphonesimulator/LumaSense.build/Objects-normal/arm64/LumaSense-Swift.h -working-directory /Users/apple/Desktop/【项目的游戏】/deliveries/obr_n_1778783313507_afbqdj/ios-app -experimental-emit-module-separately -disable-cmo

Copy /Users/apple/Desktop/【项目的游戏】/deliveries/obr_n_1778783313507_afbqdj/ios-app/build/Debug-iphonesimulator/LumaSense.swiftmodule/arm64-apple-ios-simulator.abi.json /Users/apple/Desktop/【项目的游戏】/deliveries/obr_n_1778783313507_afbqdj/ios-app/build/LumaSense.build/Debug-iphonesimulator/LumaSense.build/Objects-normal/arm64/LumaSense.abi.json (in target 'LumaSense' from project 'LumaSense')
    cd /Users/apple/Desktop/【项目的游戏】/deliveries/obr_n_1778783313507_afbqdj/ios-app
    builtin-copy -exclude .DS_Store -exclude CVS -exclude .svn -exclude .git -exclude .hg -resolve-src-symlinks -rename /Users/apple/Desktop/【项目的游戏】/deliveries/obr_n_1778783313507_afbqdj/ios-app/build/LumaSense.build/Debug-iphonesimulator/LumaSense.build/Objects-normal/arm64/LumaSense.abi.json /Users/apple/Desktop/【项目的游戏】/deliveries/obr_n_1778783313507_afbqdj/ios-app/build/Debug-iphonesimulator/LumaSense.swiftmodule/arm64-apple-ios-simulator.abi.json

Copy /Users/apple/Desktop/【项目的游戏】/deliveries/obr_n_1778783313507_afbqdj/ios-app/build/Debug-iphonesimulator/LumaSense.swiftmodule/arm64-apple-ios-simulator.swiftmodule /Users/apple/Desktop/【项目的游戏】/deliveries/obr_n_1778783313507_afbqdj/ios-app/build/LumaSense.build/Debug-iphonesimulator/LumaSense.build/Objects-normal/arm64/LumaSense.swiftmodule (in target 'LumaSense' from project 'LumaSense')
    cd /Users/apple/Desktop/【项目的游戏】/deliveries/obr_n_1778783313507_afbqdj/ios-app
    builtin-copy -exclude .DS_Store -exclude CVS -exclude .svn -exclude .git -exclude .hg -resolve-src-symlinks -rename /Users/apple/Desktop/【项目的游戏】/deliveries/obr_n_1778783313507_afbqdj/ios-app/build/LumaSense.build/Debug-iphonesimulator/LumaSense.build/Objects-normal/arm64/LumaSense.swiftmodule /Users/apple/Desktop/【项目的游戏】/deliveries/obr_n_1778783313507_afbqdj/ios-app/build/Debug-iphonesimulator/LumaSense.swiftmodule/arm64-apple-ios-simulator.swiftmodule

Copy /Users/apple/Desktop/【项目的游戏】/deliveries/obr_n_1778783313507_afbqdj/ios-app/build/Debug-iphonesimulator/LumaSense.swiftmodule/arm64-apple-ios-simulator.swiftdoc /Users/apple/Desktop/【项目的游戏】/deliveries/obr_n_1778783313507_afbqdj/ios-app/build/LumaSense.build/Debug-iphonesimulator/LumaSense.build/Objects-normal/arm64/LumaSense.swiftdoc (in target 'LumaSense' from project 'LumaSense')
    cd /Users/apple/Desktop/【项目的游戏】/deliveries/obr_n_1778783313507_afbqdj/ios-app
    builtin-copy -exclude .DS_Store -exclude CVS -exclude .svn -exclude .git -exclude .hg -resolve-src-symlinks -rename /Users/apple/Desktop/【项目的游戏】/deliveries/obr_n_1778783313507_afbqdj/ios-app/build/LumaSense.build/Debug-iphonesimulator/LumaSense.build/Objects-normal/arm64/LumaSense.swiftdoc /Users/apple/Desktop/【项目的游戏】/deliveries/obr_n_1778783313507_afbqdj/ios-app/build/Debug-iphonesimulator/LumaSense.swiftmodule/arm64-apple-ios-simulator.swiftdoc

Copy /Users/apple/Desktop/【项目的游戏】/deliveries/obr_n_1778783313507_afbqdj/ios-app/build/Debug-iphonesimulator/LumaSense.swiftmodule/Project/arm64-apple-ios-simulator.swiftsourceinfo /Users/apple/Desktop/【项目的游戏】/deliveries/obr_n_1778783313507_afbqdj/ios-app/build/LumaSense.build/Debug-iphonesimulator/LumaSense.build/Objects-normal/arm64/LumaSense.swiftsourceinfo (in target 'LumaSense' from project 'LumaSense')
    cd /Users/apple/Desktop/【项目的游戏】/deliveries/obr_n_1778783313507_afbqdj/ios-app
    builtin-copy -exclude .DS_Store -exclude CVS -exclude .svn -exclude .git -exclude .hg -resolve-src-symlinks -rename /Users/apple/Desktop/【项目的游戏】/deliveries/obr_n_1778783313507_afbqdj/ios-app/build/LumaSense.build/Debug-iphonesimulator/LumaSense.build/Objects-normal/arm64/LumaSense.swiftsourceinfo /Users/apple/Desktop/【项目的游戏】/deliveries/obr_n_1778783313507_afbqdj/ios-app/build/Debug-iphonesimulator/LumaSense.swiftmodule/Project/arm64-apple-ios-simulator.swiftsourceinfo

SwiftDriverJobDiscovery normal x86_64 Emitting module for LumaSense (in target 'LumaSense' from project 'LumaSense')

SwiftDriver\ Compilation\ Requirements LumaSense normal x86_64 com.apple.xcode.tools.swift.compiler (in target 'LumaSense' from project 'LumaSense')
    cd /Users/apple/Desktop/【项目的游戏】/deliveries/obr_n_1778783313507_afbqdj/ios-app
    builtin-Swift-Compilation-Requirements -- /Applications/Xcode.app/Contents/Developer/Toolchains/XcodeDefault.xctoolchain/usr/bin/swiftc -module-name LumaSense -Onone @/Users/apple/Desktop/【项目的游戏】/deliveries/obr_n_1778783313507_afbqdj/ios-app/build/LumaSense.build/Debug-iphonesimulator/LumaSense.build/Objects-normal/x86_64/LumaSense.SwiftFileList -DDEBUG -enable-bare-slash-regex -enable-experimental-feature DebugDescriptionMacro -sdk /Applications/Xcode.app/Contents/Developer/Platforms/iPhoneSimulator.platform/Developer/SDKs/iPhoneSimulator26.4.sdk -target x86_64-apple-ios17.0-simulator -g -Xfrontend -serialize-debugging-options -enable-testing -Xcc -D_LIBCPP_HARDENING_MODE\=_LIBCPP_HARDENING_MODE_DEBUG -swift-version 5 -I /Users/apple/Desktop/【项目的游戏】/deliveries/obr_n_1778783313507_afbqdj/ios-app/build/Debug-iphonesimulator -F /Users/apple/Desktop/【项目的游戏】/deliveries/obr_n_1778783313507_afbqdj/ios-app/build/Debug-iphonesimulator -emit-localized-strings -emit-localized-strings-path /Users/apple/Desktop/【项目的游戏】/deliveries/obr_n_1778783313507_afbqdj/ios-app/build/LumaSense.build/Debug-iphonesimulator/LumaSense.build/Objects-normal/x86_64 -c -j10 -enable-batch-mode -incremental -Xcc -ivfsstatcache -Xcc /var/folders/mc/h01_nd994qd7n0c83d8z536c0000gn/C/com.apple.DeveloperTools/26.4.1-17E202/Xcode/SDKStatCaches.noindex/iphonesimulator26.4-23E252-686eebb5dc1d8ecb277353a59184f4aa.sdkstatcache -output-file-map /Users/apple/Desktop/【项目的游戏】/deliveries/obr_n_1778783313507_afbqdj/ios-app/build/LumaSense.build/Debug-iphonesimulator/LumaSense.build/Objects-normal/x86_64/LumaSense-OutputFileMap.json -use-frontend-parseable-output -save-temps -no-color-diagnostics -explicit-module-build -module-cache-path /Users/apple/Desktop/【项目的游戏】/deliveries/obr_n_1778783313507_afbqdj/ios-app/build/SwiftExplicitPrecompiledModules -serialize-diagnostics -emit-dependencies -emit-module -emit-module-path /Users/apple/Desktop/【项目的游戏】/deliveries/obr_n_1778783313507_afbqdj/ios-app/build/LumaSense.build/Debug-iphonesimulator/LumaSense.build/Objects-normal/x86_64/LumaSense.swiftmodule -validate-clang-modules-once -clang-build-session-file /var/folders/mc/h01_nd994qd7n0c83d8z536c0000gn/C/org.llvm.clang/ModuleCache.noindex/Session.modulevalidation -Xcc -I/Users/apple/Desktop/【项目的游戏】/deliveries/obr_n_1778783313507_afbqdj/ios-app/build/LumaSense.build/Debug-iphonesimulator/LumaSense.build/swift-overrides.hmap -emit-const-values -Xfrontend -const-gather-protocols-file -Xfrontend /Users/apple/Desktop/【项目的游戏】/deliveries/obr_n_1778783313507_afbqdj/ios-app/build/LumaSense.build/Debug-iphonesimulator/LumaSense.build/Objects-normal/x86_64/LumaSense_const_extract_protocols.json -Xcc -iquote -Xcc /Users/apple/Desktop/【项目的游戏】/deliveries/obr_n_1778783313507_afbqdj/ios-app/build/LumaSense.build/Debug-iphonesimulator/LumaSense.build/LumaSense-generated-files.hmap -Xcc -I/Users/apple/Desktop/【项目的游戏】/deliveries/obr_n_1778783313507_afbqdj/ios-app/build/LumaSense.build/Debug-iphonesimulator/LumaSense.build/LumaSense-own-target-headers.hmap -Xcc -I/Users/apple/Desktop/【项目的游戏】/deliveries/obr_n_1778783313507_afbqdj/ios-app/build/LumaSense.build/Debug-iphonesimulator/LumaSense.build/LumaSense-all-target-headers.hmap -Xcc -iquote -Xcc /Users/apple/Desktop/【项目的游戏】/deliveries/obr_n_1778783313507_afbqdj/ios-app/build/LumaSense.build/Debug-iphonesimulator/LumaSense.build/LumaSense-project-headers.hmap -Xcc -I/Users/apple/Desktop/【项目的游戏】/deliveries/obr_n_1778783313507_afbqdj/ios-app/build/Debug-iphonesimulator/include -Xcc -I/Users/apple/Desktop/【项目的游戏】/deliveries/obr_n_1778783313507_afbqdj/ios-app/build/LumaSense.build/Debug-iphonesimulator/LumaSense.build/DerivedSources-normal/x86_64 -Xcc -I/Users/apple/Desktop/【项目的游戏】/deliveries/obr_n_1778783313507_afbqdj/ios-app/build/LumaSense.build/Debug-iphonesimulator/LumaSense.build/DerivedSources/x86_64 -Xcc -I/Users/apple/Desktop/【项目的游戏】/deliveries/obr_n_1778783313507_afbqdj/ios-app/build/LumaSense.build/Debug-iphonesimulator/LumaSense.build/DerivedSources -Xcc -DDEBUG\=1 -emit-objc-header -emit-objc-header-path /Users/apple/Desktop/【项目的游戏】/deliveries/obr_n_1778783313507_afbqdj/ios-app/build/LumaSense.build/Debug-iphonesimulator/LumaSense.build/Objects-normal/x86_64/LumaSense-Swift.h -working-directory /Users/apple/Desktop/【项目的游戏】/deliveries/obr_n_1778783313507_afbqdj/ios-app -experimental-emit-module-separately -disable-cmo

SwiftMergeGeneratedHeaders /Users/apple/Desktop/【项目的游戏】/deliveries/obr_n_1778783313507_afbqdj/ios-app/build/LumaSense.build/Debug-iphonesimulator/LumaSense.build/DerivedSources/LumaSense-Swift.h /Users/apple/Desktop/【项目的游戏】/deliveries/obr_n_1778783313507_afbqdj/ios-app/build/LumaSense.build/Debug-iphonesimulator/LumaSense.build/Objects-normal/arm64/LumaSense-Swift.h /Users/apple/Desktop/【项目的游戏】/deliveries/obr_n_1778783313507_afbqdj/ios-app/build/LumaSense.build/Debug-iphonesimulator/LumaSense.build/Objects-normal/x86_64/LumaSense-Swift.h (in target 'LumaSense' from project 'LumaSense')
    cd /Users/apple/Desktop/【项目的游戏】/deliveries/obr_n_1778783313507_afbqdj/ios-app
    builtin-swiftHeaderTool -arch arm64 /Users/apple/Desktop/【项目的游戏】/deliveries/obr_n_1778783313507_afbqdj/ios-app/build/LumaSense.build/Debug-iphonesimulator/LumaSense.build/Objects-normal/arm64/LumaSense-Swift.h -arch x86_64 /Users/apple/Desktop/【项目的游戏】/deliveries/obr_n_1778783313507_afbqdj/ios-app/build/LumaSense.build/Debug-iphonesimulator/LumaSense.build/Objects-normal/x86_64/LumaSense-Swift.h -o /Users/apple/Desktop/【项目的游戏】/deliveries/obr_n_1778783313507_afbqdj/ios-app/build/LumaSense.build/Debug-iphonesimulator/LumaSense.build/DerivedSources/LumaSense-Swift.h

Copy /Users/apple/Desktop/【项目的游戏】/deliveries/obr_n_1778783313507_afbqdj/ios-app/build/Debug-iphonesimulator/LumaSense.swiftmodule/x86_64-apple-ios-simulator.swiftdoc /Users/apple/Desktop/【项目的游戏】/deliveries/obr_n_1778783313507_afbqdj/ios-app/build/LumaSense.build/Debug-iphonesimulator/LumaSense.build/Objects-normal/x86_64/LumaSense.swiftdoc (in target 'LumaSense' from project 'LumaSense')
    cd /Users/apple/Desktop/【项目的游戏】/deliveries/obr_n_1778783313507_afbqdj/ios-app
    builtin-copy -exclude .DS_Store -exclude CVS -exclude .svn -exclude .git -exclude .hg -resolve-src-symlinks -rename /Users/apple/Desktop/【项目的游戏】/deliveries/obr_n_1778783313507_afbqdj/ios-app/build/LumaSense.build/Debug-iphonesimulator/LumaSense.build/Objects-normal/x86_64/LumaSense.swiftdoc /Users/apple/Desktop/【项目的游戏】/deliveries/obr_n_1778783313507_afbqdj/ios-app/build/Debug-iphonesimulator/LumaSense.swiftmodule/x86_64-apple-ios-simulator.swiftdoc

Copy /Users/apple/Desktop/【项目的游戏】/deliveries/obr_n_1778783313507_afbqdj/ios-app/build/Debug-iphonesimulator/LumaSense.swiftmodule/x86_64-apple-ios-simulator.swiftmodule /Users/apple/Desktop/【项目的游戏】/deliveries/obr_n_1778783313507_afbqdj/ios-app/build/LumaSense.build/Debug-iphonesimulator/LumaSense.build/Objects-normal/x86_64/LumaSense.swiftmodule (in target 'LumaSense' from project 'LumaSense')
    cd /Users/apple/Desktop/【项目的游戏】/deliveries/obr_n_1778783313507_afbqdj/ios-app
    builtin-copy -exclude .DS_Store -exclude CVS -exclude .svn -exclude .git -exclude .hg -resolve-src-symlinks -rename /Users/apple/Desktop/【项目的游戏】/deliveries/obr_n_1778783313507_afbqdj/ios-app/build/LumaSense.build/Debug-iphonesimulator/LumaSense.build/Objects-normal/x86_64/LumaSense.swiftmodule /Users/apple/Desktop/【项目的游戏】/deliveries/obr_n_1778783313507_afbqdj/ios-app/build/Debug-iphonesimulator/LumaSense.swiftmodule/x86_64-apple-ios-simulator.swiftmodule

Copy /Users/apple/Desktop/【项目的游戏】/deliveries/obr_n_1778783313507_afbqdj/ios-app/build/Debug-iphonesimulator/LumaSense.swiftmodule/x86_64-apple-ios-simulator.abi.json /Users/apple/Desktop/【项目的游戏】/deliveries/obr_n_1778783313507_afbqdj/ios-app/build/LumaSense.build/Debug-iphonesimulator/LumaSense.build/Objects-normal/x86_64/LumaSense.abi.json (in target 'LumaSense' from project 'LumaSense')
    cd /Users/apple/Desktop/【项目的游戏】/deliveries/obr_n_1778783313507_afbqdj/ios-app
    builtin-copy -exclude .DS_Store -exclude CVS -exclude .svn -exclude .git -exclude .hg -resolve-src-symlinks -rename /Users/apple/Desktop/【项目的游戏】/deliveries/obr_n_1778783313507_afbqdj/ios-app/build/LumaSense.build/Debug-iphonesimulator/LumaSense.build/Objects-normal/x86_64/LumaSense.abi.json /Users/apple/Desktop/【项目的游戏】/deliveries/obr_n_1778783313507_afbqdj/ios-app/build/Debug-iphonesimulator/LumaSense.swiftmodule/x86_64-apple-ios-simulator.abi.json

Copy /Users/apple/Desktop/【项目的游戏】/deliveries/obr_n_1778783313507_afbqdj/ios-app/build/Debug-iphonesimulator/LumaSense.swiftmodule/Project/x86_64-apple-ios-simulator.swiftsourceinfo /Users/apple/Desktop/【项目的游戏】/deliveries/obr_n_1778783313507_afbqdj/ios-app/build/LumaSense.build/Debug-iphonesimulator/LumaSense.build/Objects-normal/x86_64/LumaSense.swiftsourceinfo (in target 'LumaSense' from project 'LumaSense')
    cd /Users/apple/Desktop/【项目的游戏】/deliveries/obr_n_1778783313507_afbqdj/ios-app
    builtin-copy -exclude .DS_Store -exclude CVS -exclude .svn -exclude .git -exclude .hg -resolve-src-symlinks -rename /Users/apple/Desktop/【项目的游戏】/deliveries/obr_n_1778783313507_afbqdj/ios-app/build/LumaSense.build/Debug-iphonesimulator/LumaSense.build/Objects-normal/x86_64/LumaSense.swiftsourceinfo /Users/apple/Desktop/【项目的游戏】/deliveries/obr_n_1778783313507_afbqdj/ios-app/build/Debug-iphonesimulator/LumaSense.swiftmodule/Project/x86_64-apple-ios-simulator.swiftsourceinfo

LinkAssetCatalog /Users/apple/Desktop/【项目的游戏】/deliveries/obr_n_1778783313507_afbqdj/ios-app/LumaSense/Assets.xcassets (in target 'LumaSense' from project 'LumaSense')
    cd /Users/apple/Desktop/【项目的游戏】/deliveries/obr_n_1778783313507_afbqdj/ios-app
    builtin-linkAssetCatalog --thinned /Users/apple/Desktop/【项目的游戏】/deliveries/obr_n_1778783313507_afbqdj/ios-app/build/LumaSense.build/Debug-iphonesimulator/LumaSense.build/assetcatalog_output/thinned --thinned-dependencies /Users/apple/Desktop/【项目的游戏】/deliveries/obr_n_1778783313507_afbqdj/ios-app/build/LumaSense.build/Debug-iphonesimulator/LumaSense.build/assetcatalog_dependencies_thinned --thinned-info-plist-content /Users/apple/Desktop/【项目的游戏】/deliveries/obr_n_1778783313507_afbqdj/ios-app/build/LumaSense.build/Debug-iphonesimulator/LumaSense.build/assetcatalog_generated_info.plist_thinned --unthinned /Users/apple/Desktop/【项目的游戏】/deliveries/obr_n_1778783313507_afbqdj/ios-app/build/LumaSense.build/Debug-iphonesimulator/LumaSense.build/assetcatalog_output/unthinned --unthinned-dependencies /Users/apple/Desktop/【项目的游戏】/deliveries/obr_n_1778783313507_afbqdj/ios-app/build/LumaSense.build/Debug-iphonesimulator/LumaSense.build/assetcatalog_dependencies_unthinned --unthinned-info-plist-content /Users/apple/Desktop/【项目的游戏】/deliveries/obr_n_1778783313507_afbqdj/ios-app/build/LumaSense.build/Debug-iphonesimulator/LumaSense.build/assetcatalog_generated_info.plist_unthinned --output /Users/apple/Desktop/【项目的游戏】/deliveries/obr_n_1778783313507_afbqdj/ios-app/build/Debug-iphonesimulator/LumaSense.app --plist-output /Users/apple/Desktop/【项目的游戏】/deliveries/obr_n_1778783313507_afbqdj/ios-app/build/LumaSense.build/Debug-iphonesimulator/LumaSense.build/assetcatalog_generated_info.plist
note: Emplaced /Users/apple/Desktop/【项目的游戏】/deliveries/obr_n_1778783313507_afbqdj/ios-app/build/Debug-iphonesimulator/LumaSense.app/Assets.car (in target 'LumaSense' from project 'LumaSense')

ProcessInfoPlistFile /Users/apple/Desktop/【项目的游戏】/deliveries/obr_n_1778783313507_afbqdj/ios-app/build/Debug-iphonesimulator/LumaSense.app/Info.plist /Users/apple/Desktop/【项目的游戏】/deliveries/obr_n_1778783313507_afbqdj/ios-app/build/LumaSense.build/Debug-iphonesimulator/LumaSense.build/empty-LumaSense.plist (in target 'LumaSense' from project 'LumaSense')
    cd /Users/apple/Desktop/【项目的游戏】/deliveries/obr_n_1778783313507_afbqdj/ios-app
    builtin-infoPlistUtility /Users/apple/Desktop/【项目的游戏】/deliveries/obr_n_1778783313507_afbqdj/ios-app/build/LumaSense.build/Debug-iphonesimulator/LumaSense.build/empty-LumaSense.plist -producttype com.apple.product-type.application -genpkginfo /Users/apple/Desktop/【项目的游戏】/deliveries/obr_n_1778783313507_afbqdj/ios-app/build/Debug-iphonesimulator/LumaSense.app/PkgInfo -expandbuildsettings -format binary -platform iphonesimulator -additionalcontentfile /Users/apple/Desktop/【项目的游戏】/deliveries/obr_n_1778783313507_afbqdj/ios-app/build/LumaSense.build/Debug-iphonesimulator/LumaSense.build/LaunchScreen-SBPartialInfo.plist -additionalcontentfile /Users/apple/Desktop/【项目的游戏】/deliveries/obr_n_1778783313507_afbqdj/ios-app/build/LumaSense.build/Debug-iphonesimulator/LumaSense.build/assetcatalog_generated_info.plist -o /Users/apple/Desktop/【项目的游戏】/deliveries/obr_n_1778783313507_afbqdj/ios-app/build/Debug-iphonesimulator/LumaSense.app/Info.plist

SwiftDriverJobDiscovery normal arm64 Compiling ContentView.swift (in target 'LumaSense' from project 'LumaSense')

SwiftDriver\ Compilation LumaSense normal arm64 com.apple.xcode.tools.swift.compiler (in target 'LumaSense' from project 'LumaSense')
    cd /Users/apple/Desktop/【项目的游戏】/deliveries/obr_n_1778783313507_afbqdj/ios-app
    builtin-Swift-Compilation -- /Applications/Xcode.app/Contents/Developer/Toolchains/XcodeDefault.xctoolchain/usr/bin/swiftc -module-name LumaSense -Onone @/Users/apple/Desktop/【项目的游戏】/deliveries/obr_n_1778783313507_afbqdj/ios-app/build/LumaSense.build/Debug-iphonesimulator/LumaSense.build/Objects-normal/arm64/LumaSense.SwiftFileList -DDEBUG -enable-bare-slash-regex -enable-experimental-feature DebugDescriptionMacro -sdk /Applications/Xcode.app/Contents/Developer/Platforms/iPhoneSimulator.platform/Developer/SDKs/iPhoneSimulator26.4.sdk -target arm64-apple-ios17.0-simulator -g -Xfrontend -serialize-debugging-options -enable-testing -Xcc -D_LIBCPP_HARDENING_MODE\=_LIBCPP_HARDENING_MODE_DEBUG -swift-version 5 -I /Users/apple/Desktop/【项目的游戏】/deliveries/obr_n_1778783313507_afbqdj/ios-app/build/Debug-iphonesimulator -F /Users/apple/Desktop/【项目的游戏】/deliveries/obr_n_1778783313507_afbqdj/ios-app/build/Debug-iphonesimulator -emit-localized-strings -emit-localized-strings-path /Users/apple/Desktop/【项目的游戏】/deliveries/obr_n_1778783313507_afbqdj/ios-app/build/LumaSense.build/Debug-iphonesimulator/LumaSense.build/Objects-normal/arm64 -c -j10 -enable-batch-mode -incremental -Xcc -ivfsstatcache -Xcc /var/folders/mc/h01_nd994qd7n0c83d8z536c0000gn/C/com.apple.DeveloperTools/26.4.1-17E202/Xcode/SDKStatCaches.noindex/iphonesimulator26.4-23E252-686eebb5dc1d8ecb277353a59184f4aa.sdkstatcache -output-file-map /Users/apple/Desktop/【项目的游戏】/deliveries/obr_n_1778783313507_afbqdj/ios-app/build/LumaSense.build/Debug-iphonesimulator/LumaSense.build/Objects-normal/arm64/LumaSense-OutputFileMap.json -use-frontend-parseable-output -save-temps -no-color-diagnostics -explicit-module-build -module-cache-path /Users/apple/Desktop/【项目的游戏】/deliveries/obr_n_1778783313507_afbqdj/ios-app/build/SwiftExplicitPrecompiledModules -serialize-diagnostics -emit-dependencies -emit-module -emit-module-path /Users/apple/Desktop/【项目的游戏】/deliveries/obr_n_1778783313507_afbqdj/ios-app/build/LumaSense.build/Debug-iphonesimulator/LumaSense.build/Objects-normal/arm64/LumaSense.swiftmodule -validate-clang-modules-once -clang-build-session-file /var/folders/mc/h01_nd994qd7n0c83d8z536c0000gn/C/org.llvm.clang/ModuleCache.noindex/Session.modulevalidation -Xcc -I/Users/apple/Desktop/【项目的游戏】/deliveries/obr_n_1778783313507_afbqdj/ios-app/build/LumaSense.build/Debug-iphonesimulator/LumaSense.build/swift-overrides.hmap -emit-const-values -Xfrontend -const-gather-protocols-file -Xfrontend /Users/apple/Desktop/【项目的游戏】/deliveries/obr_n_1778783313507_afbqdj/ios-app/build/LumaSense.build/Debug-iphonesimulator/LumaSense.build/Objects-normal/arm64/LumaSense_const_extract_protocols.json -Xcc -iquote -Xcc /Users/apple/Desktop/【项目的游戏】/deliveries/obr_n_1778783313507_afbqdj/ios-app/build/LumaSense.build/Debug-iphonesimulator/LumaSense.build/LumaSense-generated-files.hmap -Xcc -I/Users/apple/Desktop/【项目的游戏】/deliveries/obr_n_1778783313507_afbqdj/ios-app/build/LumaSense.build/Debug-iphonesimulator/LumaSense.build/LumaSense-own-target-headers.hmap -Xcc -I/Users/apple/Desktop/【项目的游戏】/deliveries/obr_n_1778783313507_afbqdj/ios-app/build/LumaSense.build/Debug-iphonesimulator/LumaSense.build/LumaSense-all-target-headers.hmap -Xcc -iquote -Xcc /Users/apple/Desktop/【项目的游戏】/deliveries/obr_n_1778783313507_afbqdj/ios-app/build/LumaSense.build/Debug-iphonesimulator/LumaSense.build/LumaSense-project-headers.hmap -Xcc -I/Users/apple/Desktop/【项目的游戏】/deliveries/obr_n_1778783313507_afbqdj/ios-app/build/Debug-iphonesimulator/include -Xcc -I/Users/apple/Desktop/【项目的游戏】/deliveries/obr_n_1778783313507_afbqdj/ios-app/build/LumaSense.build/Debug-iphonesimulator/LumaSense.build/DerivedSources-normal/arm64 -Xcc -I/Users/apple/Desktop/【项目的游戏】/deliveries/obr_n_1778783313507_afbqdj/ios-app/build/LumaSense.build/Debug-iphonesimulator/LumaSense.build/DerivedSources/arm64 -Xcc -I/Users/apple/Desktop/【项目的游戏】/deliveries/obr_n_1778783313507_afbqdj/ios-app/build/LumaSense.build/Debug-iphonesimulator/LumaSense.build/DerivedSources -Xcc -DDEBUG\=1 -emit-objc-header -emit-objc-header-path /Users/apple/Desktop/【项目的游戏】/deliveries/obr_n_1778783313507_afbqdj/ios-app/build/LumaSense.build/Debug-iphonesimulator/LumaSense.build/Objects-normal/arm64/LumaSense-Swift.h -working-directory /Users/apple/Desktop/【项目的游戏】/deliveries/obr_n_1778783313507_afbqdj/ios-app -experimental-emit-module-separately -disable-cmo

Ld /Users/apple/Desktop/【项目的游戏】/deliveries/obr_n_1778783313507_afbqdj/ios-app/build/LumaSense.build/Debug-iphonesimulator/LumaSense.build/Objects-normal/arm64/Binary/LumaSense normal arm64 (in target 'LumaSense' from project 'LumaSense')
    cd /Users/apple/Desktop/【项目的游戏】/deliveries/obr_n_1778783313507_afbqdj/ios-app
    /Applications/Xcode.app/Contents/Developer/Toolchains/XcodeDefault.xctoolchain/usr/bin/clang -Xlinker -reproducible -target arm64-apple-ios17.0-simulator -isysroot /Applications/Xcode.app/Contents/Developer/Platforms/iPhoneSimulator.platform/Developer/SDKs/iPhoneSimulator26.4.sdk -O0 -L/Users/apple/Desktop/【项目的游戏】/deliveries/obr_n_1778783313507_afbqdj/ios-app/build/EagerLinkingTBDs/Debug-iphonesimulator -L/Users/apple/Desktop/【项目的游戏】/deliveries/obr_n_1778783313507_afbqdj/ios-app/build/Debug-iphonesimulator -F/Users/apple/Desktop/【项目的游戏】/deliveries/obr_n_1778783313507_afbqdj/ios-app/build/EagerLinkingTBDs/Debug-iphonesimulator -F/Users/apple/Desktop/【项目的游戏】/deliveries/obr_n_1778783313507_afbqdj/ios-app/build/Debug-iphonesimulator -filelist /Users/apple/Desktop/【项目的游戏】/deliveries/obr_n_1778783313507_afbqdj/ios-app/build/LumaSense.build/Debug-iphonesimulator/LumaSense.build/Objects-normal/arm64/LumaSense.LinkFileList -Xlinker -rpath -Xlinker /usr/lib/swift -Xlinker -dead_strip -Xlinker -object_path_lto -Xlinker /Users/apple/Desktop/【项目的游戏】/deliveries/obr_n_1778783313507_afbqdj/ios-app/build/LumaSense.build/Debug-iphonesimulator/LumaSense.build/Objects-normal/arm64/LumaSense_lto.o -rdynamic -Xlinker -no_deduplicate -Xlinker -objc_abi_version -Xlinker 2 -Xlinker -dependency_info -Xlinker /Users/apple/Desktop/【项目的游戏】/deliveries/obr_n_1778783313507_afbqdj/ios-app/build/LumaSense.build/Debug-iphonesimulator/LumaSense.build/Objects-normal/arm64/LumaSense_dependency_info.dat -fobjc-link-runtime -L/Applications/Xcode.app/Contents/Developer/Toolchains/XcodeDefault.xctoolchain/usr/lib/swift/iphonesimulator -L/usr/lib/swift -Xlinker -add_ast_path -Xlinker /Users/apple/Desktop/【项目的游戏】/deliveries/obr_n_1778783313507_afbqdj/ios-app/build/LumaSense.build/Debug-iphonesimulator/LumaSense.build/Objects-normal/arm64/LumaSense.swiftmodule @/Users/apple/Desktop/【项目的游戏】/deliveries/obr_n_1778783313507_afbqdj/ios-app/build/LumaSense.build/Debug-iphonesimulator/LumaSense.build/Objects-normal/arm64/LumaSense-linker-args.resp -o /Users/apple/Desktop/【项目的游戏】/deliveries/obr_n_1778783313507_afbqdj/ios-app/build/LumaSense.build/Debug-iphonesimulator/LumaSense.build/Objects-normal/arm64/Binary/LumaSense

SwiftDriverJobDiscovery normal x86_64 Compiling ContentView.swift (in target 'LumaSense' from project 'LumaSense')

SwiftDriver\ Compilation LumaSense normal x86_64 com.apple.xcode.tools.swift.compiler (in target 'LumaSense' from project 'LumaSense')
    cd /Users/apple/Desktop/【项目的游戏】/deliveries/obr_n_1778783313507_afbqdj/ios-app
    builtin-Swift-Compilation -- /Applications/Xcode.app/Contents/Developer/Toolchains/XcodeDefault.xctoolchain/usr/bin/swiftc -module-name LumaSense -Onone @/Users/apple/Desktop/【项目的游戏】/deliveries/obr_n_1778783313507_afbqdj/ios-app/build/LumaSense.build/Debug-iphonesimulator/LumaSense.build/Objects-normal/x86_64/LumaSense.SwiftFileList -DDEBUG -enable-bare-slash-regex -enable-experimental-feature DebugDescriptionMacro -sdk /Applications/Xcode.app/Contents/Developer/Platforms/iPhoneSimulator.platform/Developer/SDKs/iPhoneSimulator26.4.sdk -target x86_64-apple-ios17.0-simulator -g -Xfrontend -serialize-debugging-options -enable-testing -Xcc -D_LIBCPP_HARDENING_MODE\=_LIBCPP_HARDENING_MODE_DEBUG -swift-version 5 -I /Users/apple/Desktop/【项目的游戏】/deliveries/obr_n_1778783313507_afbqdj/ios-app/build/Debug-iphonesimulator -F /Users/apple/Desktop/【项目的游戏】/deliveries/obr_n_1778783313507_afbqdj/ios-app/build/Debug-iphonesimulator -emit-localized-strings -emit-localized-strings-path /Users/apple/Desktop/【项目的游戏】/deliveries/obr_n_1778783313507_afbqdj/ios-app/build/LumaSense.build/Debug-iphonesimulator/LumaSense.build/Objects-normal/x86_64 -c -j10 -enable-batch-mode -incremental -Xcc -ivfsstatcache -Xcc /var/folders/mc/h01_nd994qd7n0c83d8z536c0000gn/C/com.apple.DeveloperTools/26.4.1-17E202/Xcode/SDKStatCaches.noindex/iphonesimulator26.4-23E252-686eebb5dc1d8ecb277353a59184f4aa.sdkstatcache -output-file-map /Users/apple/Desktop/【项目的游戏】/deliveries/obr_n_1778783313507_afbqdj/ios-app/build/LumaSense.build/Debug-iphonesimulator/LumaSense.build/Objects-normal/x86_64/LumaSense-OutputFileMap.json -use-frontend-parseable-output -save-temps -no-color-diagnostics -explicit-module-build -module-cache-path /Users/apple/Desktop/【项目的游戏】/deliveries/obr_n_1778783313507_afbqdj/ios-app/build/SwiftExplicitPrecompiledModules -serialize-diagnostics -emit-dependencies -emit-module -emit-module-path /Users/apple/Desktop/【项目的游戏】/deliveries/obr_n_1778783313507_afbqdj/ios-app/build/LumaSense.build/Debug-iphonesimulator/LumaSense.build/Objects-normal/x86_64/LumaSense.swiftmodule -validate-clang-modules-once -clang-build-session-file /var/folders/mc/h01_nd994qd7n0c83d8z536c0000gn/C/org.llvm.clang/ModuleCache.noindex/Session.modulevalidation -Xcc -I/Users/apple/Desktop/【项目的游戏】/deliveries/obr_n_1778783313507_afbqdj/ios-app/build/LumaSense.build/Debug-iphonesimulator/LumaSense.build/swift-overrides.hmap -emit-const-values -Xfrontend -const-gather-protocols-file -Xfrontend /Users/apple/Desktop/【项目的游戏】/deliveries/obr_n_1778783313507_afbqdj/ios-app/build/LumaSense.build/Debug-iphonesimulator/LumaSense.build/Objects-normal/x86_64/LumaSense_const_extract_protocols.json -Xcc -iquote -Xcc /Users/apple/Desktop/【项目的游戏】/deliveries/obr_n_1778783313507_afbqdj/ios-app/build/LumaSense.build/Debug-iphonesimulator/LumaSense.build/LumaSense-generated-files.hmap -Xcc -I/Users/apple/Desktop/【项目的游戏】/deliveries/obr_n_1778783313507_afbqdj/ios-app/build/LumaSense.build/Debug-iphonesimulator/LumaSense.build/LumaSense-own-target-headers.hmap -Xcc -I/Users/apple/Desktop/【项目的游戏】/deliveries/obr_n_1778783313507_afbqdj/ios-app/build/LumaSense.build/Debug-iphonesimulator/LumaSense.build/LumaSense-all-target-headers.hmap -Xcc -iquote -Xcc /Users/apple/Desktop/【项目的游戏】/deliveries/obr_n_1778783313507_afbqdj/ios-app/build/LumaSense.build/Debug-iphonesimulator/LumaSense.build/LumaSense-project-headers.hmap -Xcc -I/Users/apple/Desktop/【项目的游戏】/deliveries/obr_n_1778783313507_afbqdj/ios-app/build/Debug-iphonesimulator/include -Xcc -I/Users/apple/Desktop/【项目的游戏】/deliveries/obr_n_1778783313507_afbqdj/ios-app/build/LumaSense.build/Debug-iphonesimulator/LumaSense.build/DerivedSources-normal/x86_64 -Xcc -I/Users/apple/Desktop/【项目的游戏】/deliveries/obr_n_1778783313507_afbqdj/ios-app/build/LumaSense.build/Debug-iphonesimulator/LumaSense.build/DerivedSources/x86_64 -Xcc -I/Users/apple/Desktop/【项目的游戏】/deliveries/obr_n_1778783313507_afbqdj/ios-app/build/LumaSense.build/Debug-iphonesimulator/LumaSense.build/DerivedSources -Xcc -DDEBUG\=1 -emit-objc-header -emit-objc-header-path /Users/apple/Desktop/【项目的游戏】/deliveries/obr_n_1778783313507_afbqdj/ios-app/build/LumaSense.build/Debug-iphonesimulator/LumaSense.build/Objects-normal/x86_64/LumaSense-Swift.h -working-directory /Users/apple/Desktop/【项目的游戏】/deliveries/obr_n_1778783313507_afbqdj/ios-app -experimental-emit-module-separately -disable-cmo

Ld /Users/apple/Desktop/【项目的游戏】/deliveries/obr_n_1778783313507_afbqdj/ios-app/build/LumaSense.build/Debug-iphonesimulator/LumaSense.build/Objects-normal/x86_64/Binary/LumaSense normal x86_64 (in target 'LumaSense' from project 'LumaSense')
    cd /Users/apple/Desktop/【项目的游戏】/deliveries/obr_n_1778783313507_afbqdj/ios-app
    /Applications/Xcode.app/Contents/Developer/Toolchains/XcodeDefault.xctoolchain/usr/bin/clang -Xlinker -reproducible -target x86_64-apple-ios17.0-simulator -isysroot /Applications/Xcode.app/Contents/Developer/Platforms/iPhoneSimulator.platform/Developer/SDKs/iPhoneSimulator26.4.sdk -O0 -L/Users/apple/Desktop/【项目的游戏】/deliveries/obr_n_1778783313507_afbqdj/ios-app/build/EagerLinkingTBDs/Debug-iphonesimulator -L/Users/apple/Desktop/【项目的游戏】/deliveries/obr_n_1778783313507_afbqdj/ios-app/build/Debug-iphonesimulator -F/Users/apple/Desktop/【项目的游戏】/deliveries/obr_n_1778783313507_afbqdj/ios-app/build/EagerLinkingTBDs/Debug-iphonesimulator -F/Users/apple/Desktop/【项目的游戏】/deliveries/obr_n_1778783313507_afbqdj/ios-app/build/Debug-iphonesimulator -filelist /Users/apple/Desktop/【项目的游戏】/deliveries/obr_n_1778783313507_afbqdj/ios-app/build/LumaSense.build/Debug-iphonesimulator/LumaSense.build/Objects-normal/x86_64/LumaSense.LinkFileList -Xlinker -rpath -Xlinker /usr/lib/swift -Xlinker -dead_strip -Xlinker -object_path_lto -Xlinker /Users/apple/Desktop/【项目的游戏】/deliveries/obr_n_1778783313507_afbqdj/ios-app/build/LumaSense.build/Debug-iphonesimulator/LumaSense.build/Objects-normal/x86_64/LumaSense_lto.o -rdynamic -Xlinker -no_deduplicate -Xlinker -objc_abi_version -Xlinker 2 -Xlinker -dependency_info -Xlinker /Users/apple/Desktop/【项目的游戏】/deliveries/obr_n_1778783313507_afbqdj/ios-app/build/LumaSense.build/Debug-iphonesimulator/LumaSense.build/Objects-normal/x86_64/LumaSense_dependency_info.dat -fobjc-link-runtime -L/Applications/Xcode.app/Contents/Developer/Toolchains/XcodeDefault.xctoolchain/usr/lib/swift/iphonesimulator -L/usr/lib/swift -Xlinker -add_ast_path -Xlinker /Users/apple/Desktop/【项目的游戏】/deliveries/obr_n_1778783313507_afbqdj/ios-app/build/LumaSense.build/Debug-iphonesimulator/LumaSense.build/Objects-normal/x86_64/LumaSense.swiftmodule @/Users/apple/Desktop/【项目的游戏】/deliveries/obr_n_1778783313507_afbqdj/ios-app/build/LumaSense.build/Debug-iphonesimulator/LumaSense.build/Objects-normal/x86_64/LumaSense-linker-args.resp -o /Users/apple/Desktop/【项目的游戏】/deliveries/obr_n_1778783313507_afbqdj/ios-app/build/LumaSense.build/Debug-iphonesimulator/LumaSense.build/Objects-normal/x86_64/Binary/LumaSense

CreateUniversalBinary /Users/apple/Desktop/【项目的游戏】/deliveries/obr_n_1778783313507_afbqdj/ios-app/build/Debug-iphonesimulator/LumaSense.app/LumaSense normal arm64\ x86_64 (in target 'LumaSense' from project 'LumaSense')
    cd /Users/apple/Desktop/【项目的游戏】/deliveries/obr_n_1778783313507_afbqdj/ios-app
    /Applications/Xcode.app/Contents/Developer/Toolchains/XcodeDefault.xctoolchain/usr/bin/lipo -create /Users/apple/Desktop/【项目的游戏】/deliveries/obr_n_1778783313507_afbqdj/ios-app/build/LumaSense.build/Debug-iphonesimulator/LumaSense.build/Objects-normal/arm64/Binary/LumaSense /Users/apple/Desktop/【项目的游戏】/deliveries/obr_n_1778783313507_afbqdj/ios-app/build/LumaSense.build/Debug-iphonesimulator/LumaSense.build/Objects-normal/x86_64/Binary/LumaSense -output /Users/apple/Desktop/【项目的游戏】/deliveries/obr_n_1778783313507_afbqdj/ios-app/build/Debug-iphonesimulator/LumaSense.app/LumaSense

CopySwiftLibs /Users/apple/Desktop/【项目的游戏】/deliveries/obr_n_1778783313507_afbqdj/ios-app/build/Debug-iphonesimulator/LumaSense.app (in target 'LumaSense' from project 'LumaSense')
    cd /Users/apple/Desktop/【项目的游戏】/deliveries/obr_n_1778783313507_afbqdj/ios-app
    builtin-swiftStdLibTool --copy --verbose --scan-executable /Users/apple/Desktop/【项目的游戏】/deliveries/obr_n_1778783313507_afbqdj/ios-app/build/Debug-iphonesimulator/LumaSense.app/LumaSense --scan-folder /Users/apple/Desktop/【项目的游戏】/deliveries/obr_n_1778783313507_afbqdj/ios-app/build/Debug-iphonesimulator/LumaSense.app/Frameworks --scan-folder /Users/apple/Desktop/【项目的游戏】/deliveries/obr_n_1778783313507_afbqdj/ios-app/build/Debug-iphonesimulator/LumaSense.app/PlugIns --scan-folder /Users/apple/Desktop/【项目的游戏】/deliveries/obr_n_1778783313507_afbqdj/ios-app/build/Debug-iphonesimulator/LumaSense.app/SystemExtensions --scan-folder /Users/apple/Desktop/【项目的游戏】/deliveries/obr_n_1778783313507_afbqdj/ios-app/build/Debug-iphonesimulator/LumaSense.app/Extensions --platform iphonesimulator --toolchain /Applications/Xcode.app/Contents/Developer/Toolchains/XcodeDefault.xctoolchain --destination /Users/apple/Desktop/【项目的游戏】/deliveries/obr_n_1778783313507_afbqdj/ios-app/build/Debug-iphonesimulator/LumaSense.app/Frameworks --strip-bitcode --strip-bitcode-tool /Applications/Xcode.app/Contents/Developer/Toolchains/XcodeDefault.xctoolchain/usr/bin/bitcode_strip --emit-dependency-info /Users/apple/Desktop/【项目的游戏】/deliveries/obr_n_1778783313507_afbqdj/ios-app/build/LumaSense.build/Debug-iphonesimulator/LumaSense.build/SwiftStdLibToolInputDependencies.dep --filter-for-swift-os --back-deploy-swift-span
Ignoring --strip-bitcode because --sign was not passed

ExtractAppIntentsMetadata (in target 'LumaSense' from project 'LumaSense')
    cd /Users/apple/Desktop/【项目的游戏】/deliveries/obr_n_1778783313507_afbqdj/ios-app
    /Applications/Xcode.app/Contents/Developer/Toolchains/XcodeDefault.xctoolchain/usr/bin/appintentsmetadataprocessor --toolchain-dir /Applications/Xcode.app/Contents/Developer/Toolchains/XcodeDefault.xctoolchain --module-name LumaSense --sdk-root /Applications/Xcode.app/Contents/Developer/Platforms/iPhoneSimulator.platform/Developer/SDKs/iPhoneSimulator26.4.sdk --xcode-version 17E202 --platform-family iOS --deployment-target 17.0 --bundle-identifier com.openbasaka.simplify.83313507afbqdj --output /Users/apple/Desktop/【项目的游戏】/deliveries/obr_n_1778783313507_afbqdj/ios-app/build/Debug-iphonesimulator/LumaSense.app --target-triple arm64-apple-ios17.0-simulator --target-triple x86_64-apple-ios17.0-simulator --binary-file /Users/apple/Desktop/【项目的游戏】/deliveries/obr_n_1778783313507_afbqdj/ios-app/build/Debug-iphonesimulator/LumaSense.app/LumaSense --dependency-file /Users/apple/Desktop/【项目的游戏】/deliveries/obr_n_1778783313507_afbqdj/ios-app/build/LumaSense.build/Debug-iphonesimulator/LumaSense.build/Objects-normal/arm64/LumaSense_dependency_info.dat --dependency-file /Users/apple/Desktop/【项目的游戏】/deliveries/obr_n_1778783313507_afbqdj/ios-app/build/LumaSense.build/Debug-iphonesimulator/LumaSense.build/Objects-normal/x86_64/LumaSense_dependency_info.dat --stringsdata-file /Users/apple/Desktop/【项目的游戏】/deliveries/obr_n_1778783313507_afbqdj/ios-app/build/LumaSense.build/Debug-iphonesimulator/LumaSense.build/Objects-normal/arm64/ExtractedAppShortcutsMetadata.stringsdata --stringsdata-file /Users/apple/Desktop/【项目的游戏】/deliveries/obr_n_1778783313507_afbqdj/ios-app/build/LumaSense.build/Debug-iphonesimulator/LumaSense.build/Objects-normal/x86_64/ExtractedAppShortcutsMetadata.stringsdata --source-file-list /Users/apple/Desktop/【项目的游戏】/deliveries/obr_n_1778783313507_afbqdj/ios-app/build/LumaSense.build/Debug-iphonesimulator/LumaSense.build/Objects-normal/arm64/LumaSense.SwiftFileList --source-file-list /Users/apple/Desktop/【项目的游戏】/deliveries/obr_n_1778783313507_afbqdj/ios-app/build/LumaSense.build/Debug-iphonesimulator/LumaSense.build/Objects-normal/x86_64/LumaSense.SwiftFileList --metadata-file-list /Users/apple/Desktop/【项目的游戏】/deliveries/obr_n_1778783313507_afbqdj/ios-app/build/LumaSense.build/Debug-iphonesimulator/LumaSense.build/LumaSense.DependencyMetadataFileList --static-metadata-file-list /Users/apple/Desktop/【项目的游戏】/deliveries/obr_n_1778783313507_afbqdj/ios-app/build/LumaSense.build/Debug-iphonesimulator/LumaSense.build/LumaSense.DependencyStaticMetadataFileList --swift-const-vals-list /Users/apple/Desktop/【项目的游戏】/deliveries/obr_n_1778783313507_afbqdj/ios-app/build/LumaSense.build/Debug-iphonesimulator/LumaSense.build/Objects-normal/arm64/LumaSense.SwiftConstValuesFileList --swift-const-vals-list /Users/apple/Desktop/【项目的游戏】/deliveries/obr_n_1778783313507_afbqdj/ios-app/build/LumaSense.build/Debug-iphonesimulator/LumaSense.build/Objects-normal/x86_64/LumaSense.SwiftConstValuesFileList --compile-time-extraction --deployment-aware-processing --validate-assistant-intents --no-app-shortcuts-localization
2026-05-15 02:28:48.990 appintentsmetadataprocessor[72343:6766598] Starting appintentsmetadataprocessor export
2026-05-15 02:28:48.995 appintentsmetadataprocessor[72343:6766598] warning: Metadata extraction skipped. No AppIntents.framework dependency found.

AppIntentsSSUTraining (in target 'LumaSense' from project 'LumaSense')
    cd /Users/apple/Desktop/【项目的游戏】/deliveries/obr_n_1778783313507_afbqdj/ios-app
    /Applications/Xcode.app/Contents/Developer/Toolchains/XcodeDefault.xctoolchain/usr/bin/appintentsnltrainingprocessor --infoplist-path /Users/apple/Desktop/【项目的游戏】/deliveries/obr_n_1778783313507_afbqdj/ios-app/build/Debug-iphonesimulator/LumaSense.app/Info.plist --temp-dir-path /Users/apple/Desktop/【项目的游戏】/deliveries/obr_n_1778783313507_afbqdj/ios-app/build/LumaSense.build/Debug-iphonesimulator/LumaSense.build/ssu --bundle-id com.openbasaka.simplify.83313507afbqdj --product-path /Users/apple/Desktop/【项目的游戏】/deliveries/obr_n_1778783313507_afbqdj/ios-app/build/Debug-iphonesimulator/LumaSense.app --extracted-metadata-path /Users/apple/Desktop/【项目的游戏】/deliveries/obr_n_1778783313507_afbqdj/ios-app/build/Debug-iphonesimulator/LumaSense.app/Metadata.appintents --metadata-file-list /Users/apple/Desktop/【项目的游戏】/deliveries/obr_n_1778783313507_afbqdj/ios-app/build/LumaSense.build/Debug-iphonesimulator/LumaSense.build/LumaSense.DependencyMetadataFileList --source-file /Users/apple/Desktop/【项目的游戏】/deliveries/obr_n_1778783313507_afbqdj/ios-app/build/Debug-iphonesimulator/LumaSense.app/Info.plist --archive-ssu-assets
2026-05-15 02:28:49.017 appintentsnltrainingprocessor[72344:6766599] Parsing options for appintentsnltrainingprocessor
2026-05-15 02:28:49.017 appintentsnltrainingprocessor[72344:6766599] Starting AppIntents SSU YAML Generation
2026-05-15 02:28:49.019 appintentsnltrainingprocessor[72344:6766599] No AppShortcuts found - Skipping.

RegisterExecutionPolicyException /Users/apple/Desktop/【项目的游戏】/deliveries/obr_n_1778783313507_afbqdj/ios-app/build/Debug-iphonesimulator/LumaSense.app (in target 'LumaSense' from project 'LumaSense')
    cd /Users/apple/Desktop/【项目的游戏】/deliveries/obr_n_1778783313507_afbqdj/ios-app
    builtin-RegisterExecutionPolicyException /Users/apple/Desktop/【项目的游戏】/deliveries/obr_n_1778783313507_afbqdj/ios-app/build/Debug-iphonesimulator/LumaSense.app

Validate /Users/apple/Desktop/【项目的游戏】/deliveries/obr_n_1778783313507_afbqdj/ios-app/build/Debug-iphonesimulator/LumaSense.app (in target 'LumaSense' from project 'LumaSense')
    cd /Users/apple/Desktop/【项目的游戏】/deliveries/obr_n_1778783313507_afbqdj/ios-app
    builtin-validationUtility /Users/apple/Desktop/【项目的游戏】/deliveries/obr_n_1778783313507_afbqdj/ios-app/build/Debug-iphonesimulator/LumaSense.app -shallow-bundle -infoplist-subpath Info.plist

Touch /Users/apple/Desktop/【项目的游戏】/deliveries/obr_n_1778783313507_afbqdj/ios-app/build/Debug-iphonesimulator/LumaSense.app (in target 'LumaSense' from project 'LumaSense')
    cd /Users/apple/Desktop/【项目的游戏】/deliveries/obr_n_1778783313507_afbqdj/ios-app
    /usr/bin/touch -c /Users/apple/Desktop/【项目的游戏】/deliveries/obr_n_1778783313507_afbqdj/ios-app/build/Debug-iphonesimulator/LumaSense.app

warning: ONLY_ACTIVE_ARCH=YES requested with multiple ARCHS and no active architecture could be computed; building for all applicable architectures (in target 'LumaSense' from project 'LumaSense')
** BUILD SUCCEEDED **


$ xcrun simctl boot 1A663D5C-DA01-4514-9D26-47CBA1C20D89
An error was encountered processing the command (domain=com.apple.CoreSimulator.SimError, code=405):
Unable to boot device in current state: Booted

$ xcrun simctl bootstatus 1A663D5C-DA01-4514-9D26-47CBA1C20D89 -b
Monitoring boot status for iPhone 17 Pro Max (1A663D5C-DA01-4514-9D26-47CBA1C20D89).
Device already booted, nothing to do.


$ xcrun simctl terminate 1A663D5C-DA01-4514-9D26-47CBA1C20D89 com.openbasaka.simplify.83313507afbqdj
An error was encountered processing the command (domain=NSPOSIXErrorDomain, code=3):
Simulator device failed to terminate com.openbasaka.simplify.83313507afbqdj.
found nothing to terminate
Underlying error (domain=NSPOSIXErrorDomain, code=3):
	The request to terminate "com.openbasaka.simplify.83313507afbqdj" failed. found nothing to terminate
	found nothing to terminate

$ xcrun simctl uninstall 1A663D5C-DA01-4514-9D26-47CBA1C20D89 com.openbasaka.simplify.83313507afbqdj
$ xcrun simctl install 1A663D5C-DA01-4514-9D26-47CBA1C20D89 /Users/apple/Desktop/【项目的游戏】/deliveries/obr_n_1778783313507_afbqdj/ios-app/build/Debug-iphonesimulator/LumaSense.app
$ xcrun simctl ui 1A663D5C-DA01-4514-9D26-47CBA1C20D89 appearance dark
$ xcrun simctl launch 1A663D5C-DA01-4514-9D26-47CBA1C20D89 com.openbasaka.simplify.83313507afbqdj
com.openbasaka.simplify.83313507afbqdj: 72543

$ xcrun simctl io 1A663D5C-DA01-4514-9D26-47CBA1C20D89 screenshot /Users/apple/Desktop/【项目的游戏】/deliveries/obr_n_1778783313507_afbqdj/ios-app/artifacts/native-ios-simulator.png
Detected file type from extension: PNG
Note: No display specified. Defaulting to display: 343BDDD7-DD57-4E79-9EC3-C6F5123FDF2E (screenID: 1, name: LCD)
Wrote screenshot to: /Users/apple/Desktop/【项目的游戏】/deliveries/obr_n_1778783313507_afbqdj/ios-app/artifacts/native-ios-simulator.png

